[2026-02-12T19:32:34.702+08:00] Loading photon module in node environment
[2026-02-12T19:32:34.771+08:00] Photon loaded: @silvia-odwyer/photon-node (node)
[2026-02-12T19:32:34.888+08:00] resizeImg start, target size: 361x800
[2026-02-12T19:32:35.136+08:00] resizeImg done (Sharp), target size: 361x800, cost: 248ms
[2026-02-12T19:32:44.183+08:00] resizeImg start, target size: 361x800
[2026-02-12T19:32:44.364+08:00] resizeImg done (Sharp), target size: 361x800, cost: 181ms
[2026-02-12T19:32:45.594+08:00] resizeImg start, target size: 361x800
[2026-02-12T19:32:45.770+08:00] resizeImg done (Sharp), target size: 361x800, cost: 176ms
[2026-02-12T19:32:55.450+08:00] resizeImg start, target size: 361x800
[2026-02-12T19:32:55.628+08:00] resizeImg done (Sharp), target size: 361x800, cost: 178ms
[2026-02-12T19:33:06.646+08:00] resizeImg start, target size: 361x800
[2026-02-12T19:33:06.843+08:00] resizeImg done (Sharp), target size: 361x800, cost: 197ms
[2026-02-12T19:33:12.931+08:00] resizeImg start, target size: 361x800
[2026-02-12T19:33:13.108+08:00] resizeImg done (Sharp), target size: 361x800, cost: 177ms
[2026-02-12T19:33:14.119+08:00] resizeImg start, target size: 361x800
[2026-02-12T19:33:14.296+08:00] resizeImg done (Sharp), target size: 361x800, cost: 177ms
[2026-02-12T19:33:19.485+08:00] resizeImg start, target size: 361x800
[2026-02-12T19:33:19.654+08:00] resizeImg done (Sharp), target size: 361x800, cost: 169ms
[2026-02-12T19:33:27.994+08:00] resizeImg start, target size: 361x800
[2026-02-12T19:33:28.162+08:00] resizeImg done (Sharp), target size: 361x800, cost: 168ms
[2026-02-12T19:33:33.838+08:00] resizeImg start, target size: 361x800
[2026-02-12T19:33:34.002+08:00] resizeImg done (Sharp), target size: 361x800, cost: 164ms
[2026-02-12T19:33:35.106+08:00] resizeImg start, target size: 361x800
[2026-02-12T19:33:35.271+08:00] resizeImg done (Sharp), target size: 361x800, cost: 165ms
[2026-02-12T19:33:39.174+08:00] resizeImg start, target size: 361x800
[2026-02-12T19:33:39.341+08:00] resizeImg done (Sharp), target size: 361x800, cost: 167ms
[2026-02-12T19:33:40.420+08:00] resizeImg start, target size: 361x800
[2026-02-12T19:33:40.590+08:00] resizeImg done (Sharp), target size: 361x800, cost: 170ms
[2026-02-12T19:33:45.998+08:00] resizeImg start, target size: 361x800
[2026-02-12T19:33:46.162+08:00] resizeImg done (Sharp), target size: 361x800, cost: 164ms
[2026-02-12T19:33:47.212+08:00] resizeImg start, target size: 361x800
[2026-02-12T19:33:47.375+08:00] resizeImg done (Sharp), target size: 361x800, cost: 163ms
[2026-02-12T19:33:57.691+08:00] resizeImg start, target size: 361x800
[2026-02-12T19:33:57.862+08:00] resizeImg done (Sharp), target size: 361x800, cost: 171ms
[2026-02-12T19:33:58.926+08:00] resizeImg start, target size: 361x800
[2026-02-12T19:33:59.094+08:00] resizeImg done (Sharp), target size: 361x800, cost: 168ms
[2026-02-12T19:34:03.416+08:00] resizeImg start, target size: 361x800
[2026-02-12T19:34:03.584+08:00] resizeImg done (Sharp), target size: 361x800, cost: 168ms
[2026-02-12T19:34:04.644+08:00] resizeImg start, target size: 361x800
[2026-02-12T19:34:04.808+08:00] resizeImg done (Sharp), target size: 361x800, cost: 164ms
[2026-02-12T19:34:08.125+08:00] resizeImg start, target size: 361x800
[2026-02-12T19:34:08.287+08:00] resizeImg done (Sharp), target size: 361x800, cost: 162ms
[2026-02-12T19:34:09.359+08:00] resizeImg start, target size: 361x800
[2026-02-12T19:34:09.527+08:00] resizeImg done (Sharp), target size: 361x800, cost: 168ms
[2026-02-12T19:34:13.647+08:00] resizeImg start, target size: 361x800
[2026-02-12T19:34:13.815+08:00] resizeImg done (Sharp), target size: 361x800, cost: 168ms
[2026-02-12T19:34:14.879+08:00] resizeImg start, target size: 361x800
[2026-02-12T19:34:15.046+08:00] resizeImg done (Sharp), target size: 361x800, cost: 167ms
[2026-02-12T19:34:19.849+08:00] resizeImg start, target size: 361x800
[2026-02-12T19:34:20.010+08:00] resizeImg done (Sharp), target size: 361x800, cost: 161ms
[2026-02-12T19:34:21.080+08:00] resizeImg start, target size: 361x800
[2026-02-12T19:34:21.268+08:00] resizeImg done (Sharp), target size: 361x800, cost: 188ms
[2026-02-12T19:34:31.587+08:00] resizeImg start, target size: 361x800
[2026-02-12T19:34:31.754+08:00] resizeImg done (Sharp), target size: 361x800, cost: 167ms
[2026-02-12T19:34:32.834+08:00] resizeImg start, target size: 361x800
[2026-02-12T19:34:33.003+08:00] resizeImg done (Sharp), target size: 361x800, cost: 169ms
[2026-02-12T19:34:36.586+08:00] resizeImg start, target size: 361x800
[2026-02-12T19:34:36.755+08:00] resizeImg done (Sharp), target size: 361x800, cost: 169ms
[2026-02-12T19:34:37.850+08:00] resizeImg start, target size: 361x800
[2026-02-12T19:34:38.015+08:00] resizeImg done (Sharp), target size: 361x800, cost: 165ms
[2026-02-12T19:34:41.809+08:00] resizeImg start, target size: 361x800
[2026-02-12T19:34:41.974+08:00] resizeImg done (Sharp), target size: 361x800, cost: 165ms
[2026-02-12T19:34:43.040+08:00] resizeImg start, target size: 361x800
[2026-02-12T19:34:43.211+08:00] resizeImg done (Sharp), target size: 361x800, cost: 171ms
[2026-02-12T19:34:47.427+08:00] resizeImg start, target size: 361x800
[2026-02-12T19:34:47.594+08:00] resizeImg done (Sharp), target size: 361x800, cost: 167ms
[2026-02-12T19:34:48.670+08:00] resizeImg start, target size: 361x800
[2026-02-12T19:34:48.860+08:00] resizeImg done (Sharp), target size: 361x800, cost: 190ms
[2026-02-12T19:34:51.853+08:00] resizeImg start, target size: 361x800
[2026-02-12T19:34:52.021+08:00] resizeImg done (Sharp), target size: 361x800, cost: 168ms
[2026-02-12T19:34:52.153+08:00] resizeImg start, target size: 361x800
[2026-02-12T19:34:52.319+08:00] resizeImg done (Sharp), target size: 361x800, cost: 166ms
[2026-02-12T19:34:53.099+08:00] resizeImg start, target size: 361x800
[2026-02-12T19:34:53.266+08:00] resizeImg done (Sharp), target size: 361x800, cost: 167ms
[2026-02-12T19:34:59.221+08:00] resizeImg start, target size: 361x800
[2026-02-12T19:34:59.392+08:00] resizeImg done (Sharp), target size: 361x800, cost: 171ms
[2026-02-12T19:35:00.476+08:00] resizeImg start, target size: 361x800
[2026-02-12T19:35:00.638+08:00] resizeImg start, target size: 361x800
[2026-02-12T19:35:00.641+08:00] resizeImg done (Sharp), target size: 361x800, cost: 165ms
[2026-02-12T19:35:00.826+08:00] resizeImg done (Sharp), target size: 361x800, cost: 188ms
[2026-02-12T19:35:01.909+08:00] resizeImg start, target size: 361x800
[2026-02-12T19:35:02.084+08:00] resizeImg done (Sharp), target size: 361x800, cost: 175ms
[2026-02-12T19:35:06.885+08:00] resizeImg start, target size: 361x800
[2026-02-12T19:35:07.049+08:00] resizeImg done (Sharp), target size: 361x800, cost: 164ms
[2026-02-12T19:35:07.608+08:00] resizeImg start, target size: 361x800
[2026-02-12T19:35:07.773+08:00] resizeImg done (Sharp), target size: 361x800, cost: 165ms
[2026-02-12T19:35:08.115+08:00] resizeImg start, target size: 361x800
[2026-02-12T19:35:08.282+08:00] resizeImg done (Sharp), target size: 361x800, cost: 167ms
[2026-02-12T19:35:08.840+08:00] resizeImg start, target size: 361x800
[2026-02-12T19:35:09.030+08:00] resizeImg done (Sharp), target size: 361x800, cost: 190ms
[2026-02-12T19:35:15.818+08:00] resizeImg start, target size: 361x800
[2026-02-12T19:35:15.984+08:00] resizeImg done (Sharp), target size: 361x800, cost: 166ms
[2026-02-12T19:35:16.121+08:00] resizeImg start, target size: 361x800
[2026-02-12T19:35:16.286+08:00] resizeImg done (Sharp), target size: 361x800, cost: 165ms
[2026-02-12T19:35:17.053+08:00] resizeImg start, target size: 361x800
[2026-02-12T19:35:17.222+08:00] resizeImg done (Sharp), target size: 361x800, cost: 169ms
[2026-02-12T19:35:17.366+08:00] resizeImg start, target size: 361x800
[2026-02-12T19:35:17.544+08:00] resizeImg done (Sharp), target size: 361x800, cost: 178ms
[2026-02-12T19:35:20.731+08:00] resizeImg start, target size: 361x800
[2026-02-12T19:35:20.896+08:00] resizeImg done (Sharp), target size: 361x800, cost: 165ms
[2026-02-12T19:35:21.077+08:00] resizeImg start, target size: 361x800
[2026-02-12T19:35:21.243+08:00] resizeImg done (Sharp), target size: 361x800, cost: 166ms
[2026-02-12T19:35:21.966+08:00] resizeImg start, target size: 361x800
[2026-02-12T19:35:22.134+08:00] resizeImg done (Sharp), target size: 361x800, cost: 167ms
[2026-02-12T19:35:22.308+08:00] resizeImg start, target size: 361x800
[2026-02-12T19:35:22.472+08:00] resizeImg done (Sharp), target size: 361x800, cost: 164ms
[2026-02-12T19:35:25.644+08:00] resizeImg start, target size: 361x800
[2026-02-12T19:35:25.810+08:00] resizeImg done (Sharp), target size: 361x800, cost: 166ms
[2026-02-12T19:35:26.558+08:00] resizeImg start, target size: 361x800
[2026-02-12T19:35:26.753+08:00] resizeImg done (Sharp), target size: 361x800, cost: 195ms
[2026-02-12T19:35:26.888+08:00] resizeImg start, target size: 361x800
[2026-02-12T19:35:27.057+08:00] resizeImg done (Sharp), target size: 361x800, cost: 169ms
[2026-02-12T19:35:27.835+08:00] resizeImg start, target size: 361x800
[2026-02-12T19:35:28.004+08:00] resizeImg done (Sharp), target size: 361x800, cost: 169ms
[2026-02-12T19:35:31.993+08:00] resizeImg start, target size: 361x800
[2026-02-12T19:35:32.157+08:00] resizeImg done (Sharp), target size: 361x800, cost: 164ms
[2026-02-12T19:35:33.244+08:00] resizeImg start, target size: 361x800
[2026-02-12T19:35:33.410+08:00] resizeImg done (Sharp), target size: 361x800, cost: 166ms
[2026-02-12T19:35:33.723+08:00] resizeImg start, target size: 361x800
[2026-02-12T19:35:33.888+08:00] resizeImg done (Sharp), target size: 361x800, cost: 165ms
[2026-02-12T19:35:34.977+08:00] resizeImg start, target size: 361x800
[2026-02-12T19:35:35.142+08:00] resizeImg done (Sharp), target size: 361x800, cost: 165ms
[2026-02-12T19:35:37.300+08:00] resizeImg start, target size: 361x800
[2026-02-12T19:35:37.466+08:00] resizeImg done (Sharp), target size: 361x800, cost: 166ms
[2026-02-12T19:35:38.543+08:00] resizeImg start, target size: 361x800
[2026-02-12T19:35:38.719+08:00] resizeImg done (Sharp), target size: 361x800, cost: 176ms
[2026-02-12T19:35:39.226+08:00] resizeImg start, target size: 361x800
[2026-02-12T19:35:39.395+08:00] resizeImg done (Sharp), target size: 361x800, cost: 168ms
[2026-02-12T19:35:40.475+08:00] resizeImg start, target size: 361x800
[2026-02-12T19:35:40.638+08:00] resizeImg done (Sharp), target size: 361x800, cost: 163ms
[2026-02-12T19:35:42.330+08:00] resizeImg start, target size: 361x800
[2026-02-12T19:35:42.494+08:00] resizeImg done (Sharp), target size: 361x800, cost: 164ms
[2026-02-12T19:35:43.566+08:00] resizeImg start, target size: 361x800
[2026-02-12T19:35:43.732+08:00] resizeImg done (Sharp), target size: 361x800, cost: 166ms
[2026-02-12T19:35:45.171+08:00] resizeImg start, target size: 361x800
[2026-02-12T19:35:45.372+08:00] resizeImg done (Sharp), target size: 361x800, cost: 201ms
[2026-02-12T19:35:46.470+08:00] resizeImg start, target size: 361x800
[2026-02-12T19:35:46.637+08:00] resizeImg done (Sharp), target size: 361x800, cost: 167ms
[2026-02-12T19:35:49.195+08:00] resizeImg start, target size: 361x800
[2026-02-12T19:35:49.375+08:00] resizeImg done (Sharp), target size: 361x800, cost: 180ms
[2026-02-12T19:35:50.456+08:00] resizeImg start, target size: 361x800
[2026-02-12T19:35:50.625+08:00] resizeImg done (Sharp), target size: 361x800, cost: 169ms
[2026-02-12T19:35:58.552+08:00] resizeImg start, target size: 361x800
[2026-02-12T19:35:58.727+08:00] resizeImg done (Sharp), target size: 361x800, cost: 175ms
[2026-02-12T19:35:59.729+08:00] resizeImg start, target size: 361x800
[2026-02-12T19:35:59.893+08:00] resizeImg done (Sharp), target size: 361x800, cost: 164ms
[2026-02-12T19:36:06.521+08:00] resizeImg start, target size: 361x800
[2026-02-12T19:36:06.698+08:00] resizeImg done (Sharp), target size: 361x800, cost: 177ms
[2026-02-12T19:36:07.773+08:00] resizeImg start, target size: 361x800
[2026-02-12T19:36:07.939+08:00] resizeImg done (Sharp), target size: 361x800, cost: 166ms
[2026-02-12T19:36:12.537+08:00] resizeImg start, target size: 361x800
[2026-02-12T19:36:12.711+08:00] resizeImg done (Sharp), target size: 361x800, cost: 174ms
[2026-02-12T19:36:13.801+08:00] resizeImg start, target size: 361x800
[2026-02-12T19:36:13.976+08:00] resizeImg done (Sharp), target size: 361x800, cost: 175ms
[2026-02-12T19:36:18.920+08:00] resizeImg start, target size: 361x800
[2026-02-12T19:36:19.086+08:00] resizeImg done (Sharp), target size: 361x800, cost: 166ms
[2026-02-12T19:36:20.170+08:00] resizeImg start, target size: 361x800
[2026-02-12T19:36:20.348+08:00] resizeImg done (Sharp), target size: 361x800, cost: 178ms
[2026-02-12T19:36:22.827+08:00] resizeImg start, target size: 361x800
[2026-02-12T19:36:23.008+08:00] resizeImg done (Sharp), target size: 361x800, cost: 181ms
[2026-02-12T19:36:24.921+08:00] resizeImg start, target size: 361x800
[2026-02-12T19:36:25.105+08:00] resizeImg done (Sharp), target size: 361x800, cost: 184ms
[2026-02-12T19:36:26.206+08:00] resizeImg start, target size: 361x800
[2026-02-12T19:36:26.391+08:00] resizeImg done (Sharp), target size: 361x800, cost: 185ms
[2026-02-12T19:36:29.703+08:00] resizeImg start, target size: 361x800
[2026-02-12T19:36:29.865+08:00] resizeImg done (Sharp), target size: 361x800, cost: 162ms
[2026-02-12T19:36:30.893+08:00] resizeImg start, target size: 361x800
[2026-02-12T19:36:30.938+08:00] resizeImg start, target size: 361x800
[2026-02-12T19:36:31.076+08:00] resizeImg done (Sharp), target size: 361x800, cost: 183ms
[2026-02-12T19:36:31.115+08:00] resizeImg done (Sharp), target size: 361x800, cost: 177ms
[2026-02-12T19:36:32.176+08:00] resizeImg start, target size: 361x800
[2026-02-12T19:36:32.352+08:00] resizeImg done (Sharp), target size: 361x800, cost: 176ms
[2026-02-12T19:36:35.210+08:00] resizeImg start, target size: 361x800
[2026-02-12T19:36:35.374+08:00] resizeImg done (Sharp), target size: 361x800, cost: 164ms
[2026-02-12T19:36:36.466+08:00] resizeImg start, target size: 361x800
[2026-02-12T19:36:36.627+08:00] resizeImg done (Sharp), target size: 361x800, cost: 161ms
[2026-02-12T19:36:38.029+08:00] resizeImg start, target size: 361x800
[2026-02-12T19:36:38.206+08:00] resizeImg done (Sharp), target size: 361x800, cost: 177ms
[2026-02-12T19:36:39.303+08:00] resizeImg start, target size: 361x800
[2026-02-12T19:36:39.469+08:00] resizeImg done (Sharp), target size: 361x800, cost: 166ms
[2026-02-12T19:36:41.094+08:00] resizeImg start, target size: 361x800
[2026-02-12T19:36:41.273+08:00] resizeImg done (Sharp), target size: 361x800, cost: 179ms
[2026-02-12T19:36:42.367+08:00] resizeImg start, target size: 361x800
[2026-02-12T19:36:42.535+08:00] resizeImg done (Sharp), target size: 361x800, cost: 168ms
[2026-02-12T19:36:43.436+08:00] resizeImg start, target size: 361x800
[2026-02-12T19:36:43.615+08:00] resizeImg done (Sharp), target size: 361x800, cost: 179ms
[2026-02-12T19:36:44.705+08:00] resizeImg start, target size: 361x800
[2026-02-12T19:36:44.869+08:00] resizeImg done (Sharp), target size: 361x800, cost: 164ms
[2026-02-12T19:36:46.231+08:00] resizeImg start, target size: 361x800
[2026-02-12T19:36:46.393+08:00] resizeImg done (Sharp), target size: 361x800, cost: 162ms
[2026-02-12T19:36:47.467+08:00] resizeImg start, target size: 361x800
[2026-02-12T19:36:47.636+08:00] resizeImg done (Sharp), target size: 361x800, cost: 169ms
[2026-02-12T19:36:49.815+08:00] resizeImg start, target size: 361x800
[2026-02-12T19:36:49.982+08:00] resizeImg done (Sharp), target size: 361x800, cost: 167ms
[2026-02-12T19:36:51.080+08:00] resizeImg start, target size: 361x800
[2026-02-12T19:36:51.246+08:00] resizeImg done (Sharp), target size: 361x800, cost: 166ms
[2026-02-12T19:36:51.430+08:00] resizeImg start, target size: 361x800
[2026-02-12T19:36:51.618+08:00] resizeImg done (Sharp), target size: 361x800, cost: 188ms
[2026-02-12T19:36:52.715+08:00] resizeImg start, target size: 361x800
[2026-02-12T19:36:52.884+08:00] resizeImg done (Sharp), target size: 361x800, cost: 169ms
[2026-02-12T19:36:53.796+08:00] resizeImg start, target size: 361x800
[2026-02-12T19:36:53.983+08:00] resizeImg done (Sharp), target size: 361x800, cost: 187ms
[2026-02-12T19:36:55.954+08:00] resizeImg start, target size: 361x800
[2026-02-12T19:36:56.140+08:00] resizeImg done (Sharp), target size: 361x800, cost: 186ms
[2026-02-12T19:36:56.871+08:00] resizeImg start, target size: 361x800
[2026-02-12T19:36:57.039+08:00] resizeImg done (Sharp), target size: 361x800, cost: 168ms
[2026-02-12T19:36:57.217+08:00] resizeImg start, target size: 361x800
[2026-02-12T19:36:57.390+08:00] resizeImg done (Sharp), target size: 361x800, cost: 173ms
[2026-02-12T19:36:58.121+08:00] resizeImg start, target size: 361x800
[2026-02-12T19:36:58.288+08:00] resizeImg done (Sharp), target size: 361x800, cost: 167ms
[2026-02-12T19:37:01.137+08:00] resizeImg start, target size: 361x800
[2026-02-12T19:37:01.306+08:00] resizeImg done (Sharp), target size: 361x800, cost: 169ms
[2026-02-12T19:37:02.396+08:00] resizeImg start, target size: 361x800
[2026-02-12T19:37:02.559+08:00] resizeImg done (Sharp), target size: 361x800, cost: 163ms
[2026-02-12T19:37:03.425+08:00] resizeImg start, target size: 361x800
[2026-02-12T19:37:03.594+08:00] resizeImg done (Sharp), target size: 361x800, cost: 169ms
[2026-02-12T19:37:04.694+08:00] resizeImg start, target size: 361x800
[2026-02-12T19:37:04.856+08:00] resizeImg done (Sharp), target size: 361x800, cost: 162ms
[2026-02-12T19:37:08.348+08:00] resizeImg start, target size: 361x800
[2026-02-12T19:37:08.512+08:00] resizeImg done (Sharp), target size: 361x800, cost: 164ms
[2026-02-12T19:37:09.613+08:00] resizeImg start, target size: 361x800
[2026-02-12T19:37:09.784+08:00] resizeImg start, target size: 361x800
[2026-02-12T19:37:09.784+08:00] resizeImg done (Sharp), target size: 361x800, cost: 171ms
[2026-02-12T19:37:10.014+08:00] resizeImg done (Sharp), target size: 361x800, cost: 230ms
[2026-02-12T19:37:11.111+08:00] resizeImg start, target size: 361x800
[2026-02-12T19:37:11.277+08:00] resizeImg done (Sharp), target size: 361x800, cost: 166ms
[2026-02-12T19:37:13.349+08:00] resizeImg start, target size: 361x800
[2026-02-12T19:37:13.526+08:00] resizeImg done (Sharp), target size: 361x800, cost: 177ms
[2026-02-12T19:37:14.616+08:00] resizeImg start, target size: 361x800
[2026-02-12T19:37:14.782+08:00] resizeImg done (Sharp), target size: 361x800, cost: 166ms
[2026-02-12T19:37:15.886+08:00] resizeImg start, target size: 361x800
[2026-02-12T19:37:16.050+08:00] resizeImg done (Sharp), target size: 361x800, cost: 164ms
[2026-02-12T19:37:17.151+08:00] resizeImg start, target size: 361x800
[2026-02-12T19:37:17.319+08:00] resizeImg done (Sharp), target size: 361x800, cost: 168ms
[2026-02-12T19:37:19.197+08:00] resizeImg start, target size: 361x800
[2026-02-12T19:37:19.397+08:00] resizeImg done (Sharp), target size: 361x800, cost: 200ms
[2026-02-12T19:37:20.495+08:00] resizeImg start, target size: 361x800
[2026-02-12T19:37:20.661+08:00] resizeImg done (Sharp), target size: 361x800, cost: 166ms
[2026-02-12T19:37:22.874+08:00] resizeImg start, target size: 361x800
[2026-02-12T19:37:23.037+08:00] resizeImg done (Sharp), target size: 361x800, cost: 163ms
[2026-02-12T19:37:24.147+08:00] resizeImg start, target size: 361x800
[2026-02-12T19:37:24.321+08:00] resizeImg done (Sharp), target size: 361x800, cost: 174ms
[2026-02-12T19:37:27.300+08:00] resizeImg start, target size: 361x800
[2026-02-12T19:37:27.470+08:00] resizeImg done (Sharp), target size: 361x800, cost: 170ms
[2026-02-12T19:37:27.659+08:00] resizeImg start, target size: 361x800
[2026-02-12T19:37:27.831+08:00] resizeImg done (Sharp), target size: 361x800, cost: 172ms
[2026-02-12T19:37:28.578+08:00] resizeImg start, target size: 361x800
[2026-02-12T19:37:28.751+08:00] resizeImg done (Sharp), target size: 361x800, cost: 173ms
[2026-02-12T19:37:28.928+08:00] resizeImg start, target size: 361x800
[2026-02-12T19:37:29.092+08:00] resizeImg done (Sharp), target size: 361x800, cost: 164ms
[2026-02-12T19:37:32.711+08:00] resizeImg start, target size: 361x800
[2026-02-12T19:37:32.720+08:00] resizeImg start, target size: 361x800
[2026-02-12T19:37:32.897+08:00] resizeImg done (Sharp), target size: 361x800, cost: 177ms
[2026-02-12T19:37:32.953+08:00] resizeImg done (Sharp), target size: 361x800, cost: 242ms
[2026-02-12T19:37:34.034+08:00] resizeImg start, target size: 361x800
[2026-02-12T19:37:34.053+08:00] resizeImg start, target size: 361x800
[2026-02-12T19:37:34.206+08:00] resizeImg done (Sharp), target size: 361x800, cost: 172ms
[2026-02-12T19:37:34.279+08:00] resizeImg done (Sharp), target size: 361x800, cost: 226ms
[2026-02-12T19:37:38.040+08:00] resizeImg start, target size: 361x800
[2026-02-12T19:37:38.218+08:00] resizeImg done (Sharp), target size: 361x800, cost: 178ms
[2026-02-12T19:37:39.336+08:00] resizeImg start, target size: 361x800
[2026-02-12T19:37:39.366+08:00] resizeImg start, target size: 361x800
[2026-02-12T19:37:39.543+08:00] resizeImg done (Sharp), target size: 361x800, cost: 207ms
[2026-02-12T19:37:39.624+08:00] resizeImg done (Sharp), target size: 361x800, cost: 258ms
[2026-02-12T19:37:40.740+08:00] resizeImg start, target size: 361x800
[2026-02-12T19:37:40.903+08:00] resizeImg done (Sharp), target size: 361x800, cost: 163ms
[2026-02-12T19:37:44.425+08:00] resizeImg start, target size: 361x800
[2026-02-12T19:37:44.598+08:00] resizeImg start, target size: 361x800
[2026-02-12T19:37:44.599+08:00] resizeImg done (Sharp), target size: 361x800, cost: 174ms
[2026-02-12T19:37:44.829+08:00] resizeImg done (Sharp), target size: 361x800, cost: 231ms
[2026-02-12T19:37:45.734+08:00] resizeImg start, target size: 361x800
[2026-02-12T19:37:45.902+08:00] resizeImg done (Sharp), target size: 361x800, cost: 168ms
[2026-02-12T19:37:45.979+08:00] resizeImg start, target size: 361x800
[2026-02-12T19:37:46.148+08:00] resizeImg done (Sharp), target size: 361x800, cost: 169ms
[2026-02-12T19:37:49.725+08:00] resizeImg start, target size: 361x800
[2026-02-12T19:37:49.889+08:00] resizeImg done (Sharp), target size: 361x800, cost: 164ms
[2026-02-12T19:37:50.951+08:00] resizeImg start, target size: 361x800
[2026-02-12T19:37:50.991+08:00] resizeImg start, target size: 361x800
[2026-02-12T19:37:51.127+08:00] resizeImg done (Sharp), target size: 361x800, cost: 175ms
[2026-02-12T19:37:51.190+08:00] resizeImg done (Sharp), target size: 361x800, cost: 199ms
[2026-02-12T19:37:52.242+08:00] resizeImg start, target size: 361x800
[2026-02-12T19:37:52.408+08:00] resizeImg done (Sharp), target size: 361x800, cost: 166ms
[2026-02-12T19:37:55.594+08:00] resizeImg start, target size: 361x800
[2026-02-12T19:37:55.757+08:00] resizeImg done (Sharp), target size: 361x800, cost: 163ms
[2026-02-12T19:37:56.883+08:00] resizeImg start, target size: 361x800
[2026-02-12T19:37:57.048+08:00] resizeImg done (Sharp), target size: 361x800, cost: 165ms
[2026-02-12T19:37:57.160+08:00] resizeImg start, target size: 361x800
[2026-02-12T19:37:57.165+08:00] resizeImg start, target size: 361x800
[2026-02-12T19:37:57.337+08:00] resizeImg done (Sharp), target size: 361x800, cost: 177ms
[2026-02-12T19:37:57.344+08:00] resizeImg done (Sharp), target size: 361x800, cost: 179ms
[2026-02-12T19:37:58.439+08:00] resizeImg start, target size: 361x800
[2026-02-12T19:37:58.618+08:00] resizeImg done (Sharp), target size: 361x800, cost: 179ms
[2026-02-12T19:38:02.243+08:00] resizeImg start, target size: 361x800
[2026-02-12T19:38:02.410+08:00] resizeImg done (Sharp), target size: 361x800, cost: 167ms
[2026-02-12T19:38:03.527+08:00] resizeImg start, target size: 361x800
[2026-02-12T19:38:03.689+08:00] resizeImg done (Sharp), target size: 361x800, cost: 162ms
[2026-02-12T19:38:05.182+08:00] resizeImg start, target size: 361x800
[2026-02-12T19:38:05.355+08:00] resizeImg done (Sharp), target size: 361x800, cost: 173ms
[2026-02-12T19:38:05.875+08:00] resizeImg start, target size: 361x800
[2026-02-12T19:38:06.038+08:00] resizeImg done (Sharp), target size: 361x800, cost: 163ms
[2026-02-12T19:38:09.842+08:00] resizeImg start, target size: 361x800
[2026-02-12T19:38:10.015+08:00] resizeImg done (Sharp), target size: 361x800, cost: 173ms
[2026-02-12T19:38:17.977+08:00] resizeImg start, target size: 361x800
[2026-02-12T19:38:18.143+08:00] resizeImg done (Sharp), target size: 361x800, cost: 166ms
[2026-02-12T19:38:18.290+08:00] resizeImg start, target size: 361x800
[2026-02-12T19:38:18.457+08:00] resizeImg done (Sharp), target size: 361x800, cost: 167ms
[2026-02-12T19:38:19.584+08:00] resizeImg start, target size: 361x800
[2026-02-12T19:38:19.764+08:00] resizeImg done (Sharp), target size: 361x800, cost: 180ms
[2026-02-12T19:38:22.784+08:00] resizeImg start, target size: 361x800
[2026-02-12T19:38:22.969+08:00] resizeImg done (Sharp), target size: 361x800, cost: 185ms
[2026-02-12T19:38:24.085+08:00] resizeImg start, target size: 361x800
[2026-02-12T19:38:24.249+08:00] resizeImg done (Sharp), target size: 361x800, cost: 164ms
[2026-02-12T19:38:28.773+08:00] resizeImg start, target size: 361x800
[2026-02-12T19:38:28.934+08:00] resizeImg done (Sharp), target size: 361x800, cost: 161ms
[2026-02-12T19:38:29.675+08:00] resizeImg start, target size: 361x800
[2026-02-12T19:38:29.840+08:00] resizeImg done (Sharp), target size: 361x800, cost: 165ms
[2026-02-12T19:38:30.954+08:00] resizeImg start, target size: 361x800
[2026-02-12T19:38:31.138+08:00] resizeImg done (Sharp), target size: 361x800, cost: 184ms
[2026-02-12T19:38:35.476+08:00] resizeImg start, target size: 361x800
[2026-02-12T19:38:35.639+08:00] resizeImg done (Sharp), target size: 361x800, cost: 163ms
[2026-02-12T19:38:36.309+08:00] resizeImg start, target size: 361x800
[2026-02-12T19:38:36.476+08:00] resizeImg done (Sharp), target size: 361x800, cost: 167ms
[2026-02-12T19:38:36.762+08:00] resizeImg start, target size: 361x800
[2026-02-12T19:38:36.950+08:00] resizeImg done (Sharp), target size: 361x800, cost: 188ms
[2026-02-12T19:38:44.081+08:00] resizeImg start, target size: 361x800
[2026-02-12T19:38:44.247+08:00] resizeImg done (Sharp), target size: 361x800, cost: 166ms
[2026-02-12T19:38:45.485+08:00] resizeImg start, target size: 361x800
[2026-02-12T19:38:45.659+08:00] resizeImg done (Sharp), target size: 361x800, cost: 174ms
[2026-02-12T19:38:51.919+08:00] resizeImg start, target size: 361x800
[2026-02-12T19:38:52.096+08:00] resizeImg done (Sharp), target size: 361x800, cost: 177ms
[2026-02-12T19:39:35.067+08:00] resizeImg start, target size: 361x800
[2026-02-12T19:39:35.236+08:00] resizeImg done (Sharp), target size: 361x800, cost: 169ms
[2026-02-12T19:39:41.296+08:00] resizeImg start, target size: 361x800
[2026-02-12T19:39:41.465+08:00] resizeImg done (Sharp), target size: 361x800, cost: 169ms
[2026-02-12T19:39:42.679+08:00] resizeImg start, target size: 361x800
[2026-02-12T19:39:42.869+08:00] resizeImg done (Sharp), target size: 361x800, cost: 190ms
[2026-02-12T19:39:58.924+08:00] resizeImg start, target size: 361x800
[2026-02-12T19:39:59.086+08:00] resizeImg done (Sharp), target size: 361x800, cost: 162ms
[2026-02-12T19:40:29.633+08:00] resizeImg start, target size: 361x800
[2026-02-12T19:40:29.795+08:00] resizeImg done (Sharp), target size: 361x800, cost: 162ms
[2026-02-12T19:40:37.122+08:00] resizeImg start, target size: 361x800
[2026-02-12T19:40:37.289+08:00] resizeImg done (Sharp), target size: 361x800, cost: 167ms
[2026-02-12T19:40:38.381+08:00] resizeImg start, target size: 361x800
[2026-02-12T19:40:38.560+08:00] resizeImg done (Sharp), target size: 361x800, cost: 179ms
[2026-02-12T19:40:43.494+08:00] resizeImg start, target size: 361x800
[2026-02-12T19:40:43.657+08:00] resizeImg done (Sharp), target size: 361x800, cost: 163ms
[2026-02-12T19:40:44.769+08:00] resizeImg start, target size: 361x800
[2026-02-12T19:40:44.935+08:00] resizeImg done (Sharp), target size: 361x800, cost: 166ms
[2026-02-12T19:41:04.816+08:00] resizeImg start, target size: 361x800
[2026-02-12T19:41:05.021+08:00] resizeImg done (Sharp), target size: 361x800, cost: 205ms
[2026-02-12T20:14:34.673+08:00] Loading photon module in node environment
[2026-02-12T20:14:34.720+08:00] Photon loaded: @silvia-odwyer/photon-node (node)
[2026-02-12T20:14:34.821+08:00] resizeImg start, target size: 361x800
[2026-02-12T20:14:35.072+08:00] resizeImg done (Sharp), target size: 361x800, cost: 251ms
[2026-02-12T20:14:50.543+08:00] resizeImg start, target size: 361x800
[2026-02-12T20:14:50.705+08:00] resizeImg done (Sharp), target size: 361x800, cost: 162ms
[2026-02-12T20:14:51.761+08:00] resizeImg start, target size: 361x800
[2026-02-12T20:14:51.932+08:00] resizeImg done (Sharp), target size: 361x800, cost: 170ms
[2026-02-12T20:14:56.864+08:00] resizeImg start, target size: 361x800
[2026-02-12T20:14:57.028+08:00] resizeImg done (Sharp), target size: 361x800, cost: 164ms
[2026-02-12T20:15:15.716+08:00] resizeImg start, target size: 361x800
[2026-02-12T20:15:15.893+08:00] resizeImg done (Sharp), target size: 361x800, cost: 177ms
[2026-02-12T20:15:24.383+08:00] resizeImg start, target size: 361x800
[2026-02-12T20:15:24.546+08:00] resizeImg done (Sharp), target size: 361x800, cost: 163ms
[2026-02-12T20:15:25.622+08:00] resizeImg start, target size: 361x800
[2026-02-12T20:15:25.794+08:00] resizeImg done (Sharp), target size: 361x800, cost: 172ms
[2026-02-12T20:15:31.533+08:00] resizeImg start, target size: 361x800
[2026-02-12T20:15:31.702+08:00] resizeImg done (Sharp), target size: 361x800, cost: 169ms
[2026-02-12T20:15:42.038+08:00] resizeImg start, target size: 361x800
[2026-02-12T20:15:42.202+08:00] resizeImg done (Sharp), target size: 361x800, cost: 164ms
[2026-02-12T20:15:50.023+08:00] resizeImg start, target size: 361x800
[2026-02-12T20:15:50.188+08:00] resizeImg done (Sharp), target size: 361x800, cost: 165ms
[2026-02-12T20:15:52.579+08:00] resizeImg start, target size: 361x800
[2026-02-12T20:15:52.743+08:00] resizeImg done (Sharp), target size: 361x800, cost: 164ms
[2026-02-12T20:16:04.012+08:00] resizeImg start, target size: 361x800
[2026-02-12T20:16:04.174+08:00] resizeImg done (Sharp), target size: 361x800, cost: 162ms
[2026-02-12T20:16:16.029+08:00] resizeImg start, target size: 361x800
[2026-02-12T20:16:16.194+08:00] resizeImg done (Sharp), target size: 361x800, cost: 165ms
[2026-02-12T20:16:28.313+08:00] resizeImg start, target size: 361x800
[2026-02-12T20:16:28.478+08:00] resizeImg done (Sharp), target size: 361x800, cost: 165ms
[2026-02-12T20:16:29.540+08:00] resizeImg start, target size: 361x800
[2026-02-12T20:16:29.704+08:00] resizeImg done (Sharp), target size: 361x800, cost: 164ms
[2026-02-12T20:16:35.397+08:00] resizeImg start, target size: 361x800
[2026-02-12T20:16:35.574+08:00] resizeImg done (Sharp), target size: 361x800, cost: 177ms
[2026-02-12T20:17:03.365+08:00] resizeImg start, target size: 361x800
[2026-02-12T20:17:03.541+08:00] resizeImg done (Sharp), target size: 361x800, cost: 176ms
[2026-02-12T20:17:08.889+08:00] resizeImg start, target size: 361x800
[2026-02-12T20:17:09.054+08:00] resizeImg done (Sharp), target size: 361x800, cost: 165ms
[2026-02-12T20:17:10.135+08:00] resizeImg start, target size: 361x800
[2026-02-12T20:17:10.299+08:00] resizeImg done (Sharp), target size: 361x800, cost: 164ms
[2026-02-12T20:17:14.492+08:00] resizeImg start, target size: 361x800
[2026-02-12T20:17:14.657+08:00] resizeImg done (Sharp), target size: 361x800, cost: 165ms
[2026-02-12T20:17:15.704+08:00] resizeImg start, target size: 361x800
[2026-02-12T20:17:15.871+08:00] resizeImg done (Sharp), target size: 361x800, cost: 167ms
[2026-02-12T20:17:19.502+08:00] resizeImg start, target size: 361x800
[2026-02-12T20:17:19.667+08:00] resizeImg done (Sharp), target size: 361x800, cost: 165ms
[2026-02-12T20:17:20.720+08:00] resizeImg start, target size: 361x800
[2026-02-12T20:17:20.883+08:00] resizeImg done (Sharp), target size: 361x800, cost: 163ms
[2026-02-12T20:19:07.803+08:00] resizeImg start, target size: 361x800
[2026-02-12T20:19:07.977+08:00] resizeImg done (Sharp), target size: 361x800, cost: 174ms
[2026-02-12T20:19:16.593+08:00] resizeImg start, target size: 361x800
[2026-02-12T20:19:16.772+08:00] resizeImg done (Sharp), target size: 361x800, cost: 179ms
[2026-02-12T20:19:19.232+08:00] resizeImg start, target size: 361x800
[2026-02-12T20:19:19.396+08:00] resizeImg done (Sharp), target size: 361x800, cost: 164ms
[2026-02-12T20:19:24.527+08:00] resizeImg start, target size: 361x800
[2026-02-12T20:19:24.692+08:00] resizeImg done (Sharp), target size: 361x800, cost: 165ms
[2026-02-12T20:19:39.676+08:00] resizeImg start, target size: 361x800
[2026-02-12T20:19:39.837+08:00] resizeImg done (Sharp), target size: 361x800, cost: 161ms
[2026-02-12T20:19:47.355+08:00] resizeImg start, target size: 361x800
[2026-02-12T20:19:47.526+08:00] resizeImg done (Sharp), target size: 361x800, cost: 171ms
[2026-02-12T20:19:48.592+08:00] resizeImg start, target size: 361x800
[2026-02-12T20:19:48.756+08:00] resizeImg done (Sharp), target size: 361x800, cost: 164ms
[2026-02-12T20:19:58.417+08:00] resizeImg start, target size: 361x800
[2026-02-12T20:19:58.581+08:00] resizeImg done (Sharp), target size: 361x800, cost: 164ms
[2026-02-12T20:20:12.435+08:00] resizeImg start, target size: 361x800
[2026-02-12T20:20:12.600+08:00] resizeImg done (Sharp), target size: 361x800, cost: 165ms
[2026-02-12T20:20:16.968+08:00] resizeImg start, target size: 361x800
[2026-02-12T20:20:17.138+08:00] resizeImg done (Sharp), target size: 361x800, cost: 170ms
[2026-02-12T20:20:19.993+08:00] resizeImg start, target size: 361x800
[2026-02-12T20:20:20.158+08:00] resizeImg done (Sharp), target size: 361x800, cost: 165ms
[2026-02-12T20:20:28.220+08:00] resizeImg start, target size: 361x800
[2026-02-12T20:20:28.384+08:00] resizeImg done (Sharp), target size: 361x800, cost: 164ms
[2026-02-12T20:20:41.218+08:00] resizeImg start, target size: 361x800
[2026-02-12T20:20:41.385+08:00] resizeImg done (Sharp), target size: 361x800, cost: 167ms
[2026-02-12T20:20:49.321+08:00] resizeImg start, target size: 361x800
[2026-02-12T20:20:49.488+08:00] resizeImg done (Sharp), target size: 361x800, cost: 167ms
[2026-02-12T20:20:50.568+08:00] resizeImg start, target size: 361x800
[2026-02-12T20:20:50.744+08:00] resizeImg done (Sharp), target size: 361x800, cost: 176ms
[2026-02-12T20:20:58.153+08:00] resizeImg start, target size: 361x800
[2026-02-12T20:20:58.330+08:00] resizeImg done (Sharp), target size: 361x800, cost: 177ms
[2026-02-12T20:21:11.519+08:00] resizeImg start, target size: 361x800
[2026-02-12T20:21:11.684+08:00] resizeImg done (Sharp), target size: 361x800, cost: 165ms
[2026-02-12T20:21:17.851+08:00] resizeImg start, target size: 361x800
[2026-02-12T20:21:18.014+08:00] resizeImg done (Sharp), target size: 361x800, cost: 162ms
[2026-02-12T20:21:19.010+08:00] resizeImg start, target size: 361x800
[2026-02-12T20:21:19.173+08:00] resizeImg done (Sharp), target size: 361x800, cost: 163ms
[2026-02-12T20:21:24.737+08:00] resizeImg start, target size: 361x800
[2026-02-12T20:21:24.904+08:00] resizeImg done (Sharp), target size: 361x800, cost: 167ms
[2026-02-12T20:21:43.166+08:00] resizeImg start, target size: 361x800
[2026-02-12T20:21:43.341+08:00] resizeImg done (Sharp), target size: 361x800, cost: 175ms
[2026-02-12T20:21:51.870+08:00] resizeImg start, target size: 361x800
[2026-02-12T20:21:52.033+08:00] resizeImg done (Sharp), target size: 361x800, cost: 163ms
[2026-02-12T20:21:53.124+08:00] resizeImg start, target size: 361x800
[2026-02-12T20:21:53.288+08:00] resizeImg done (Sharp), target size: 361x800, cost: 164ms
[2026-02-12T20:22:29.901+08:00] resizeImg start, target size: 361x800
[2026-02-12T20:22:30.080+08:00] resizeImg done (Sharp), target size: 361x800, cost: 179ms
[2026-02-12T20:22:31.154+08:00] resizeImg start, target size: 361x800
[2026-02-12T20:22:31.316+08:00] resizeImg done (Sharp), target size: 361x800, cost: 162ms
[2026-02-12T20:22:35.701+08:00] resizeImg start, target size: 361x800
[2026-02-12T20:22:35.879+08:00] resizeImg done (Sharp), target size: 361x800, cost: 178ms
[2026-02-12T20:22:36.938+08:00] resizeImg start, target size: 361x800
[2026-02-12T20:22:37.101+08:00] resizeImg done (Sharp), target size: 361x800, cost: 163ms
[2026-02-12T20:22:43.782+08:00] resizeImg start, target size: 361x800
[2026-02-12T20:22:43.958+08:00] resizeImg done (Sharp), target size: 361x800, cost: 176ms
[2026-02-12T20:22:45.028+08:00] resizeImg start, target size: 361x800
[2026-02-12T20:22:45.222+08:00] resizeImg done (Sharp), target size: 361x800, cost: 193ms
[2026-02-12T20:22:59.812+08:00] resizeImg start, target size: 361x800
[2026-02-12T20:22:59.975+08:00] resizeImg done (Sharp), target size: 361x800, cost: 163ms
[2026-02-12T20:23:09.910+08:00] resizeImg start, target size: 361x800
[2026-02-12T20:23:10.074+08:00] resizeImg done (Sharp), target size: 361x800, cost: 164ms
[2026-02-12T20:23:19.968+08:00] resizeImg start, target size: 361x800
[2026-02-12T20:23:20.148+08:00] resizeImg done (Sharp), target size: 361x800, cost: 180ms
[2026-02-12T20:23:26.011+08:00] resizeImg start, target size: 361x800
[2026-02-12T20:23:26.175+08:00] resizeImg done (Sharp), target size: 361x800, cost: 164ms
[2026-02-12T20:24:08.671+08:00] resizeImg start, target size: 361x800
[2026-02-12T20:24:08.837+08:00] resizeImg done (Sharp), target size: 361x800, cost: 166ms
[2026-02-12T20:24:17.149+08:00] resizeImg start, target size: 361x800
[2026-02-12T20:24:17.314+08:00] resizeImg done (Sharp), target size: 361x800, cost: 165ms
[2026-02-12T20:24:18.392+08:00] resizeImg start, target size: 361x800
[2026-02-12T20:24:18.558+08:00] resizeImg done (Sharp), target size: 361x800, cost: 166ms
[2026-02-12T20:24:28.683+08:00] resizeImg start, target size: 361x800
[2026-02-12T20:24:28.848+08:00] resizeImg done (Sharp), target size: 361x800, cost: 165ms
[2026-02-12T20:24:29.954+08:00] resizeImg start, target size: 361x800
[2026-02-12T20:24:30.122+08:00] resizeImg done (Sharp), target size: 361x800, cost: 168ms
[2026-02-12T20:24:38.497+08:00] resizeImg start, target size: 361x800
[2026-02-12T20:24:38.666+08:00] resizeImg done (Sharp), target size: 361x800, cost: 169ms
[2026-02-12T20:24:39.746+08:00] resizeImg start, target size: 361x800
[2026-02-12T20:24:39.909+08:00] resizeImg done (Sharp), target size: 361x800, cost: 163ms
[2026-02-12T20:24:48.112+08:00] resizeImg start, target size: 361x800
[2026-02-12T20:24:48.279+08:00] resizeImg done (Sharp), target size: 361x800, cost: 167ms
[2026-02-12T20:24:49.415+08:00] resizeImg start, target size: 361x800
[2026-02-12T20:24:49.580+08:00] resizeImg done (Sharp), target size: 361x800, cost: 165ms
[2026-02-12T20:24:58.590+08:00] resizeImg start, target size: 361x800
[2026-02-12T20:24:58.754+08:00] resizeImg done (Sharp), target size: 361x800, cost: 164ms
[2026-02-12T20:24:59.887+08:00] resizeImg start, target size: 361x800
[2026-02-12T20:25:00.057+08:00] resizeImg done (Sharp), target size: 361x800, cost: 170ms
[2026-02-12T20:25:06.771+08:00] resizeImg start, target size: 361x800
[2026-02-12T20:25:06.957+08:00] resizeImg done (Sharp), target size: 361x800, cost: 186ms
[2026-02-12T20:25:08.052+08:00] resizeImg start, target size: 361x800
[2026-02-12T20:25:08.224+08:00] resizeImg done (Sharp), target size: 361x800, cost: 172ms
[2026-02-12T20:25:21.493+08:00] resizeImg start, target size: 361x800
[2026-02-12T20:25:21.659+08:00] resizeImg done (Sharp), target size: 361x800, cost: 166ms
[2026-02-12T20:25:22.908+08:00] resizeImg start, target size: 361x800
[2026-02-12T20:25:23.080+08:00] resizeImg done (Sharp), target size: 361x800, cost: 172ms
[2026-02-12T20:25:32.913+08:00] resizeImg start, target size: 361x800
[2026-02-12T20:25:33.075+08:00] resizeImg done (Sharp), target size: 361x800, cost: 162ms
[2026-02-12T20:25:34.300+08:00] resizeImg start, target size: 361x800
[2026-02-12T20:25:34.470+08:00] resizeImg done (Sharp), target size: 361x800, cost: 170ms
[2026-02-12T20:25:39.859+08:00] resizeImg start, target size: 361x800
[2026-02-12T20:25:40.043+08:00] resizeImg done (Sharp), target size: 361x800, cost: 184ms
[2026-02-12T20:25:41.252+08:00] resizeImg start, target size: 361x800
[2026-02-12T20:25:41.432+08:00] resizeImg done (Sharp), target size: 361x800, cost: 180ms
[2026-02-12T20:25:51.908+08:00] resizeImg start, target size: 361x800
[2026-02-12T20:25:52.074+08:00] resizeImg done (Sharp), target size: 361x800, cost: 166ms
[2026-02-12T20:25:53.219+08:00] resizeImg start, target size: 361x800
[2026-02-12T20:25:53.388+08:00] resizeImg done (Sharp), target size: 361x800, cost: 169ms
[2026-02-12T20:26:04.000+08:00] resizeImg start, target size: 361x800
[2026-02-12T20:26:04.174+08:00] resizeImg done (Sharp), target size: 361x800, cost: 174ms
[2026-02-12T20:26:05.443+08:00] resizeImg start, target size: 361x800
[2026-02-12T20:26:05.622+08:00] resizeImg done (Sharp), target size: 361x800, cost: 179ms
[2026-02-12T20:26:18.623+08:00] resizeImg start, target size: 361x800
[2026-02-12T20:26:18.798+08:00] resizeImg done (Sharp), target size: 361x800, cost: 175ms
[2026-02-12T20:26:20.020+08:00] resizeImg start, target size: 361x800
[2026-02-12T20:26:20.190+08:00] resizeImg done (Sharp), target size: 361x800, cost: 170ms
[2026-02-12T20:26:25.942+08:00] resizeImg start, target size: 361x800
[2026-02-12T20:26:26.111+08:00] resizeImg done (Sharp), target size: 361x800, cost: 169ms
[2026-02-12T20:26:27.372+08:00] resizeImg start, target size: 361x800
[2026-02-12T20:26:27.543+08:00] resizeImg done (Sharp), target size: 361x800, cost: 171ms
[2026-02-12T20:26:36.797+08:00] resizeImg start, target size: 361x800
[2026-02-12T20:26:36.974+08:00] resizeImg done (Sharp), target size: 361x800, cost: 177ms
[2026-02-12T20:26:38.186+08:00] resizeImg start, target size: 361x800
[2026-02-12T20:26:38.378+08:00] resizeImg done (Sharp), target size: 361x800, cost: 192ms
[2026-02-12T20:37:20.687+08:00] Loading photon module in node environment
[2026-02-12T20:37:20.722+08:00] Photon loaded: @silvia-odwyer/photon-node (node)
[2026-02-12T20:37:20.886+08:00] resizeImg start, target size: 361x800
[2026-02-12T20:37:21.150+08:00] resizeImg done (Sharp), target size: 361x800, cost: 264ms
[2026-02-12T20:37:29.736+08:00] resizeImg start, target size: 361x800
[2026-02-12T20:37:29.923+08:00] resizeImg done (Sharp), target size: 361x800, cost: 187ms
[2026-02-12T20:37:30.958+08:00] resizeImg start, target size: 361x800
[2026-02-12T20:37:31.124+08:00] resizeImg done (Sharp), target size: 361x800, cost: 166ms
[2026-02-12T20:37:35.719+08:00] resizeImg start, target size: 361x800
[2026-02-12T20:37:35.903+08:00] resizeImg done (Sharp), target size: 361x800, cost: 184ms
[2026-02-12T20:37:48.007+08:00] resizeImg start, target size: 361x800
[2026-02-12T20:37:48.171+08:00] resizeImg done (Sharp), target size: 361x800, cost: 164ms
[2026-02-12T20:37:55.712+08:00] resizeImg start, target size: 361x800
[2026-02-12T20:37:55.878+08:00] resizeImg done (Sharp), target size: 361x800, cost: 166ms
[2026-02-12T20:37:56.970+08:00] resizeImg start, target size: 361x800
[2026-02-12T20:37:57.134+08:00] resizeImg done (Sharp), target size: 361x800, cost: 164ms
[2026-02-12T20:38:02.998+08:00] resizeImg start, target size: 361x800
[2026-02-12T20:38:03.168+08:00] resizeImg done (Sharp), target size: 361x800, cost: 170ms
[2026-02-12T20:38:04.211+08:00] resizeImg start, target size: 361x800
[2026-02-12T20:38:04.375+08:00] resizeImg done (Sharp), target size: 361x800, cost: 164ms
[2026-02-12T20:38:15.243+08:00] resizeImg start, target size: 361x800
[2026-02-12T20:38:15.409+08:00] resizeImg done (Sharp), target size: 361x800, cost: 166ms
[2026-02-12T20:38:16.490+08:00] resizeImg start, target size: 361x800
[2026-02-12T20:38:16.665+08:00] resizeImg done (Sharp), target size: 361x800, cost: 175ms
[2026-02-12T20:38:24.233+08:00] resizeImg start, target size: 361x800
[2026-02-12T20:38:24.397+08:00] resizeImg done (Sharp), target size: 361x800, cost: 164ms
[2026-02-12T20:38:25.456+08:00] resizeImg start, target size: 361x800
[2026-02-12T20:38:25.630+08:00] resizeImg done (Sharp), target size: 361x800, cost: 174ms
[2026-02-12T20:38:35.989+08:00] resizeImg start, target size: 361x800
[2026-02-12T20:38:36.157+08:00] resizeImg done (Sharp), target size: 361x800, cost: 168ms
[2026-02-12T20:38:37.230+08:00] resizeImg start, target size: 361x800
[2026-02-12T20:38:37.401+08:00] resizeImg done (Sharp), target size: 361x800, cost: 171ms
[2026-02-12T20:38:44.252+08:00] resizeImg start, target size: 361x800
[2026-02-12T20:38:44.418+08:00] resizeImg done (Sharp), target size: 361x800, cost: 166ms
[2026-02-12T20:38:45.462+08:00] resizeImg start, target size: 361x800
[2026-02-12T20:38:45.627+08:00] resizeImg done (Sharp), target size: 361x800, cost: 165ms
[2026-02-12T20:38:53.937+08:00] resizeImg start, target size: 361x800
[2026-02-12T20:38:54.111+08:00] resizeImg done (Sharp), target size: 361x800, cost: 174ms
[2026-02-12T20:38:55.169+08:00] resizeImg start, target size: 361x800
[2026-02-12T20:38:55.346+08:00] resizeImg done (Sharp), target size: 361x800, cost: 177ms
[2026-02-12T20:39:03.372+08:00] resizeImg start, target size: 361x800
[2026-02-12T20:39:03.562+08:00] resizeImg done (Sharp), target size: 361x800, cost: 190ms
[2026-02-12T20:39:04.635+08:00] resizeImg start, target size: 361x800
[2026-02-12T20:39:04.810+08:00] resizeImg done (Sharp), target size: 361x800, cost: 175ms
[2026-02-12T20:39:10.343+08:00] resizeImg start, target size: 361x800
[2026-02-12T20:39:10.511+08:00] resizeImg done (Sharp), target size: 361x800, cost: 168ms
[2026-02-12T20:39:11.623+08:00] resizeImg start, target size: 361x800
[2026-02-12T20:39:11.794+08:00] resizeImg done (Sharp), target size: 361x800, cost: 171ms
[2026-02-12T20:39:16.152+08:00] resizeImg start, target size: 361x800
[2026-02-12T20:39:16.320+08:00] resizeImg done (Sharp), target size: 361x800, cost: 168ms
[2026-02-12T20:39:17.391+08:00] resizeImg start, target size: 361x800
[2026-02-12T20:39:17.569+08:00] resizeImg done (Sharp), target size: 361x800, cost: 178ms
[2026-02-12T20:39:22.327+08:00] resizeImg start, target size: 361x800
[2026-02-12T20:39:22.497+08:00] resizeImg done (Sharp), target size: 361x800, cost: 170ms
[2026-02-12T20:39:22.829+08:00] resizeImg start, target size: 361x800
[2026-02-12T20:39:22.995+08:00] resizeImg done (Sharp), target size: 361x800, cost: 166ms
[2026-02-12T20:39:24.069+08:00] resizeImg start, target size: 361x800
[2026-02-12T20:39:24.235+08:00] resizeImg done (Sharp), target size: 361x800, cost: 166ms
[2026-02-12T20:39:28.175+08:00] resizeImg start, target size: 361x800
[2026-02-12T20:39:28.344+08:00] resizeImg done (Sharp), target size: 361x800, cost: 169ms
[2026-02-12T20:39:29.415+08:00] resizeImg start, target size: 361x800
[2026-02-12T20:39:29.577+08:00] resizeImg done (Sharp), target size: 361x800, cost: 162ms
[2026-02-12T20:39:31.815+08:00] resizeImg start, target size: 361x800
[2026-02-12T20:39:31.977+08:00] resizeImg done (Sharp), target size: 361x800, cost: 162ms
[2026-02-12T20:39:33.033+08:00] resizeImg start, target size: 361x800
[2026-02-12T20:39:33.210+08:00] resizeImg done (Sharp), target size: 361x800, cost: 177ms
[2026-02-12T20:39:40.213+08:00] resizeImg start, target size: 361x800
[2026-02-12T20:39:40.382+08:00] resizeImg done (Sharp), target size: 361x800, cost: 169ms
[2026-02-12T20:39:41.441+08:00] resizeImg start, target size: 361x800
[2026-02-12T20:39:41.606+08:00] resizeImg done (Sharp), target size: 361x800, cost: 165ms
[2026-02-12T20:39:47.298+08:00] resizeImg start, target size: 361x800
[2026-02-12T20:39:47.480+08:00] resizeImg done (Sharp), target size: 361x800, cost: 182ms
[2026-02-12T20:39:48.538+08:00] resizeImg start, target size: 361x800
[2026-02-12T20:39:48.703+08:00] resizeImg done (Sharp), target size: 361x800, cost: 165ms
[2026-02-12T20:40:07.364+08:00] resizeImg start, target size: 361x800
[2026-02-12T20:40:07.530+08:00] resizeImg done (Sharp), target size: 361x800, cost: 166ms
[2026-02-12T20:40:29.540+08:00] resizeImg start, target size: 361x800
[2026-02-12T20:40:29.702+08:00] resizeImg done (Sharp), target size: 361x800, cost: 162ms
[2026-02-12T20:40:37.273+08:00] resizeImg start, target size: 361x800
[2026-02-12T20:40:37.440+08:00] resizeImg done (Sharp), target size: 361x800, cost: 167ms
[2026-02-12T20:40:38.373+08:00] resizeImg start, target size: 361x800
[2026-02-12T20:40:38.539+08:00] resizeImg done (Sharp), target size: 361x800, cost: 166ms
[2026-02-12T20:40:43.804+08:00] resizeImg start, target size: 361x800
[2026-02-12T20:40:43.966+08:00] resizeImg done (Sharp), target size: 361x800, cost: 162ms
[2026-02-12T20:41:00.550+08:00] resizeImg start, target size: 361x800
[2026-02-12T20:41:00.727+08:00] resizeImg done (Sharp), target size: 361x800, cost: 177ms
[2026-02-12T20:41:08.264+08:00] resizeImg start, target size: 361x800
[2026-02-12T20:41:08.425+08:00] resizeImg done (Sharp), target size: 361x800, cost: 161ms
[2026-02-12T20:41:10.753+08:00] resizeImg start, target size: 361x800
[2026-02-12T20:41:10.929+08:00] resizeImg done (Sharp), target size: 361x800, cost: 176ms
[2026-02-12T20:41:17.984+08:00] resizeImg start, target size: 361x800
[2026-02-12T20:41:18.150+08:00] resizeImg done (Sharp), target size: 361x800, cost: 166ms
[2026-02-12T20:41:27.434+08:00] resizeImg start, target size: 361x800
[2026-02-12T20:41:27.598+08:00] resizeImg done (Sharp), target size: 361x800, cost: 164ms
[2026-02-12T20:41:33.990+08:00] resizeImg start, target size: 361x800
[2026-02-12T20:41:34.155+08:00] resizeImg done (Sharp), target size: 361x800, cost: 165ms
[2026-02-12T20:41:35.240+08:00] resizeImg start, target size: 361x800
[2026-02-12T20:41:35.406+08:00] resizeImg done (Sharp), target size: 361x800, cost: 166ms
[2026-02-12T20:41:40.855+08:00] resizeImg start, target size: 361x800
[2026-02-12T20:41:41.020+08:00] resizeImg done (Sharp), target size: 361x800, cost: 165ms
[2026-02-12T20:41:42.119+08:00] resizeImg start, target size: 361x800
[2026-02-12T20:41:42.289+08:00] resizeImg done (Sharp), target size: 361x800, cost: 170ms
[2026-02-12T20:41:48.019+08:00] resizeImg start, target size: 361x800
[2026-02-12T20:41:48.183+08:00] resizeImg done (Sharp), target size: 361x800, cost: 164ms
[2026-02-12T20:41:49.258+08:00] resizeImg start, target size: 361x800
[2026-02-12T20:41:49.425+08:00] resizeImg done (Sharp), target size: 361x800, cost: 167ms
[2026-02-12T20:41:55.325+08:00] resizeImg start, target size: 361x800
[2026-02-12T20:41:55.489+08:00] resizeImg done (Sharp), target size: 361x800, cost: 164ms
[2026-02-12T20:41:56.573+08:00] resizeImg start, target size: 361x800
[2026-02-12T20:41:56.740+08:00] resizeImg done (Sharp), target size: 361x800, cost: 167ms
[2026-02-12T20:42:03.486+08:00] resizeImg start, target size: 361x800
[2026-02-12T20:42:03.651+08:00] resizeImg done (Sharp), target size: 361x800, cost: 165ms
[2026-02-12T20:42:04.721+08:00] resizeImg start, target size: 361x800
[2026-02-12T20:42:04.897+08:00] resizeImg done (Sharp), target size: 361x800, cost: 176ms
[2026-02-12T20:42:11.397+08:00] resizeImg start, target size: 361x800
[2026-02-12T20:42:11.561+08:00] resizeImg done (Sharp), target size: 361x800, cost: 164ms
[2026-02-12T20:42:12.631+08:00] resizeImg start, target size: 361x800
[2026-02-12T20:42:12.794+08:00] resizeImg done (Sharp), target size: 361x800, cost: 163ms
[2026-02-12T20:42:21.203+08:00] resizeImg start, target size: 361x800
[2026-02-12T20:42:21.370+08:00] resizeImg done (Sharp), target size: 361x800, cost: 167ms
[2026-02-12T20:42:22.443+08:00] resizeImg start, target size: 361x800
[2026-02-12T20:42:22.604+08:00] resizeImg done (Sharp), target size: 361x800, cost: 161ms
[2026-02-12T20:42:29.043+08:00] resizeImg start, target size: 361x800
[2026-02-12T20:42:29.205+08:00] resizeImg done (Sharp), target size: 361x800, cost: 162ms
[2026-02-12T20:42:30.289+08:00] resizeImg start, target size: 361x800
[2026-02-12T20:42:30.452+08:00] resizeImg done (Sharp), target size: 361x800, cost: 163ms
[2026-02-12T20:42:33.935+08:00] resizeImg start, target size: 361x800
[2026-02-12T20:42:34.100+08:00] resizeImg done (Sharp), target size: 361x800, cost: 165ms
[2026-02-12T20:42:38.710+08:00] resizeImg start, target size: 361x800
[2026-02-12T20:42:38.875+08:00] resizeImg done (Sharp), target size: 361x800, cost: 165ms
[2026-02-12T20:42:39.777+08:00] resizeImg start, target size: 361x800
[2026-02-12T20:42:39.950+08:00] resizeImg done (Sharp), target size: 361x800, cost: 173ms
[2026-02-12T20:42:46.293+08:00] resizeImg start, target size: 361x800
[2026-02-12T20:42:46.460+08:00] resizeImg done (Sharp), target size: 361x800, cost: 167ms
[2026-02-12T20:42:56.566+08:00] resizeImg start, target size: 361x800
[2026-02-12T20:42:56.728+08:00] resizeImg done (Sharp), target size: 361x800, cost: 162ms
[2026-02-12T20:43:00.629+08:00] resizeImg start, target size: 361x800
[2026-02-12T20:43:00.806+08:00] resizeImg done (Sharp), target size: 361x800, cost: 177ms
[2026-02-12T20:43:01.901+08:00] resizeImg start, target size: 361x800
[2026-02-12T20:43:02.053+08:00] resizeImg start, target size: 361x800
[2026-02-12T20:43:02.068+08:00] resizeImg done (Sharp), target size: 361x800, cost: 167ms
[2026-02-12T20:43:02.237+08:00] resizeImg done (Sharp), target size: 361x800, cost: 184ms
[2026-02-12T20:43:03.159+08:00] resizeImg start, target size: 361x800
[2026-02-12T20:43:03.322+08:00] resizeImg done (Sharp), target size: 361x800, cost: 163ms
[2026-02-12T20:43:10.751+08:00] resizeImg start, target size: 361x800
[2026-02-12T20:43:10.927+08:00] resizeImg done (Sharp), target size: 361x800, cost: 176ms
[2026-02-12T20:43:13.529+08:00] resizeImg start, target size: 361x800
[2026-02-12T20:43:13.692+08:00] resizeImg done (Sharp), target size: 361x800, cost: 163ms
[2026-02-12T20:43:14.783+08:00] resizeImg start, target size: 361x800
[2026-02-12T20:43:14.947+08:00] resizeImg done (Sharp), target size: 361x800, cost: 164ms
[2026-02-12T20:43:18.648+08:00] resizeImg start, target size: 361x800
[2026-02-12T20:43:18.810+08:00] resizeImg done (Sharp), target size: 361x800, cost: 162ms
[2026-02-12T20:43:19.718+08:00] resizeImg start, target size: 361x800
[2026-02-12T20:43:19.885+08:00] resizeImg done (Sharp), target size: 361x800, cost: 167ms
[2026-02-12T20:43:23.461+08:00] resizeImg start, target size: 361x800
[2026-02-12T20:43:23.628+08:00] resizeImg done (Sharp), target size: 361x800, cost: 167ms
[2026-02-12T20:43:24.551+08:00] resizeImg start, target size: 361x800
[2026-02-12T20:43:24.718+08:00] resizeImg done (Sharp), target size: 361x800, cost: 167ms
[2026-02-12T20:43:27.868+08:00] resizeImg start, target size: 361x800
[2026-02-12T20:43:28.038+08:00] resizeImg done (Sharp), target size: 361x800, cost: 170ms
[2026-02-12T20:43:28.952+08:00] resizeImg start, target size: 361x800
[2026-02-12T20:43:29.121+08:00] resizeImg done (Sharp), target size: 361x800, cost: 169ms
[2026-02-12T20:43:29.171+08:00] resizeImg start, target size: 361x800
[2026-02-12T20:43:29.334+08:00] resizeImg done (Sharp), target size: 361x800, cost: 163ms
[2026-02-12T20:43:35.651+08:00] resizeImg start, target size: 361x800
[2026-02-12T20:43:35.685+08:00] resizeImg start, target size: 361x800
[2026-02-12T20:43:35.824+08:00] resizeImg done (Sharp), target size: 361x800, cost: 173ms
[2026-02-12T20:43:35.858+08:00] resizeImg done (Sharp), target size: 361x800, cost: 173ms
[2026-02-12T20:43:36.735+08:00] resizeImg start, target size: 361x800
[2026-02-12T20:43:36.899+08:00] resizeImg done (Sharp), target size: 361x800, cost: 164ms
[2026-02-12T20:43:36.954+08:00] resizeImg start, target size: 361x800
[2026-02-12T20:43:37.125+08:00] resizeImg done (Sharp), target size: 361x800, cost: 171ms
[2026-02-12T20:43:41.595+08:00] resizeImg start, target size: 361x800
[2026-02-12T20:43:41.771+08:00] resizeImg done (Sharp), target size: 361x800, cost: 176ms
[2026-02-12T20:43:42.720+08:00] resizeImg start, target size: 361x800
[2026-02-12T20:43:42.839+08:00] resizeImg start, target size: 361x800
[2026-02-12T20:43:42.886+08:00] resizeImg done (Sharp), target size: 361x800, cost: 166ms
[2026-02-12T20:43:43.017+08:00] resizeImg done (Sharp), target size: 361x800, cost: 178ms
[2026-02-12T20:43:43.992+08:00] resizeImg start, target size: 361x800
[2026-02-12T20:43:44.177+08:00] resizeImg done (Sharp), target size: 361x800, cost: 185ms
[2026-02-12T20:43:46.696+08:00] resizeImg start, target size: 361x800
[2026-02-12T20:43:46.860+08:00] resizeImg done (Sharp), target size: 361x800, cost: 164ms
[2026-02-12T20:43:47.945+08:00] resizeImg start, target size: 361x800
[2026-02-12T20:43:48.007+08:00] resizeImg start, target size: 361x800
[2026-02-12T20:43:48.117+08:00] resizeImg done (Sharp), target size: 361x800, cost: 172ms
[2026-02-12T20:43:48.184+08:00] resizeImg done (Sharp), target size: 361x800, cost: 177ms
[2026-02-12T20:43:49.284+08:00] resizeImg start, target size: 361x800
[2026-02-12T20:43:49.459+08:00] resizeImg done (Sharp), target size: 361x800, cost: 175ms
[2026-02-12T20:43:51.974+08:00] resizeImg start, target size: 361x800
[2026-02-12T20:43:52.142+08:00] resizeImg done (Sharp), target size: 361x800, cost: 168ms
[2026-02-12T20:43:53.260+08:00] resizeImg start, target size: 361x800
[2026-02-12T20:43:53.428+08:00] resizeImg done (Sharp), target size: 361x800, cost: 168ms
[2026-02-12T20:43:53.913+08:00] resizeImg start, target size: 361x800
[2026-02-12T20:43:54.086+08:00] resizeImg done (Sharp), target size: 361x800, cost: 173ms
[2026-02-12T20:43:55.192+08:00] resizeImg start, target size: 361x800
[2026-02-12T20:43:55.359+08:00] resizeImg done (Sharp), target size: 361x800, cost: 167ms
[2026-02-12T20:43:57.469+08:00] resizeImg start, target size: 361x800
[2026-02-12T20:43:57.645+08:00] resizeImg done (Sharp), target size: 361x800, cost: 176ms
[2026-02-12T20:43:58.741+08:00] resizeImg start, target size: 361x800
[2026-02-12T20:43:58.910+08:00] resizeImg done (Sharp), target size: 361x800, cost: 169ms
[2026-02-12T20:43:59.373+08:00] resizeImg start, target size: 361x800
[2026-02-12T20:43:59.552+08:00] resizeImg done (Sharp), target size: 361x800, cost: 179ms
[2026-02-12T20:44:00.640+08:00] resizeImg start, target size: 361x800
[2026-02-12T20:44:00.807+08:00] resizeImg done (Sharp), target size: 361x800, cost: 167ms
[2026-02-12T20:44:04.515+08:00] resizeImg start, target size: 361x800
[2026-02-12T20:44:04.686+08:00] resizeImg done (Sharp), target size: 361x800, cost: 171ms
[2026-02-12T20:44:05.787+08:00] resizeImg start, target size: 361x800
[2026-02-12T20:44:05.957+08:00] resizeImg start, target size: 361x800
[2026-02-12T20:44:05.963+08:00] resizeImg done (Sharp), target size: 361x800, cost: 176ms
[2026-02-12T20:44:06.136+08:00] resizeImg done (Sharp), target size: 361x800, cost: 179ms
[2026-02-12T20:44:07.220+08:00] resizeImg start, target size: 361x800
[2026-02-12T20:44:07.389+08:00] resizeImg done (Sharp), target size: 361x800, cost: 169ms
[2026-02-12T20:44:11.206+08:00] resizeImg start, target size: 361x800
[2026-02-12T20:44:11.333+08:00] resizeImg start, target size: 361x800
[2026-02-12T20:44:11.384+08:00] resizeImg done (Sharp), target size: 361x800, cost: 178ms
[2026-02-12T20:44:11.502+08:00] resizeImg done (Sharp), target size: 361x800, cost: 169ms
[2026-02-12T20:44:12.477+08:00] resizeImg start, target size: 361x800
[2026-02-12T20:44:12.582+08:00] resizeImg start, target size: 361x800
[2026-02-12T20:44:12.645+08:00] resizeImg done (Sharp), target size: 361x800, cost: 168ms
[2026-02-12T20:44:12.754+08:00] resizeImg done (Sharp), target size: 361x800, cost: 172ms
[2026-02-12T20:44:16.403+08:00] resizeImg start, target size: 361x800
[2026-02-12T20:44:16.574+08:00] resizeImg done (Sharp), target size: 361x800, cost: 171ms
[2026-02-12T20:44:17.002+08:00] resizeImg start, target size: 361x800
[2026-02-12T20:44:17.181+08:00] resizeImg done (Sharp), target size: 361x800, cost: 179ms
[2026-02-12T20:44:17.670+08:00] resizeImg start, target size: 361x800
[2026-02-12T20:44:17.839+08:00] resizeImg done (Sharp), target size: 361x800, cost: 169ms
[2026-02-12T20:44:18.285+08:00] resizeImg start, target size: 361x800
[2026-02-12T20:44:18.465+08:00] resizeImg done (Sharp), target size: 361x800, cost: 180ms
[2026-02-12T20:44:22.036+08:00] resizeImg start, target size: 361x800
[2026-02-12T20:44:22.208+08:00] resizeImg done (Sharp), target size: 361x800, cost: 172ms
[2026-02-12T20:44:23.275+08:00] resizeImg start, target size: 361x800
[2026-02-12T20:44:23.440+08:00] resizeImg done (Sharp), target size: 361x800, cost: 165ms
[2026-02-12T20:44:27.271+08:00] resizeImg start, target size: 361x800
[2026-02-12T20:44:27.439+08:00] resizeImg done (Sharp), target size: 361x800, cost: 168ms
[2026-02-12T20:44:28.526+08:00] resizeImg start, target size: 361x800
[2026-02-12T20:44:28.691+08:00] resizeImg done (Sharp), target size: 361x800, cost: 165ms
[2026-02-12T20:44:32.782+08:00] resizeImg start, target size: 361x800
[2026-02-12T20:44:32.950+08:00] resizeImg done (Sharp), target size: 361x800, cost: 168ms
[2026-02-12T20:44:34.047+08:00] resizeImg start, target size: 361x800
[2026-02-12T20:44:34.229+08:00] resizeImg done (Sharp), target size: 361x800, cost: 182ms
[2026-02-12T20:44:38.836+08:00] resizeImg start, target size: 361x800
[2026-02-12T20:44:39.002+08:00] resizeImg done (Sharp), target size: 361x800, cost: 166ms
[2026-02-12T20:44:40.188+08:00] resizeImg start, target size: 361x800
[2026-02-12T20:44:40.399+08:00] resizeImg done (Sharp), target size: 361x800, cost: 211ms
[2026-02-12T20:44:44.257+08:00] resizeImg start, target size: 361x800
[2026-02-12T20:44:44.436+08:00] resizeImg done (Sharp), target size: 361x800, cost: 179ms
[2026-02-12T20:44:45.217+08:00] resizeImg start, target size: 361x800
[2026-02-12T20:44:45.421+08:00] resizeImg done (Sharp), target size: 361x800, cost: 204ms
[2026-02-12T20:44:45.678+08:00] resizeImg start, target size: 361x800
[2026-02-12T20:44:45.858+08:00] resizeImg done (Sharp), target size: 361x800, cost: 180ms
[2026-02-12T20:44:51.168+08:00] resizeImg start, target size: 361x800
[2026-02-12T20:44:51.357+08:00] resizeImg done (Sharp), target size: 361x800, cost: 189ms
[2026-02-12T20:44:52.649+08:00] resizeImg start, target size: 361x800
[2026-02-12T20:44:52.741+08:00] resizeImg start, target size: 361x800
[2026-02-12T20:44:52.825+08:00] resizeImg done (Sharp), target size: 361x800, cost: 176ms
[2026-02-12T20:44:52.923+08:00] resizeImg done (Sharp), target size: 361x800, cost: 182ms
[2026-02-12T20:44:53.841+08:00] resizeImg start, target size: 361x800
[2026-02-12T20:44:54.009+08:00] resizeImg done (Sharp), target size: 361x800, cost: 168ms
[2026-02-12T20:45:00.128+08:00] resizeImg start, target size: 361x800
[2026-02-12T20:45:00.291+08:00] resizeImg done (Sharp), target size: 361x800, cost: 163ms
[2026-02-12T20:45:01.389+08:00] resizeImg start, target size: 361x800
[2026-02-12T20:45:01.579+08:00] resizeImg done (Sharp), target size: 361x800, cost: 190ms
[2026-02-12T20:45:01.690+08:00] resizeImg start, target size: 361x800
[2026-02-12T20:45:01.867+08:00] resizeImg done (Sharp), target size: 361x800, cost: 177ms
[2026-02-12T20:45:02.481+08:00] resizeImg start, target size: 361x800
[2026-02-12T20:45:02.645+08:00] resizeImg done (Sharp), target size: 361x800, cost: 164ms
[2026-02-12T20:45:06.571+08:00] resizeImg start, target size: 361x800
[2026-02-12T20:45:06.735+08:00] resizeImg done (Sharp), target size: 361x800, cost: 164ms
[2026-02-12T20:45:07.903+08:00] resizeImg start, target size: 361x800
[2026-02-12T20:45:08.068+08:00] resizeImg done (Sharp), target size: 361x800, cost: 165ms
[2026-02-12T20:45:08.116+08:00] resizeImg start, target size: 361x800
[2026-02-12T20:45:08.279+08:00] resizeImg done (Sharp), target size: 361x800, cost: 163ms
[2026-02-12T20:45:09.038+08:00] resizeImg start, target size: 361x800
[2026-02-12T20:45:09.210+08:00] resizeImg done (Sharp), target size: 361x800, cost: 172ms
[2026-02-12T20:45:13.726+08:00] resizeImg start, target size: 361x800
[2026-02-12T20:45:13.887+08:00] resizeImg done (Sharp), target size: 361x800, cost: 161ms
[2026-02-12T20:45:14.771+08:00] resizeImg start, target size: 361x800
[2026-02-12T20:45:14.796+08:00] resizeImg start, target size: 361x800
[2026-02-12T20:45:14.950+08:00] resizeImg done (Sharp), target size: 361x800, cost: 179ms
[2026-02-12T20:45:15.012+08:00] resizeImg done (Sharp), target size: 361x800, cost: 216ms
[2026-02-12T20:45:16.256+08:00] resizeImg start, target size: 361x800
[2026-02-12T20:45:16.419+08:00] resizeImg done (Sharp), target size: 361x800, cost: 163ms
[2026-02-12T20:45:19.563+08:00] resizeImg start, target size: 361x800
[2026-02-12T20:45:19.748+08:00] resizeImg done (Sharp), target size: 361x800, cost: 185ms
[2026-02-12T20:45:20.663+08:00] resizeImg start, target size: 361x800
[2026-02-12T20:45:20.832+08:00] resizeImg done (Sharp), target size: 361x800, cost: 169ms
[2026-02-12T20:45:21.234+08:00] resizeImg start, target size: 361x800
[2026-02-12T20:45:21.402+08:00] resizeImg done (Sharp), target size: 361x800, cost: 168ms
[2026-02-12T20:45:22.304+08:00] resizeImg start, target size: 361x800
[2026-02-12T20:45:22.483+08:00] resizeImg done (Sharp), target size: 361x800, cost: 179ms
[2026-02-12T20:45:25.206+08:00] resizeImg start, target size: 361x800
[2026-02-12T20:45:25.382+08:00] resizeImg done (Sharp), target size: 361x800, cost: 176ms
[2026-02-12T20:45:26.319+08:00] resizeImg start, target size: 361x800
[2026-02-12T20:45:26.483+08:00] resizeImg done (Sharp), target size: 361x800, cost: 164ms
[2026-02-12T20:45:28.067+08:00] resizeImg start, target size: 361x800
[2026-02-12T20:45:28.232+08:00] resizeImg done (Sharp), target size: 361x800, cost: 165ms
[2026-02-12T20:45:29.148+08:00] resizeImg start, target size: 361x800
[2026-02-12T20:45:29.313+08:00] resizeImg done (Sharp), target size: 361x800, cost: 165ms
[2026-02-12T20:45:31.142+08:00] resizeImg start, target size: 361x800
[2026-02-12T20:45:31.306+08:00] resizeImg done (Sharp), target size: 361x800, cost: 164ms
[2026-02-12T20:45:32.212+08:00] resizeImg start, target size: 361x800
[2026-02-12T20:45:32.381+08:00] resizeImg done (Sharp), target size: 361x800, cost: 169ms
[2026-02-12T20:45:34.834+08:00] resizeImg start, target size: 361x800
[2026-02-12T20:45:34.998+08:00] resizeImg done (Sharp), target size: 361x800, cost: 164ms
[2026-02-12T20:45:35.906+08:00] resizeImg start, target size: 361x800
[2026-02-12T20:45:36.086+08:00] resizeImg done (Sharp), target size: 361x800, cost: 180ms
[2026-02-12T20:45:37.122+08:00] resizeImg start, target size: 361x800
[2026-02-12T20:45:37.289+08:00] resizeImg done (Sharp), target size: 361x800, cost: 167ms
[2026-02-12T20:45:38.190+08:00] resizeImg start, target size: 361x800
[2026-02-12T20:45:38.353+08:00] resizeImg done (Sharp), target size: 361x800, cost: 163ms
[2026-02-12T20:45:39.536+08:00] resizeImg start, target size: 361x800
[2026-02-12T20:45:39.703+08:00] resizeImg done (Sharp), target size: 361x800, cost: 167ms
[2026-02-12T20:45:40.624+08:00] resizeImg start, target size: 361x800
[2026-02-12T20:45:40.787+08:00] resizeImg done (Sharp), target size: 361x800, cost: 163ms
[2026-02-12T20:45:47.746+08:00] resizeImg start, target size: 361x800
[2026-02-12T20:45:47.912+08:00] resizeImg done (Sharp), target size: 361x800, cost: 166ms
[2026-02-12T20:45:48.834+08:00] resizeImg start, target size: 361x800
[2026-02-12T20:45:49.025+08:00] resizeImg done (Sharp), target size: 361x800, cost: 191ms
[2026-02-12T20:45:52.749+08:00] resizeImg start, target size: 361x800
[2026-02-12T20:45:52.923+08:00] resizeImg done (Sharp), target size: 361x800, cost: 174ms
[2026-02-12T20:45:53.845+08:00] resizeImg start, target size: 361x800
[2026-02-12T20:45:54.007+08:00] resizeImg done (Sharp), target size: 361x800, cost: 162ms
[2026-02-12T20:45:58.643+08:00] resizeImg start, target size: 361x800
[2026-02-12T20:45:58.816+08:00] resizeImg done (Sharp), target size: 361x800, cost: 173ms
[2026-02-12T20:45:59.740+08:00] resizeImg start, target size: 361x800
[2026-02-12T20:45:59.908+08:00] resizeImg done (Sharp), target size: 361x800, cost: 168ms
[2026-02-12T20:46:04.631+08:00] resizeImg start, target size: 361x800
[2026-02-12T20:46:04.802+08:00] resizeImg done (Sharp), target size: 361x800, cost: 171ms
[2026-02-12T20:46:05.727+08:00] resizeImg start, target size: 361x800
[2026-02-12T20:46:05.888+08:00] resizeImg done (Sharp), target size: 361x800, cost: 161ms
[2026-02-12T20:46:09.950+08:00] resizeImg start, target size: 361x800
[2026-02-12T20:46:10.128+08:00] resizeImg done (Sharp), target size: 361x800, cost: 178ms
[2026-02-12T20:46:11.036+08:00] resizeImg start, target size: 361x800
[2026-02-12T20:46:11.217+08:00] resizeImg done (Sharp), target size: 361x800, cost: 181ms
[2026-02-12T20:46:15.877+08:00] resizeImg start, target size: 361x800
[2026-02-12T20:46:16.052+08:00] resizeImg done (Sharp), target size: 361x800, cost: 175ms
[2026-02-12T20:46:16.991+08:00] resizeImg start, target size: 361x800
[2026-02-12T20:46:17.163+08:00] resizeImg done (Sharp), target size: 361x800, cost: 172ms
[2026-02-12T20:46:24.194+08:00] resizeImg start, target size: 361x800
[2026-02-12T20:46:24.354+08:00] resizeImg done (Sharp), target size: 361x800, cost: 161ms
[2026-02-12T20:46:25.306+08:00] resizeImg start, target size: 361x800
[2026-02-12T20:46:25.471+08:00] resizeImg done (Sharp), target size: 361x800, cost: 165ms
[2026-02-12T20:46:29.627+08:00] resizeImg start, target size: 361x800
[2026-02-12T20:46:29.789+08:00] resizeImg done (Sharp), target size: 361x800, cost: 162ms
[2026-02-12T20:46:30.734+08:00] resizeImg start, target size: 361x800
[2026-02-12T20:46:30.896+08:00] resizeImg done (Sharp), target size: 361x800, cost: 162ms
[2026-02-12T20:46:34.946+08:00] resizeImg start, target size: 361x800
[2026-02-12T20:46:35.118+08:00] resizeImg done (Sharp), target size: 361x800, cost: 172ms
[2026-02-12T20:46:36.050+08:00] resizeImg start, target size: 361x800
[2026-02-12T20:46:36.215+08:00] resizeImg done (Sharp), target size: 361x800, cost: 165ms
[2026-02-12T20:48:28.297+08:00] resizeImg start, target size: 361x800
[2026-02-12T20:48:28.463+08:00] resizeImg done (Sharp), target size: 361x800, cost: 166ms
[2026-02-12T20:48:33.398+08:00] resizeImg start, target size: 361x800
[2026-02-12T20:48:33.561+08:00] resizeImg done (Sharp), target size: 361x800, cost: 163ms
[2026-02-12T20:48:34.514+08:00] resizeImg start, target size: 361x800
[2026-02-12T20:48:34.682+08:00] resizeImg done (Sharp), target size: 361x800, cost: 168ms
[2026-02-12T20:48:40.785+08:00] resizeImg start, target size: 361x800
[2026-02-12T20:48:40.969+08:00] resizeImg done (Sharp), target size: 361x800, cost: 184ms
[2026-02-12T20:49:11.205+08:00] resizeImg start, target size: 361x800
[2026-02-12T20:49:11.372+08:00] resizeImg done (Sharp), target size: 361x800, cost: 167ms
[2026-02-12T20:49:15.435+08:00] resizeImg start, target size: 361x800
[2026-02-12T20:49:15.600+08:00] resizeImg done (Sharp), target size: 361x800, cost: 165ms
[2026-02-12T20:49:16.557+08:00] resizeImg start, target size: 361x800
[2026-02-12T20:49:16.723+08:00] resizeImg done (Sharp), target size: 361x800, cost: 166ms
[2026-02-12T20:49:21.500+08:00] resizeImg start, target size: 361x800
[2026-02-12T20:49:21.665+08:00] resizeImg done (Sharp), target size: 361x800, cost: 165ms
[2026-02-12T20:51:41.626+08:00] resizeImg start, target size: 361x800
[2026-02-12T20:51:41.793+08:00] resizeImg done (Sharp), target size: 361x800, cost: 167ms
[2026-02-12T20:51:47.363+08:00] resizeImg start, target size: 361x800
[2026-02-12T20:51:47.545+08:00] resizeImg done (Sharp), target size: 361x800, cost: 182ms
[2026-02-12T20:51:48.678+08:00] resizeImg start, target size: 361x800
[2026-02-12T20:51:48.843+08:00] resizeImg done (Sharp), target size: 361x800, cost: 165ms
[2026-02-12T20:51:53.314+08:00] resizeImg start, target size: 361x800
[2026-02-12T20:51:53.493+08:00] resizeImg done (Sharp), target size: 361x800, cost: 179ms
[2026-02-12T20:51:54.624+08:00] resizeImg start, target size: 361x800
[2026-02-12T20:51:54.790+08:00] resizeImg done (Sharp), target size: 361x800, cost: 166ms
[2026-02-12T20:52:01.894+08:00] resizeImg start, target size: 361x800
[2026-02-12T20:52:02.059+08:00] resizeImg done (Sharp), target size: 361x800, cost: 165ms
[2026-02-12T20:52:03.163+08:00] resizeImg start, target size: 361x800
[2026-02-12T20:52:03.326+08:00] resizeImg done (Sharp), target size: 361x800, cost: 163ms
[2026-02-12T20:52:07.138+08:00] resizeImg start, target size: 361x800
[2026-02-12T20:52:07.305+08:00] resizeImg done (Sharp), target size: 361x800, cost: 167ms
[2026-02-12T20:52:08.408+08:00] resizeImg start, target size: 361x800
[2026-02-12T20:52:08.570+08:00] resizeImg done (Sharp), target size: 361x800, cost: 162ms
[2026-02-12T20:52:11.858+08:00] resizeImg start, target size: 361x800
[2026-02-12T20:52:12.026+08:00] resizeImg done (Sharp), target size: 361x800, cost: 168ms
[2026-02-12T20:52:13.118+08:00] resizeImg start, target size: 361x800
[2026-02-12T20:52:13.283+08:00] resizeImg done (Sharp), target size: 361x800, cost: 165ms
[2026-02-12T20:52:17.175+08:00] resizeImg start, target size: 361x800
[2026-02-12T20:52:17.345+08:00] resizeImg done (Sharp), target size: 361x800, cost: 170ms
[2026-02-12T20:52:18.447+08:00] resizeImg start, target size: 361x800
[2026-02-12T20:52:18.611+08:00] resizeImg done (Sharp), target size: 361x800, cost: 164ms
[2026-02-12T20:52:23.922+08:00] resizeImg start, target size: 361x800
[2026-02-12T20:52:24.085+08:00] resizeImg done (Sharp), target size: 361x800, cost: 163ms
[2026-02-12T20:52:25.210+08:00] resizeImg start, target size: 361x800
[2026-02-12T20:52:25.383+08:00] resizeImg done (Sharp), target size: 361x800, cost: 173ms
[2026-02-12T20:52:31.086+08:00] resizeImg start, target size: 361x800
[2026-02-12T20:52:31.253+08:00] resizeImg done (Sharp), target size: 361x800, cost: 167ms
[2026-02-12T20:52:32.357+08:00] resizeImg start, target size: 361x800
[2026-02-12T20:52:32.523+08:00] resizeImg done (Sharp), target size: 361x800, cost: 166ms
[2026-02-12T20:52:37.342+08:00] resizeImg start, target size: 361x800
[2026-02-12T20:52:37.521+08:00] resizeImg done (Sharp), target size: 361x800, cost: 179ms
[2026-02-12T20:52:38.630+08:00] resizeImg start, target size: 361x800
[2026-02-12T20:52:38.798+08:00] resizeImg done (Sharp), target size: 361x800, cost: 168ms
[2026-02-12T20:52:46.146+08:00] resizeImg start, target size: 361x800
[2026-02-12T20:52:46.310+08:00] resizeImg done (Sharp), target size: 361x800, cost: 164ms
[2026-02-12T20:52:47.417+08:00] resizeImg start, target size: 361x800
[2026-02-12T20:52:47.604+08:00] resizeImg done (Sharp), target size: 361x800, cost: 187ms
[2026-02-12T20:52:49.186+08:00] resizeImg start, target size: 361x800
[2026-02-12T20:52:49.351+08:00] resizeImg done (Sharp), target size: 361x800, cost: 165ms
[2026-02-12T20:52:53.433+08:00] resizeImg start, target size: 361x800
[2026-02-12T20:52:53.706+08:00] resizeImg done (Sharp), target size: 361x800, cost: 273ms
[2026-02-12T20:52:54.650+08:00] resizeImg start, target size: 361x800
[2026-02-12T20:52:54.822+08:00] resizeImg start, target size: 361x800
[2026-02-12T20:52:54.823+08:00] resizeImg done (Sharp), target size: 361x800, cost: 173ms
[2026-02-12T20:52:55.056+08:00] resizeImg done (Sharp), target size: 361x800, cost: 234ms
[2026-02-12T21:12:59.662+08:00] Loading photon module in node environment
[2026-02-12T21:12:59.706+08:00] Photon loaded: @silvia-odwyer/photon-node (node)
[2026-02-12T21:12:59.806+08:00] resizeImg start, target size: 361x800
[2026-02-12T21:13:00.055+08:00] resizeImg done (Sharp), target size: 361x800, cost: 249ms
[2026-02-12T21:13:06.147+08:00] resizeImg start, target size: 361x800
[2026-02-12T21:13:06.313+08:00] resizeImg done (Sharp), target size: 361x800, cost: 165ms
[2026-02-12T21:13:07.552+08:00] resizeImg start, target size: 361x800
[2026-02-12T21:13:07.731+08:00] resizeImg done (Sharp), target size: 361x800, cost: 179ms
[2026-02-12T21:13:38.875+08:00] resizeImg start, target size: 361x800
[2026-02-12T21:13:39.055+08:00] resizeImg done (Sharp), target size: 361x800, cost: 180ms
[2026-02-12T21:13:43.057+08:00] resizeImg start, target size: 361x800
[2026-02-12T21:13:43.234+08:00] resizeImg done (Sharp), target size: 361x800, cost: 177ms
[2026-02-12T21:13:44.549+08:00] resizeImg start, target size: 361x800
[2026-02-12T21:13:44.731+08:00] resizeImg done (Sharp), target size: 361x800, cost: 182ms
[2026-02-12T21:13:53.554+08:00] resizeImg start, target size: 361x800
[2026-02-12T21:13:53.740+08:00] resizeImg done (Sharp), target size: 361x800, cost: 186ms
[2026-02-12T21:14:05.008+08:00] resizeImg start, target size: 361x800
[2026-02-12T21:14:05.190+08:00] resizeImg done (Sharp), target size: 361x800, cost: 182ms
[2026-02-12T21:14:16.452+08:00] resizeImg start, target size: 361x800
[2026-02-12T21:14:16.633+08:00] resizeImg done (Sharp), target size: 361x800, cost: 181ms
[2026-02-12T21:14:20.285+08:00] resizeImg start, target size: 361x800
[2026-02-12T21:14:20.504+08:00] resizeImg done (Sharp), target size: 361x800, cost: 219ms
[2026-02-12T21:14:36.565+08:00] resizeImg start, target size: 361x800
[2026-02-12T21:14:36.747+08:00] resizeImg done (Sharp), target size: 361x800, cost: 182ms
[2026-02-12T21:14:40.435+08:00] resizeImg start, target size: 361x800
[2026-02-12T21:14:40.617+08:00] resizeImg done (Sharp), target size: 361x800, cost: 182ms
[2026-02-12T21:14:55.744+08:00] resizeImg start, target size: 361x800
[2026-02-12T21:14:55.923+08:00] resizeImg done (Sharp), target size: 361x800, cost: 179ms
[2026-02-12T21:14:59.661+08:00] resizeImg start, target size: 361x800
[2026-02-12T21:14:59.839+08:00] resizeImg done (Sharp), target size: 361x800, cost: 178ms
[2026-02-12T21:15:11.419+08:00] resizeImg start, target size: 361x800
[2026-02-12T21:15:11.600+08:00] resizeImg done (Sharp), target size: 361x800, cost: 181ms
[2026-02-12T21:15:12.743+08:00] resizeImg start, target size: 361x800
[2026-02-12T21:15:12.921+08:00] resizeImg done (Sharp), target size: 361x800, cost: 178ms
[2026-02-12T21:15:16.292+08:00] resizeImg start, target size: 361x800
[2026-02-12T21:15:16.469+08:00] resizeImg done (Sharp), target size: 361x800, cost: 177ms
[2026-02-12T21:15:16.624+08:00] resizeImg start, target size: 361x800
[2026-02-12T21:15:16.825+08:00] resizeImg done (Sharp), target size: 361x800, cost: 201ms
[2026-02-12T21:15:17.463+08:00] resizeImg start, target size: 361x800
[2026-02-12T21:15:17.631+08:00] resizeImg done (Sharp), target size: 361x800, cost: 168ms
[2026-02-12T21:15:20.913+08:00] resizeImg start, target size: 361x800
[2026-02-12T21:15:21.077+08:00] resizeImg done (Sharp), target size: 361x800, cost: 164ms
[2026-02-12T21:15:24.017+08:00] resizeImg start, target size: 361x800
[2026-02-12T21:15:24.181+08:00] resizeImg done (Sharp), target size: 361x800, cost: 164ms
[2026-02-12T21:15:27.450+08:00] resizeImg start, target size: 361x800
[2026-02-12T21:15:27.645+08:00] resizeImg done (Sharp), target size: 361x800, cost: 195ms
[2026-02-12T21:15:30.166+08:00] resizeImg start, target size: 361x800
[2026-02-12T21:15:30.332+08:00] resizeImg done (Sharp), target size: 361x800, cost: 166ms
[2026-02-12T21:15:35.418+08:00] resizeImg start, target size: 361x800
[2026-02-12T21:15:35.427+08:00] resizeImg start, target size: 361x800
[2026-02-12T21:15:35.597+08:00] resizeImg done (Sharp), target size: 361x800, cost: 179ms
[2026-02-12T21:15:35.618+08:00] resizeImg done (Sharp), target size: 361x800, cost: 191ms
[2026-02-12T21:15:36.634+08:00] resizeImg start, target size: 361x800
[2026-02-12T21:15:36.802+08:00] resizeImg done (Sharp), target size: 361x800, cost: 168ms
[2026-02-12T21:15:38.841+08:00] resizeImg start, target size: 361x800
[2026-02-12T21:15:39.009+08:00] resizeImg done (Sharp), target size: 361x800, cost: 168ms
[2026-02-12T21:15:41.553+08:00] resizeImg start, target size: 361x800
[2026-02-12T21:15:41.723+08:00] resizeImg done (Sharp), target size: 361x800, cost: 170ms
[2026-02-12T21:15:44.410+08:00] resizeImg start, target size: 361x800
[2026-02-12T21:15:44.592+08:00] resizeImg done (Sharp), target size: 361x800, cost: 182ms
[2026-02-12T21:15:44.998+08:00] resizeImg start, target size: 361x800
[2026-02-12T21:15:45.178+08:00] resizeImg done (Sharp), target size: 361x800, cost: 180ms
[2026-02-12T21:15:47.849+08:00] resizeImg start, target size: 361x800
[2026-02-12T21:15:48.017+08:00] resizeImg done (Sharp), target size: 361x800, cost: 168ms
[2026-02-12T21:15:49.635+08:00] resizeImg start, target size: 361x800
[2026-02-12T21:15:49.802+08:00] resizeImg done (Sharp), target size: 361x800, cost: 167ms
[2026-02-12T21:15:50.858+08:00] resizeImg start, target size: 361x800
[2026-02-12T21:15:51.029+08:00] resizeImg done (Sharp), target size: 361x800, cost: 171ms
[2026-02-12T21:15:53.915+08:00] resizeImg start, target size: 361x800
[2026-02-12T21:15:54.084+08:00] resizeImg done (Sharp), target size: 361x800, cost: 169ms
[2026-02-12T21:15:56.084+08:00] resizeImg start, target size: 361x800
[2026-02-12T21:15:56.278+08:00] resizeImg done (Sharp), target size: 361x800, cost: 194ms
[2026-02-12T21:15:57.354+08:00] resizeImg start, target size: 361x800
[2026-02-12T21:15:57.359+08:00] resizeImg start, target size: 361x800
[2026-02-12T21:15:57.540+08:00] resizeImg done (Sharp), target size: 361x800, cost: 186ms
[2026-02-12T21:15:57.574+08:00] resizeImg done (Sharp), target size: 361x800, cost: 215ms
[2026-02-12T21:16:02.412+08:00] resizeImg start, target size: 361x800
[2026-02-12T21:16:02.598+08:00] resizeImg done (Sharp), target size: 361x800, cost: 186ms
[2026-02-12T21:16:03.371+08:00] resizeImg start, target size: 361x800
[2026-02-12T21:16:03.539+08:00] resizeImg done (Sharp), target size: 361x800, cost: 168ms
[2026-02-12T21:16:03.656+08:00] resizeImg start, target size: 361x800
[2026-02-12T21:16:03.823+08:00] resizeImg done (Sharp), target size: 361x800, cost: 167ms
[2026-02-12T21:16:06.782+08:00] resizeImg start, target size: 361x800
[2026-02-12T21:16:06.961+08:00] resizeImg done (Sharp), target size: 361x800, cost: 179ms
[2026-02-12T21:16:07.872+08:00] resizeImg start, target size: 361x800
[2026-02-12T21:16:08.060+08:00] resizeImg done (Sharp), target size: 361x800, cost: 188ms
[2026-02-12T21:16:09.111+08:00] resizeImg start, target size: 361x800
[2026-02-12T21:16:09.276+08:00] resizeImg done (Sharp), target size: 361x800, cost: 165ms
[2026-02-12T21:16:12.517+08:00] resizeImg start, target size: 361x800
[2026-02-12T21:16:12.680+08:00] resizeImg done (Sharp), target size: 361x800, cost: 163ms
[2026-02-12T21:16:15.471+08:00] resizeImg start, target size: 361x800
[2026-02-12T21:16:15.638+08:00] resizeImg done (Sharp), target size: 361x800, cost: 167ms
[2026-02-12T21:16:15.912+08:00] resizeImg start, target size: 361x800
[2026-02-12T21:16:16.093+08:00] resizeImg done (Sharp), target size: 361x800, cost: 181ms
[2026-02-12T21:16:16.714+08:00] resizeImg start, target size: 361x800
[2026-02-12T21:16:16.878+08:00] resizeImg done (Sharp), target size: 361x800, cost: 164ms
[2026-02-12T21:16:21.861+08:00] resizeImg start, target size: 361x800
[2026-02-12T21:16:22.039+08:00] resizeImg done (Sharp), target size: 361x800, cost: 178ms
[2026-02-12T21:16:22.223+08:00] resizeImg start, target size: 361x800
[2026-02-12T21:16:22.401+08:00] resizeImg done (Sharp), target size: 361x800, cost: 178ms
[2026-02-12T21:16:23.088+08:00] resizeImg start, target size: 361x800
[2026-02-12T21:16:23.257+08:00] resizeImg done (Sharp), target size: 361x800, cost: 169ms
[2026-02-12T21:16:25.614+08:00] resizeImg start, target size: 361x800
[2026-02-12T21:16:25.794+08:00] resizeImg done (Sharp), target size: 361x800, cost: 180ms
[2026-02-12T21:16:28.117+08:00] resizeImg start, target size: 361x800
[2026-02-12T21:16:28.284+08:00] resizeImg done (Sharp), target size: 361x800, cost: 167ms
[2026-02-12T21:16:29.349+08:00] resizeImg start, target size: 361x800
[2026-02-12T21:16:29.516+08:00] resizeImg done (Sharp), target size: 361x800, cost: 167ms
[2026-02-12T21:16:32.123+08:00] resizeImg start, target size: 361x800
[2026-02-12T21:16:32.300+08:00] resizeImg done (Sharp), target size: 361x800, cost: 177ms
[2026-02-12T21:16:34.327+08:00] resizeImg start, target size: 361x800
[2026-02-12T21:16:34.509+08:00] resizeImg done (Sharp), target size: 361x800, cost: 182ms
[2026-02-12T21:16:35.588+08:00] resizeImg start, target size: 361x800
[2026-02-12T21:16:35.615+08:00] resizeImg start, target size: 361x800
[2026-02-12T21:16:35.778+08:00] resizeImg done (Sharp), target size: 361x800, cost: 190ms
[2026-02-12T21:16:35.824+08:00] resizeImg done (Sharp), target size: 361x800, cost: 209ms
[2026-02-12T21:16:41.670+08:00] resizeImg start, target size: 361x800
[2026-02-12T21:16:41.679+08:00] resizeImg start, target size: 361x800
[2026-02-12T21:16:41.851+08:00] resizeImg done (Sharp), target size: 361x800, cost: 181ms
[2026-02-12T21:16:41.889+08:00] resizeImg done (Sharp), target size: 361x800, cost: 210ms
[2026-02-12T21:16:42.933+08:00] resizeImg start, target size: 361x800
[2026-02-12T21:16:43.121+08:00] resizeImg done (Sharp), target size: 361x800, cost: 188ms
[2026-02-12T21:16:45.131+08:00] resizeImg start, target size: 361x800
[2026-02-12T21:16:45.296+08:00] resizeImg done (Sharp), target size: 361x800, cost: 165ms
[2026-02-12T21:16:49.508+08:00] resizeImg start, target size: 361x800
[2026-02-12T21:16:49.683+08:00] resizeImg done (Sharp), target size: 361x800, cost: 175ms
[2026-02-12T21:16:50.769+08:00] resizeImg start, target size: 361x800
[2026-02-12T21:16:50.940+08:00] resizeImg done (Sharp), target size: 361x800, cost: 171ms
[2026-02-12T21:16:52.240+08:00] resizeImg start, target size: 361x800
[2026-02-12T21:16:52.270+08:00] resizeImg start, target size: 361x800
[2026-02-12T21:16:52.424+08:00] resizeImg done (Sharp), target size: 361x800, cost: 184ms
[2026-02-12T21:16:52.457+08:00] resizeImg done (Sharp), target size: 361x800, cost: 187ms
[2026-02-12T21:16:55.725+08:00] resizeImg start, target size: 361x800
[2026-02-12T21:16:55.899+08:00] resizeImg start, target size: 361x800
[2026-02-12T21:16:55.900+08:00] resizeImg done (Sharp), target size: 361x800, cost: 175ms
[2026-02-12T21:16:56.122+08:00] resizeImg done (Sharp), target size: 361x800, cost: 223ms
[2026-02-12T21:16:57.206+08:00] resizeImg start, target size: 361x800
[2026-02-12T21:16:57.375+08:00] resizeImg done (Sharp), target size: 361x800, cost: 169ms
[2026-02-12T21:17:00.800+08:00] resizeImg start, target size: 361x800
[2026-02-12T21:17:00.971+08:00] resizeImg start, target size: 361x800
[2026-02-12T21:17:00.972+08:00] resizeImg done (Sharp), target size: 361x800, cost: 172ms
[2026-02-12T21:17:01.178+08:00] resizeImg done (Sharp), target size: 361x800, cost: 207ms
[2026-02-12T21:17:01.354+08:00] resizeImg start, target size: 361x800
[2026-02-12T21:17:01.535+08:00] resizeImg done (Sharp), target size: 361x800, cost: 181ms
[2026-02-12T21:17:03.305+08:00] resizeImg start, target size: 361x800
[2026-02-12T21:17:03.483+08:00] resizeImg done (Sharp), target size: 361x800, cost: 178ms
[2026-02-12T21:17:04.812+08:00] resizeImg start, target size: 361x800
[2026-02-12T21:17:04.980+08:00] resizeImg done (Sharp), target size: 361x800, cost: 168ms
[2026-02-12T21:17:10.203+08:00] resizeImg start, target size: 361x800
[2026-02-12T21:17:10.375+08:00] resizeImg done (Sharp), target size: 361x800, cost: 172ms
[2026-02-12T21:17:11.204+08:00] resizeImg start, target size: 361x800
[2026-02-12T21:17:11.374+08:00] resizeImg done (Sharp), target size: 361x800, cost: 170ms
[2026-02-12T21:17:14.672+08:00] resizeImg start, target size: 361x800
[2026-02-12T21:17:14.839+08:00] resizeImg done (Sharp), target size: 361x800, cost: 167ms
[2026-02-12T21:17:19.082+08:00] resizeImg start, target size: 361x800
[2026-02-12T21:17:19.249+08:00] resizeImg done (Sharp), target size: 361x800, cost: 167ms
[2026-02-12T21:17:20.999+08:00] resizeImg start, target size: 361x800
[2026-02-12T21:17:21.169+08:00] resizeImg done (Sharp), target size: 361x800, cost: 170ms
[2026-02-12T21:17:24.137+08:00] resizeImg start, target size: 361x800
[2026-02-12T21:17:24.305+08:00] resizeImg done (Sharp), target size: 361x800, cost: 168ms
[2026-02-12T21:17:24.441+08:00] resizeImg start, target size: 361x800
[2026-02-12T21:17:24.611+08:00] resizeImg done (Sharp), target size: 361x800, cost: 170ms
[2026-02-12T21:17:25.396+08:00] resizeImg start, target size: 361x800
[2026-02-12T21:17:25.563+08:00] resizeImg done (Sharp), target size: 361x800, cost: 167ms
[2026-02-12T21:17:29.331+08:00] resizeImg start, target size: 361x800
[2026-02-12T21:17:29.498+08:00] resizeImg done (Sharp), target size: 361x800, cost: 167ms
[2026-02-12T21:17:30.635+08:00] resizeImg start, target size: 361x800
[2026-02-12T21:17:30.803+08:00] resizeImg done (Sharp), target size: 361x800, cost: 168ms
[2026-02-12T21:17:34.082+08:00] resizeImg start, target size: 361x800
[2026-02-12T21:17:34.244+08:00] resizeImg done (Sharp), target size: 361x800, cost: 162ms
[2026-02-12T21:17:38.912+08:00] resizeImg start, target size: 361x800
[2026-02-12T21:17:39.084+08:00] resizeImg done (Sharp), target size: 361x800, cost: 172ms
[2026-02-12T21:17:40.544+08:00] resizeImg start, target size: 361x800
[2026-02-12T21:17:40.711+08:00] resizeImg done (Sharp), target size: 361x800, cost: 167ms
[2026-02-12T21:17:42.290+08:00] resizeImg start, target size: 361x800
[2026-02-12T21:17:42.458+08:00] resizeImg done (Sharp), target size: 361x800, cost: 168ms
[2026-02-12T21:17:45.232+08:00] resizeImg start, target size: 361x800
[2026-02-12T21:17:45.398+08:00] resizeImg done (Sharp), target size: 361x800, cost: 166ms
[2026-02-12T21:17:46.448+08:00] resizeImg start, target size: 361x800
[2026-02-12T21:17:46.618+08:00] resizeImg done (Sharp), target size: 361x800, cost: 170ms
[2026-02-12T21:17:51.428+08:00] resizeImg start, target size: 361x800
[2026-02-12T21:17:51.599+08:00] resizeImg done (Sharp), target size: 361x800, cost: 172ms
[2026-02-12T21:17:51.994+08:00] resizeImg start, target size: 361x800
[2026-02-12T21:17:52.161+08:00] resizeImg done (Sharp), target size: 361x800, cost: 167ms
[2026-02-12T21:17:52.661+08:00] resizeImg start, target size: 361x800
[2026-02-12T21:17:52.830+08:00] resizeImg done (Sharp), target size: 361x800, cost: 169ms
[2026-02-12T21:17:55.407+08:00] resizeImg start, target size: 361x800
[2026-02-12T21:17:55.580+08:00] resizeImg done (Sharp), target size: 361x800, cost: 173ms
[2026-02-12T21:17:57.630+08:00] resizeImg start, target size: 361x800
[2026-02-12T21:17:57.811+08:00] resizeImg done (Sharp), target size: 361x800, cost: 181ms
[2026-02-12T21:17:58.869+08:00] resizeImg start, target size: 361x800
[2026-02-12T21:17:59.034+08:00] resizeImg done (Sharp), target size: 361x800, cost: 165ms
[2026-02-12T21:18:00.685+08:00] resizeImg start, target size: 361x800
[2026-02-12T21:18:00.851+08:00] resizeImg done (Sharp), target size: 361x800, cost: 166ms
[2026-02-12T21:18:03.567+08:00] resizeImg start, target size: 361x800
[2026-02-12T21:18:03.735+08:00] resizeImg done (Sharp), target size: 361x800, cost: 168ms
[2026-02-12T21:18:04.216+08:00] resizeImg start, target size: 361x800
[2026-02-12T21:18:04.384+08:00] resizeImg done (Sharp), target size: 361x800, cost: 168ms
[2026-02-12T21:18:04.857+08:00] resizeImg start, target size: 361x800
[2026-02-12T21:18:05.037+08:00] resizeImg done (Sharp), target size: 361x800, cost: 180ms
[2026-02-12T21:18:09.906+08:00] resizeImg start, target size: 361x800
[2026-02-12T21:18:10.071+08:00] resizeImg done (Sharp), target size: 361x800, cost: 165ms
[2026-02-12T21:18:11.192+08:00] resizeImg start, target size: 361x800
[2026-02-12T21:18:11.371+08:00] resizeImg done (Sharp), target size: 361x800, cost: 179ms
[2026-02-12T21:18:19.666+08:00] resizeImg start, target size: 361x800
[2026-02-12T21:18:19.831+08:00] resizeImg done (Sharp), target size: 361x800, cost: 165ms
[2026-02-12T21:18:20.920+08:00] resizeImg start, target size: 361x800
[2026-02-12T21:18:21.086+08:00] resizeImg done (Sharp), target size: 361x800, cost: 166ms
[2026-02-12T21:18:26.343+08:00] resizeImg start, target size: 361x800
[2026-02-12T21:18:26.520+08:00] resizeImg done (Sharp), target size: 361x800, cost: 177ms
[2026-02-12T21:18:27.645+08:00] resizeImg start, target size: 361x800
[2026-02-12T21:18:27.814+08:00] resizeImg done (Sharp), target size: 361x800, cost: 169ms
[2026-02-12T21:18:33.006+08:00] resizeImg start, target size: 361x800
[2026-02-12T21:18:33.177+08:00] resizeImg done (Sharp), target size: 361x800, cost: 171ms
[2026-02-12T21:18:34.269+08:00] resizeImg start, target size: 361x800
[2026-02-12T21:18:34.433+08:00] resizeImg done (Sharp), target size: 361x800, cost: 164ms
[2026-02-12T21:18:39.116+08:00] resizeImg start, target size: 361x800
[2026-02-12T21:18:39.282+08:00] resizeImg done (Sharp), target size: 361x800, cost: 166ms
[2026-02-12T21:18:40.391+08:00] resizeImg start, target size: 361x800
[2026-02-12T21:18:40.572+08:00] resizeImg done (Sharp), target size: 361x800, cost: 181ms
[2026-02-12T21:18:45.089+08:00] resizeImg start, target size: 361x800
[2026-02-12T21:18:45.265+08:00] resizeImg done (Sharp), target size: 361x800, cost: 176ms
[2026-02-12T21:18:46.361+08:00] resizeImg start, target size: 361x800
[2026-02-12T21:18:46.525+08:00] resizeImg done (Sharp), target size: 361x800, cost: 164ms
[2026-02-12T21:18:50.175+08:00] resizeImg start, target size: 361x800
[2026-02-12T21:18:50.350+08:00] resizeImg done (Sharp), target size: 361x800, cost: 175ms
[2026-02-12T21:18:50.693+08:00] resizeImg start, target size: 361x800
[2026-02-12T21:18:50.859+08:00] resizeImg done (Sharp), target size: 361x800, cost: 166ms
[2026-02-12T21:18:51.976+08:00] resizeImg start, target size: 361x800
[2026-02-12T21:18:52.144+08:00] resizeImg done (Sharp), target size: 361x800, cost: 168ms
[2026-02-12T21:18:53.416+08:00] resizeImg start, target size: 361x800
[2026-02-12T21:18:53.585+08:00] resizeImg done (Sharp), target size: 361x800, cost: 169ms
[2026-02-12T21:18:55.305+08:00] resizeImg start, target size: 361x800
[2026-02-12T21:18:55.475+08:00] resizeImg done (Sharp), target size: 361x800, cost: 170ms
[2026-02-12T21:18:57.455+08:00] resizeImg start, target size: 361x800
[2026-02-12T21:18:57.636+08:00] resizeImg done (Sharp), target size: 361x800, cost: 181ms
[2026-02-12T21:19:01.446+08:00] resizeImg start, target size: 361x800
[2026-02-12T21:19:01.613+08:00] resizeImg done (Sharp), target size: 361x800, cost: 167ms
[2026-02-12T21:19:30.972+08:00] resizeImg start, target size: 361x800
[2026-02-12T21:19:31.136+08:00] resizeImg done (Sharp), target size: 361x800, cost: 164ms
[2026-02-12T21:19:41.026+08:00] resizeImg start, target size: 361x800
[2026-02-12T21:19:41.196+08:00] resizeImg done (Sharp), target size: 361x800, cost: 170ms
[2026-02-12T21:19:42.321+08:00] resizeImg start, target size: 361x800
[2026-02-12T21:19:42.485+08:00] resizeImg done (Sharp), target size: 361x800, cost: 164ms
[2026-02-12T21:19:47.256+08:00] resizeImg start, target size: 361x800
[2026-02-12T21:19:47.425+08:00] resizeImg done (Sharp), target size: 361x800, cost: 169ms
[2026-02-12T21:19:48.541+08:00] resizeImg start, target size: 361x800
[2026-02-12T21:19:48.712+08:00] resizeImg done (Sharp), target size: 361x800, cost: 171ms
[2026-02-12T21:19:53.514+08:00] resizeImg start, target size: 361x800
[2026-02-12T21:19:53.682+08:00] resizeImg done (Sharp), target size: 361x800, cost: 168ms
[2026-02-12T21:19:54.790+08:00] resizeImg start, target size: 361x800
[2026-02-12T21:19:54.967+08:00] resizeImg done (Sharp), target size: 361x800, cost: 177ms
[2026-02-12T21:19:59.605+08:00] resizeImg start, target size: 361x800
[2026-02-12T21:19:59.777+08:00] resizeImg done (Sharp), target size: 361x800, cost: 172ms
[2026-02-12T21:20:00.878+08:00] resizeImg start, target size: 361x800
[2026-02-12T21:20:01.040+08:00] resizeImg done (Sharp), target size: 361x800, cost: 162ms
[2026-02-12T21:20:05.936+08:00] resizeImg start, target size: 361x800
[2026-02-12T21:20:06.104+08:00] resizeImg done (Sharp), target size: 361x800, cost: 168ms
[2026-02-12T21:20:07.186+08:00] resizeImg start, target size: 361x800
[2026-02-12T21:20:07.351+08:00] resizeImg done (Sharp), target size: 361x800, cost: 165ms
[2026-02-12T21:20:11.671+08:00] resizeImg start, target size: 361x800
[2026-02-12T21:20:11.845+08:00] resizeImg done (Sharp), target size: 361x800, cost: 174ms
[2026-02-12T21:20:12.948+08:00] resizeImg start, target size: 361x800
[2026-02-12T21:20:13.134+08:00] resizeImg done (Sharp), target size: 361x800, cost: 186ms
[2026-02-12T21:20:17.167+08:00] resizeImg start, target size: 361x800
[2026-02-12T21:20:17.342+08:00] resizeImg done (Sharp), target size: 361x800, cost: 175ms
[2026-02-12T21:20:18.479+08:00] resizeImg start, target size: 361x800
[2026-02-12T21:20:18.662+08:00] resizeImg done (Sharp), target size: 361x800, cost: 183ms
[2026-02-12T21:20:23.028+08:00] resizeImg start, target size: 361x800
[2026-02-12T21:20:23.190+08:00] resizeImg done (Sharp), target size: 361x800, cost: 162ms
[2026-02-12T21:20:24.304+08:00] resizeImg start, target size: 361x800
[2026-02-12T21:20:24.471+08:00] resizeImg done (Sharp), target size: 361x800, cost: 167ms
[2026-02-12T21:20:29.237+08:00] resizeImg start, target size: 361x800
[2026-02-12T21:20:29.400+08:00] resizeImg done (Sharp), target size: 361x800, cost: 163ms
[2026-02-12T21:20:30.524+08:00] resizeImg start, target size: 361x800
[2026-02-12T21:20:30.700+08:00] resizeImg done (Sharp), target size: 361x800, cost: 176ms
[2026-02-12T21:20:35.321+08:00] resizeImg start, target size: 361x800
[2026-02-12T21:20:35.493+08:00] resizeImg done (Sharp), target size: 361x800, cost: 172ms
[2026-02-12T21:20:36.599+08:00] resizeImg start, target size: 361x800
[2026-02-12T21:20:36.776+08:00] resizeImg done (Sharp), target size: 361x800, cost: 177ms
[2026-02-12T21:20:41.032+08:00] resizeImg start, target size: 361x800
[2026-02-12T21:20:41.064+08:00] resizeImg start, target size: 361x800
[2026-02-12T21:20:41.215+08:00] resizeImg done (Sharp), target size: 361x800, cost: 183ms
[2026-02-12T21:20:41.235+08:00] resizeImg done (Sharp), target size: 361x800, cost: 171ms
[2026-02-12T21:20:42.337+08:00] resizeImg start, target size: 361x800
[2026-02-12T21:20:42.504+08:00] resizeImg done (Sharp), target size: 361x800, cost: 167ms
[2026-02-12T21:20:44.199+08:00] resizeImg start, target size: 361x800
[2026-02-12T21:20:44.378+08:00] resizeImg done (Sharp), target size: 361x800, cost: 179ms
[2026-02-12T21:20:45.333+08:00] resizeImg start, target size: 361x800
[2026-02-12T21:20:45.500+08:00] resizeImg done (Sharp), target size: 361x800, cost: 167ms
[2026-02-12T21:20:47.965+08:00] resizeImg start, target size: 361x800
[2026-02-12T21:20:48.139+08:00] resizeImg done (Sharp), target size: 361x800, cost: 174ms
[2026-02-12T21:20:49.174+08:00] resizeImg start, target size: 361x800
[2026-02-12T21:20:49.339+08:00] resizeImg done (Sharp), target size: 361x800, cost: 165ms
[2026-02-12T21:22:48.923+08:00] resizeImg start, target size: 361x800
[2026-02-12T21:22:49.099+08:00] resizeImg done (Sharp), target size: 361x800, cost: 176ms
[2026-02-12T21:22:55.001+08:00] resizeImg start, target size: 361x800
[2026-02-12T21:22:55.169+08:00] resizeImg done (Sharp), target size: 361x800, cost: 168ms
[2026-02-12T21:22:56.323+08:00] resizeImg start, target size: 361x800
[2026-02-12T21:22:56.487+08:00] resizeImg done (Sharp), target size: 361x800, cost: 163ms
[2026-02-12T21:23:00.108+08:00] resizeImg start, target size: 361x800
[2026-02-12T21:23:00.279+08:00] resizeImg done (Sharp), target size: 361x800, cost: 171ms
[2026-02-12T21:23:12.627+08:00] resizeImg start, target size: 361x800
[2026-02-12T21:23:12.796+08:00] resizeImg done (Sharp), target size: 361x800, cost: 169ms
[2026-02-12T21:23:19.209+08:00] resizeImg start, target size: 361x800
[2026-02-12T21:23:19.380+08:00] resizeImg done (Sharp), target size: 361x800, cost: 171ms
[2026-02-12T21:23:21.862+08:00] resizeImg start, target size: 361x800
[2026-02-12T21:23:22.025+08:00] resizeImg done (Sharp), target size: 361x800, cost: 163ms
[2026-02-12T21:23:25.483+08:00] resizeImg start, target size: 361x800
[2026-02-12T21:23:25.662+08:00] resizeImg done (Sharp), target size: 361x800, cost: 179ms
[2026-02-12T21:23:37.893+08:00] resizeImg start, target size: 361x800
[2026-02-12T21:23:38.091+08:00] resizeImg done (Sharp), target size: 361x800, cost: 198ms
[2026-02-12T21:23:42.731+08:00] resizeImg start, target size: 361x800
[2026-02-12T21:23:42.896+08:00] resizeImg done (Sharp), target size: 361x800, cost: 165ms
[2026-02-12T21:23:44.056+08:00] resizeImg start, target size: 361x800
[2026-02-12T21:23:44.226+08:00] resizeImg done (Sharp), target size: 361x800, cost: 170ms
[2026-02-12T21:23:47.497+08:00] resizeImg start, target size: 361x800
[2026-02-12T21:23:47.667+08:00] resizeImg done (Sharp), target size: 361x800, cost: 170ms
[2026-02-12T21:24:00.676+08:00] resizeImg start, target size: 361x800
[2026-02-12T21:24:00.841+08:00] resizeImg done (Sharp), target size: 361x800, cost: 165ms
[2026-02-12T21:24:04.260+08:00] resizeImg start, target size: 361x800
[2026-02-12T21:24:04.424+08:00] resizeImg done (Sharp), target size: 361x800, cost: 164ms
[2026-02-12T21:24:10.322+08:00] resizeImg start, target size: 361x800
[2026-02-12T21:24:10.515+08:00] resizeImg done (Sharp), target size: 361x800, cost: 193ms
[2026-02-12T21:24:14.002+08:00] resizeImg start, target size: 361x800
[2026-02-12T21:24:14.170+08:00] resizeImg done (Sharp), target size: 361x800, cost: 168ms
[2026-02-12T21:24:27.153+08:00] resizeImg start, target size: 361x800
[2026-02-12T21:24:27.331+08:00] resizeImg done (Sharp), target size: 361x800, cost: 178ms
[2026-02-12T21:24:31.188+08:00] resizeImg start, target size: 361x800
[2026-02-12T21:24:31.358+08:00] resizeImg done (Sharp), target size: 361x800, cost: 170ms
[2026-02-12T21:24:40.263+08:00] resizeImg start, target size: 361x800
[2026-02-12T21:24:40.430+08:00] resizeImg done (Sharp), target size: 361x800, cost: 167ms
[2026-02-12T21:24:44.855+08:00] resizeImg start, target size: 361x800
[2026-02-12T21:24:45.021+08:00] resizeImg done (Sharp), target size: 361x800, cost: 166ms
[2026-02-13T18:10:39.308+08:00] Loading photon module in node environment
[2026-02-13T18:10:39.339+08:00] Photon loaded: @silvia-odwyer/photon-node (node)
[2026-02-13T18:10:39.496+08:00] resizeImg start, target size: 1061x726
[2026-02-13T18:10:39.689+08:00] resizeImg done (Sharp), target size: 1061x726, cost: 193ms
[2026-02-13T18:10:45.953+08:00] resizeImg start, target size: 1061x726
[2026-02-13T18:10:46.064+08:00] resizeImg done (Sharp), target size: 1061x726, cost: 111ms
[2026-02-13T18:10:47.093+08:00] resizeImg start, target size: 1061x726
[2026-02-13T18:10:47.239+08:00] resizeImg done (Sharp), target size: 1061x726, cost: 146ms
[2026-02-13T18:10:50.333+08:00] resizeImg start, target size: 1061x726
[2026-02-13T18:10:50.444+08:00] resizeImg done (Sharp), target size: 1061x726, cost: 111ms
