[2026-02-09T22:20:55.661+08:00] Action space from connected agent: Tap, DoubleClick, Input, Scroll, DragAndDrop, KeyboardPress, LongPress, PullGesture, ClearInput, RunAdbShell, Launch, AndroidBackButton, AndroidHomeButton, AndroidRecentAppsButton, Sleep
[2026-02-09T22:20:55.665+08:00] Total tools prepared: 18
[2026-02-09T22:20:55.710+08:00] Registered 18 tools
[2026-02-09T22:20:56.240+08:00] Action space from connected agent: Tap, DoubleClick, Input, Scroll, DragAndDrop, KeyboardPress, LongPress, PullGesture, ClearInput, RunAdbShell, Launch, AndroidBackButton, AndroidHomeButton, AndroidRecentAppsButton, Sleep
[2026-02-09T22:20:56.244+08:00] Total tools prepared: 18
[2026-02-09T22:20:56.246+08:00] Registered 18 tools
[2026-02-09T22:21:00.249+08:00] Bridge mode detected - agent will be initialized on first web_connect call
[2026-02-09T22:21:00.284+08:00] Action space from temporary device: Tap, RightClick, Hover, Input, KeyboardPress, Scroll, DragAndDrop
[2026-02-09T22:21:00.288+08:00] Total tools prepared: 10
[2026-02-09T22:21:00.288+08:00] Registered 10 tools
[2026-02-09T22:21:00.342+08:00] Bridge mode detected - agent will be initialized on first web_connect call
[2026-02-09T22:21:00.381+08:00] Action space from temporary device: Tap, RightClick, Hover, Input, KeyboardPress, Scroll, DragAndDrop
[2026-02-09T22:21:00.389+08:00] Total tools prepared: 10
[2026-02-09T22:21:00.390+08:00] Registered 10 tools
[2026-02-09T22:29:40.328+08:00] Action space from connected agent: Tap, DoubleClick, Input, Scroll, DragAndDrop, KeyboardPress, LongPress, PullGesture, ClearInput, RunAdbShell, Launch, AndroidBackButton, AndroidHomeButton, AndroidRecentAppsButton, Sleep
[2026-02-09T22:29:40.331+08:00] Total tools prepared: 18
[2026-02-09T22:29:40.333+08:00] Registered 18 tools
[2026-02-09T22:29:40.351+08:00] Action space from connected agent: Tap, DoubleClick, Input, Scroll, DragAndDrop, KeyboardPress, LongPress, PullGesture, ClearInput, RunAdbShell, Launch, AndroidBackButton, AndroidHomeButton, AndroidRecentAppsButton, Sleep
[2026-02-09T22:29:40.355+08:00] Total tools prepared: 18
[2026-02-09T22:29:40.358+08:00] Registered 18 tools
[2026-02-09T22:29:44.003+08:00] Bridge mode detected - agent will be initialized on first web_connect call
[2026-02-09T22:29:44.026+08:00] Action space from temporary device: Tap, RightClick, Hover, Input, KeyboardPress, Scroll, DragAndDrop
[2026-02-09T22:29:44.030+08:00] Total tools prepared: 10
[2026-02-09T22:29:44.030+08:00] Registered 10 tools
[2026-02-09T22:29:44.003+08:00] Bridge mode detected - agent will be initialized on first web_connect call
[2026-02-09T22:29:44.037+08:00] Action space from temporary device: Tap, RightClick, Hover, Input, KeyboardPress, Scroll, DragAndDrop
[2026-02-09T22:29:44.041+08:00] Total tools prepared: 10
[2026-02-09T22:29:44.041+08:00] Registered 10 tools
[2026-02-09T22:30:38.448+08:00] Action space from connected agent: Tap, DoubleClick, Input, Scroll, DragAndDrop, KeyboardPress, LongPress, PullGesture, ClearInput, RunAdbShell, Launch, AndroidBackButton, AndroidHomeButton, AndroidRecentAppsButton, Sleep
[2026-02-09T22:30:38.454+08:00] Total tools prepared: 18
[2026-02-09T22:30:38.458+08:00] Registered 18 tools
[2026-02-09T22:30:38.865+08:00] Action space from connected agent: Tap, DoubleClick, Input, Scroll, DragAndDrop, KeyboardPress, LongPress, PullGesture, ClearInput, RunAdbShell, Launch, AndroidBackButton, AndroidHomeButton, AndroidRecentAppsButton, Sleep
[2026-02-09T22:30:38.869+08:00] Total tools prepared: 18
[2026-02-09T22:30:38.871+08:00] Registered 18 tools
[2026-02-09T22:30:42.272+08:00] Bridge mode detected - agent will be initialized on first web_connect call
[2026-02-09T22:30:42.368+08:00] Action space from temporary device: Tap, RightClick, Hover, Input, KeyboardPress, Scroll, DragAndDrop
[2026-02-09T22:30:42.372+08:00] Total tools prepared: 10
[2026-02-09T22:30:42.373+08:00] Registered 10 tools
[2026-02-09T22:30:42.845+08:00] Bridge mode detected - agent will be initialized on first web_connect call
[2026-02-09T22:30:42.875+08:00] Action space from temporary device: Tap, RightClick, Hover, Input, KeyboardPress, Scroll, DragAndDrop
[2026-02-09T22:30:42.881+08:00] Total tools prepared: 10
[2026-02-09T22:30:42.882+08:00] Registered 10 tools
[2026-02-09T22:32:08.853+08:00] Action space from connected agent: Tap, DoubleClick, Input, Scroll, DragAndDrop, KeyboardPress, LongPress, PullGesture, ClearInput, RunAdbShell, Launch, AndroidBackButton, AndroidHomeButton, AndroidRecentAppsButton, Sleep
[2026-02-09T22:32:08.858+08:00] Total tools prepared: 18
[2026-02-09T22:32:08.861+08:00] Registered 18 tools
[2026-02-09T22:32:09.114+08:00] Action space from connected agent: Tap, DoubleClick, Input, Scroll, DragAndDrop, KeyboardPress, LongPress, PullGesture, ClearInput, RunAdbShell, Launch, AndroidBackButton, AndroidHomeButton, AndroidRecentAppsButton, Sleep
[2026-02-09T22:32:09.118+08:00] Total tools prepared: 18
[2026-02-09T22:32:09.122+08:00] Registered 18 tools
[2026-02-09T22:32:13.078+08:00] Bridge mode detected - agent will be initialized on first web_connect call
[2026-02-09T22:32:13.153+08:00] Action space from temporary device: Tap, RightClick, Hover, Input, KeyboardPress, Scroll, DragAndDrop
[2026-02-09T22:32:13.157+08:00] Total tools prepared: 10
[2026-02-09T22:32:13.157+08:00] Registered 10 tools
[2026-02-09T22:32:13.129+08:00] Bridge mode detected - agent will be initialized on first web_connect call
[2026-02-09T22:32:13.199+08:00] Action space from temporary device: Tap, RightClick, Hover, Input, KeyboardPress, Scroll, DragAndDrop
[2026-02-09T22:32:13.203+08:00] Total tools prepared: 10
[2026-02-09T22:32:13.204+08:00] Registered 10 tools
[2026-02-09T22:34:08.771+08:00] Action space from connected agent: Tap, DoubleClick, Input, Scroll, DragAndDrop, KeyboardPress, LongPress, PullGesture, ClearInput, RunAdbShell, Launch, AndroidBackButton, AndroidHomeButton, AndroidRecentAppsButton, Sleep
[2026-02-09T22:34:08.775+08:00] Total tools prepared: 18
[2026-02-09T22:34:08.788+08:00] Registered 18 tools
[2026-02-09T22:34:09.161+08:00] Action space from connected agent: Tap, DoubleClick, Input, Scroll, DragAndDrop, KeyboardPress, LongPress, PullGesture, ClearInput, RunAdbShell, Launch, AndroidBackButton, AndroidHomeButton, AndroidRecentAppsButton, Sleep
[2026-02-09T22:34:09.165+08:00] Total tools prepared: 18
[2026-02-09T22:34:09.167+08:00] Registered 18 tools
[2026-02-09T22:34:12.800+08:00] Bridge mode detected - agent will be initialized on first web_connect call
[2026-02-09T22:34:12.869+08:00] Action space from temporary device: Tap, RightClick, Hover, Input, KeyboardPress, Scroll, DragAndDrop
[2026-02-09T22:34:12.873+08:00] Total tools prepared: 10
[2026-02-09T22:34:12.874+08:00] Registered 10 tools
[2026-02-09T22:34:13.148+08:00] Bridge mode detected - agent will be initialized on first web_connect call
[2026-02-09T22:34:13.178+08:00] Action space from temporary device: Tap, RightClick, Hover, Input, KeyboardPress, Scroll, DragAndDrop
[2026-02-09T22:34:13.183+08:00] Total tools prepared: 10
[2026-02-09T22:34:13.183+08:00] Registered 10 tools
[2026-02-09T22:36:09.130+08:00] Action space from connected agent: Tap, DoubleClick, Input, Scroll, DragAndDrop, KeyboardPress, LongPress, PullGesture, ClearInput, RunAdbShell, Launch, AndroidBackButton, AndroidHomeButton, AndroidRecentAppsButton, Sleep
[2026-02-09T22:36:09.135+08:00] Total tools prepared: 18
[2026-02-09T22:36:09.138+08:00] Registered 18 tools
[2026-02-09T22:36:09.549+08:00] Action space from connected agent: Tap, DoubleClick, Input, Scroll, DragAndDrop, KeyboardPress, LongPress, PullGesture, ClearInput, RunAdbShell, Launch, AndroidBackButton, AndroidHomeButton, AndroidRecentAppsButton, Sleep
[2026-02-09T22:36:09.555+08:00] Total tools prepared: 18
[2026-02-09T22:36:09.558+08:00] Registered 18 tools
[2026-02-09T22:36:13.712+08:00] Bridge mode detected - agent will be initialized on first web_connect call
[2026-02-09T22:36:13.745+08:00] Action space from temporary device: Tap, RightClick, Hover, Input, KeyboardPress, Scroll, DragAndDrop
[2026-02-09T22:36:13.749+08:00] Total tools prepared: 10
[2026-02-09T22:36:13.749+08:00] Registered 10 tools
[2026-02-09T22:36:13.705+08:00] Bridge mode detected - agent will be initialized on first web_connect call
[2026-02-09T22:36:13.746+08:00] Action space from temporary device: Tap, RightClick, Hover, Input, KeyboardPress, Scroll, DragAndDrop
[2026-02-09T22:36:13.749+08:00] Total tools prepared: 10
[2026-02-09T22:36:13.750+08:00] Registered 10 tools
[2026-02-09T22:38:09.706+08:00] Action space from connected agent: Tap, DoubleClick, Input, Scroll, DragAndDrop, KeyboardPress, LongPress, PullGesture, ClearInput, RunAdbShell, Launch, AndroidBackButton, AndroidHomeButton, AndroidRecentAppsButton, Sleep
[2026-02-09T22:38:09.713+08:00] Total tools prepared: 18
[2026-02-09T22:38:09.716+08:00] Registered 18 tools
[2026-02-09T22:38:09.811+08:00] Action space from connected agent: Tap, DoubleClick, Input, Scroll, DragAndDrop, KeyboardPress, LongPress, PullGesture, ClearInput, RunAdbShell, Launch, AndroidBackButton, AndroidHomeButton, AndroidRecentAppsButton, Sleep
[2026-02-09T22:38:09.815+08:00] Total tools prepared: 18
[2026-02-09T22:38:09.817+08:00] Registered 18 tools
[2026-02-09T22:38:14.335+08:00] Bridge mode detected - agent will be initialized on first web_connect call
[2026-02-09T22:38:14.361+08:00] Action space from temporary device: Tap, RightClick, Hover, Input, KeyboardPress, Scroll, DragAndDrop
[2026-02-09T22:38:14.365+08:00] Total tools prepared: 10
[2026-02-09T22:38:14.365+08:00] Registered 10 tools
[2026-02-09T22:38:14.711+08:00] Bridge mode detected - agent will be initialized on first web_connect call
[2026-02-09T22:38:14.750+08:00] Action space from temporary device: Tap, RightClick, Hover, Input, KeyboardPress, Scroll, DragAndDrop
[2026-02-09T22:38:14.759+08:00] Total tools prepared: 10
[2026-02-09T22:38:14.762+08:00] Registered 10 tools
[2026-02-09T22:40:08.707+08:00] Action space from connected agent: Tap, DoubleClick, Input, Scroll, DragAndDrop, KeyboardPress, LongPress, PullGesture, ClearInput, RunAdbShell, Launch, AndroidBackButton, AndroidHomeButton, AndroidRecentAppsButton, Sleep
[2026-02-09T22:40:08.711+08:00] Total tools prepared: 18
[2026-02-09T22:40:08.790+08:00] Registered 18 tools
[2026-02-09T22:40:09.133+08:00] Action space from connected agent: Tap, DoubleClick, Input, Scroll, DragAndDrop, KeyboardPress, LongPress, PullGesture, ClearInput, RunAdbShell, Launch, AndroidBackButton, AndroidHomeButton, AndroidRecentAppsButton, Sleep
[2026-02-09T22:40:09.137+08:00] Total tools prepared: 18
[2026-02-09T22:40:09.141+08:00] Registered 18 tools
[2026-02-09T22:40:12.846+08:00] Bridge mode detected - agent will be initialized on first web_connect call
[2026-02-09T22:40:12.885+08:00] Action space from temporary device: Tap, RightClick, Hover, Input, KeyboardPress, Scroll, DragAndDrop
[2026-02-09T22:40:12.888+08:00] Total tools prepared: 10
[2026-02-09T22:40:12.889+08:00] Registered 10 tools
[2026-02-09T22:40:12.940+08:00] Bridge mode detected - agent will be initialized on first web_connect call
[2026-02-09T22:40:12.984+08:00] Action space from temporary device: Tap, RightClick, Hover, Input, KeyboardPress, Scroll, DragAndDrop
[2026-02-09T22:40:12.987+08:00] Total tools prepared: 10
[2026-02-09T22:40:12.988+08:00] Registered 10 tools
[2026-02-09T22:40:46.224+08:00] Action space from connected agent: Tap, DoubleClick, Input, Scroll, DragAndDrop, KeyboardPress, LongPress, PullGesture, ClearInput, RunAdbShell, Launch, AndroidBackButton, AndroidHomeButton, AndroidRecentAppsButton, Sleep
[2026-02-09T22:40:46.229+08:00] Total tools prepared: 18
[2026-02-09T22:40:46.289+08:00] Registered 18 tools
[2026-02-09T22:40:46.435+08:00] Action space from connected agent: Tap, DoubleClick, Input, Scroll, DragAndDrop, KeyboardPress, LongPress, PullGesture, ClearInput, RunAdbShell, Launch, AndroidBackButton, AndroidHomeButton, AndroidRecentAppsButton, Sleep
[2026-02-09T22:40:46.438+08:00] Total tools prepared: 18
[2026-02-09T22:40:46.440+08:00] Registered 18 tools
[2026-02-09T22:40:49.829+08:00] Bridge mode detected - agent will be initialized on first web_connect call
[2026-02-09T22:40:49.864+08:00] Action space from temporary device: Tap, RightClick, Hover, Input, KeyboardPress, Scroll, DragAndDrop
[2026-02-09T22:40:49.867+08:00] Total tools prepared: 10
[2026-02-09T22:40:49.868+08:00] Registered 10 tools
[2026-02-09T22:40:50.060+08:00] Bridge mode detected - agent will be initialized on first web_connect call
[2026-02-09T22:40:50.108+08:00] Action space from temporary device: Tap, RightClick, Hover, Input, KeyboardPress, Scroll, DragAndDrop
[2026-02-09T22:40:50.111+08:00] Total tools prepared: 10
[2026-02-09T22:40:50.112+08:00] Registered 10 tools
[2026-02-09T22:42:14.956+08:00] Action space from connected agent: Tap, DoubleClick, Input, Scroll, DragAndDrop, KeyboardPress, LongPress, PullGesture, ClearInput, RunAdbShell, Launch, AndroidBackButton, AndroidHomeButton, AndroidRecentAppsButton, Sleep
[2026-02-09T22:42:14.964+08:00] Total tools prepared: 18
[2026-02-09T22:42:14.966+08:00] Registered 18 tools
[2026-02-09T22:42:15.200+08:00] Action space from connected agent: Tap, DoubleClick, Input, Scroll, DragAndDrop, KeyboardPress, LongPress, PullGesture, ClearInput, RunAdbShell, Launch, AndroidBackButton, AndroidHomeButton, AndroidRecentAppsButton, Sleep
[2026-02-09T22:42:15.207+08:00] Total tools prepared: 18
[2026-02-09T22:42:15.209+08:00] Registered 18 tools
[2026-02-09T22:42:18.911+08:00] Bridge mode detected - agent will be initialized on first web_connect call
[2026-02-09T22:42:18.947+08:00] Action space from temporary device: Tap, RightClick, Hover, Input, KeyboardPress, Scroll, DragAndDrop
[2026-02-09T22:42:18.951+08:00] Total tools prepared: 10
[2026-02-09T22:42:18.952+08:00] Registered 10 tools
[2026-02-09T22:42:19.019+08:00] Bridge mode detected - agent will be initialized on first web_connect call
[2026-02-09T22:42:19.047+08:00] Action space from temporary device: Tap, RightClick, Hover, Input, KeyboardPress, Scroll, DragAndDrop
[2026-02-09T22:42:19.051+08:00] Total tools prepared: 10
[2026-02-09T22:42:19.051+08:00] Registered 10 tools
[2026-02-09T22:44:14.995+08:00] Action space from connected agent: Tap, DoubleClick, Input, Scroll, DragAndDrop, KeyboardPress, LongPress, PullGesture, ClearInput, RunAdbShell, Launch, AndroidBackButton, AndroidHomeButton, AndroidRecentAppsButton, Sleep
[2026-02-09T22:44:14.999+08:00] Total tools prepared: 18
[2026-02-09T22:44:15.001+08:00] Registered 18 tools
[2026-02-09T22:44:15.116+08:00] Action space from connected agent: Tap, DoubleClick, Input, Scroll, DragAndDrop, KeyboardPress, LongPress, PullGesture, ClearInput, RunAdbShell, Launch, AndroidBackButton, AndroidHomeButton, AndroidRecentAppsButton, Sleep
[2026-02-09T22:44:15.120+08:00] Total tools prepared: 18
[2026-02-09T22:44:15.143+08:00] Registered 18 tools
[2026-02-09T22:44:18.454+08:00] Bridge mode detected - agent will be initialized on first web_connect call
[2026-02-09T22:44:18.490+08:00] Action space from temporary device: Tap, RightClick, Hover, Input, KeyboardPress, Scroll, DragAndDrop
[2026-02-09T22:44:18.493+08:00] Total tools prepared: 10
[2026-02-09T22:44:18.494+08:00] Registered 10 tools
[2026-02-09T22:44:19.239+08:00] Bridge mode detected - agent will be initialized on first web_connect call
[2026-02-09T22:44:19.265+08:00] Action space from temporary device: Tap, RightClick, Hover, Input, KeyboardPress, Scroll, DragAndDrop
[2026-02-09T22:44:19.270+08:00] Total tools prepared: 10
[2026-02-09T22:44:19.271+08:00] Registered 10 tools
[2026-02-09T23:02:41.059+08:00] Action space from connected agent: Tap, DoubleClick, Input, Scroll, DragAndDrop, KeyboardPress, LongPress, PullGesture, ClearInput, RunAdbShell, Launch, AndroidBackButton, AndroidHomeButton, AndroidRecentAppsButton, Sleep
[2026-02-09T23:02:41.328+08:00] Total tools prepared: 18
[2026-02-09T23:02:41.355+08:00] Registered 18 tools
[2026-02-09T23:02:41.670+08:00] Action space from connected agent: Tap, DoubleClick, Input, Scroll, DragAndDrop, KeyboardPress, LongPress, PullGesture, ClearInput, RunAdbShell, Launch, AndroidBackButton, AndroidHomeButton, AndroidRecentAppsButton, Sleep
[2026-02-09T23:02:41.674+08:00] Total tools prepared: 18
[2026-02-09T23:02:41.676+08:00] Registered 18 tools
[2026-02-09T23:02:41.550+08:00] Action space from connected agent: Tap, DoubleClick, Input, Scroll, DragAndDrop, KeyboardPress, LongPress, PullGesture, ClearInput, RunAdbShell, Launch, AndroidBackButton, AndroidHomeButton, AndroidRecentAppsButton, Sleep
[2026-02-09T23:02:41.554+08:00] Total tools prepared: 18
[2026-02-09T23:02:41.691+08:00] Registered 18 tools
[2026-02-09T23:02:41.732+08:00] Action space from connected agent: Tap, DoubleClick, Input, Scroll, DragAndDrop, KeyboardPress, LongPress, PullGesture, ClearInput, RunAdbShell, Launch, AndroidBackButton, AndroidHomeButton, AndroidRecentAppsButton, Sleep
[2026-02-09T23:02:41.736+08:00] Total tools prepared: 18
[2026-02-09T23:02:41.932+08:00] Registered 18 tools
[2026-02-09T23:02:42.033+08:00] Action space from connected agent: Tap, DoubleClick, Input, Scroll, DragAndDrop, KeyboardPress, LongPress, PullGesture, ClearInput, RunAdbShell, Launch, AndroidBackButton, AndroidHomeButton, AndroidRecentAppsButton, Sleep
[2026-02-09T23:02:42.051+08:00] Total tools prepared: 18
[2026-02-09T23:02:42.060+08:00] Registered 18 tools
[2026-02-09T23:02:41.855+08:00] Action space from connected agent: Tap, DoubleClick, Input, Scroll, DragAndDrop, KeyboardPress, LongPress, PullGesture, ClearInput, RunAdbShell, Launch, AndroidBackButton, AndroidHomeButton, AndroidRecentAppsButton, Sleep
[2026-02-09T23:02:41.860+08:00] Total tools prepared: 18
[2026-02-09T23:02:42.065+08:00] Registered 18 tools
[2026-02-09T23:02:51.318+08:00] Bridge mode detected - agent will be initialized on first web_connect call
[2026-02-09T23:02:51.347+08:00] Action space from temporary device: Tap, RightClick, Hover, Input, KeyboardPress, Scroll, DragAndDrop
[2026-02-09T23:02:51.352+08:00] Total tools prepared: 10
[2026-02-09T23:02:51.353+08:00] Registered 10 tools
[2026-02-09T23:02:51.702+08:00] Bridge mode detected - agent will be initialized on first web_connect call
[2026-02-09T23:02:51.810+08:00] Action space from temporary device: Tap, RightClick, Hover, Input, KeyboardPress, Scroll, DragAndDrop
[2026-02-09T23:02:51.813+08:00] Total tools prepared: 10
[2026-02-09T23:02:51.814+08:00] Registered 10 tools
[2026-02-09T23:02:51.767+08:00] Bridge mode detected - agent will be initialized on first web_connect call
[2026-02-09T23:02:51.876+08:00] Action space from temporary device: Tap, RightClick, Hover, Input, KeyboardPress, Scroll, DragAndDrop
[2026-02-09T23:02:51.880+08:00] Total tools prepared: 10
[2026-02-09T23:02:51.881+08:00] Registered 10 tools
[2026-02-09T23:02:51.824+08:00] Bridge mode detected - agent will be initialized on first web_connect call
[2026-02-09T23:02:51.993+08:00] Action space from temporary device: Tap, RightClick, Hover, Input, KeyboardPress, Scroll, DragAndDrop
[2026-02-09T23:02:51.996+08:00] Total tools prepared: 10
[2026-02-09T23:02:51.997+08:00] Registered 10 tools
[2026-02-09T23:02:52.127+08:00] Bridge mode detected - agent will be initialized on first web_connect call
[2026-02-09T23:02:52.214+08:00] Action space from temporary device: Tap, RightClick, Hover, Input, KeyboardPress, Scroll, DragAndDrop
[2026-02-09T23:02:52.218+08:00] Total tools prepared: 10
[2026-02-09T23:02:52.218+08:00] Registered 10 tools
[2026-02-09T23:02:52.289+08:00] Bridge mode detected - agent will be initialized on first web_connect call
[2026-02-09T23:02:52.441+08:00] Action space from temporary device: Tap, RightClick, Hover, Input, KeyboardPress, Scroll, DragAndDrop
[2026-02-09T23:02:52.477+08:00] Total tools prepared: 10
[2026-02-09T23:02:52.478+08:00] Registered 10 tools
[2026-02-09T23:04:05.051+08:00] Action space from connected agent: Tap, DoubleClick, Input, Scroll, DragAndDrop, KeyboardPress, LongPress, PullGesture, ClearInput, RunAdbShell, Launch, AndroidBackButton, AndroidHomeButton, AndroidRecentAppsButton, Sleep
[2026-02-09T23:04:05.055+08:00] Total tools prepared: 18
[2026-02-09T23:04:05.081+08:00] Registered 18 tools
[2026-02-09T23:04:05.485+08:00] Action space from connected agent: Tap, DoubleClick, Input, Scroll, DragAndDrop, KeyboardPress, LongPress, PullGesture, ClearInput, RunAdbShell, Launch, AndroidBackButton, AndroidHomeButton, AndroidRecentAppsButton, Sleep
[2026-02-09T23:04:05.490+08:00] Total tools prepared: 18
[2026-02-09T23:04:05.492+08:00] Registered 18 tools
[2026-02-09T23:04:09.794+08:00] Bridge mode detected - agent will be initialized on first web_connect call
[2026-02-09T23:04:09.820+08:00] Action space from temporary device: Tap, RightClick, Hover, Input, KeyboardPress, Scroll, DragAndDrop
[2026-02-09T23:04:09.833+08:00] Total tools prepared: 10
[2026-02-09T23:04:09.833+08:00] Registered 10 tools
[2026-02-09T23:04:09.828+08:00] Bridge mode detected - agent will be initialized on first web_connect call
[2026-02-09T23:04:09.857+08:00] Action space from temporary device: Tap, RightClick, Hover, Input, KeyboardPress, Scroll, DragAndDrop
[2026-02-09T23:04:09.860+08:00] Total tools prepared: 10
[2026-02-09T23:04:09.861+08:00] Registered 10 tools
[2026-02-09T23:06:05.343+08:00] Action space from connected agent: Tap, DoubleClick, Input, Scroll, DragAndDrop, KeyboardPress, LongPress, PullGesture, ClearInput, RunAdbShell, Launch, AndroidBackButton, AndroidHomeButton, AndroidRecentAppsButton, Sleep
[2026-02-09T23:06:05.348+08:00] Total tools prepared: 18
[2026-02-09T23:06:05.412+08:00] Registered 18 tools
[2026-02-09T23:06:05.483+08:00] Action space from connected agent: Tap, DoubleClick, Input, Scroll, DragAndDrop, KeyboardPress, LongPress, PullGesture, ClearInput, RunAdbShell, Launch, AndroidBackButton, AndroidHomeButton, AndroidRecentAppsButton, Sleep
[2026-02-09T23:06:05.487+08:00] Total tools prepared: 18
[2026-02-09T23:06:05.489+08:00] Registered 18 tools
[2026-02-09T23:06:09.902+08:00] Bridge mode detected - agent will be initialized on first web_connect call
[2026-02-09T23:06:10.001+08:00] Action space from temporary device: Tap, RightClick, Hover, Input, KeyboardPress, Scroll, DragAndDrop
[2026-02-09T23:06:10.007+08:00] Total tools prepared: 10
[2026-02-09T23:06:10.008+08:00] Registered 10 tools
[2026-02-09T23:06:10.140+08:00] Bridge mode detected - agent will be initialized on first web_connect call
[2026-02-09T23:06:10.178+08:00] Action space from temporary device: Tap, RightClick, Hover, Input, KeyboardPress, Scroll, DragAndDrop
[2026-02-09T23:06:10.191+08:00] Total tools prepared: 10
[2026-02-09T23:06:10.200+08:00] Registered 10 tools
[2026-02-09T23:08:06.432+08:00] Action space from connected agent: Tap, DoubleClick, Input, Scroll, DragAndDrop, KeyboardPress, LongPress, PullGesture, ClearInput, RunAdbShell, Launch, AndroidBackButton, AndroidHomeButton, AndroidRecentAppsButton, Sleep
[2026-02-09T23:08:06.561+08:00] Total tools prepared: 18
[2026-02-09T23:08:06.617+08:00] Registered 18 tools
[2026-02-09T23:08:06.872+08:00] Action space from connected agent: Tap, DoubleClick, Input, Scroll, DragAndDrop, KeyboardPress, LongPress, PullGesture, ClearInput, RunAdbShell, Launch, AndroidBackButton, AndroidHomeButton, AndroidRecentAppsButton, Sleep
[2026-02-09T23:08:06.886+08:00] Total tools prepared: 18
[2026-02-09T23:08:06.892+08:00] Registered 18 tools
[2026-02-09T23:08:12.339+08:00] Bridge mode detected - agent will be initialized on first web_connect call
[2026-02-09T23:08:12.371+08:00] Action space from temporary device: Tap, RightClick, Hover, Input, KeyboardPress, Scroll, DragAndDrop
[2026-02-09T23:08:12.374+08:00] Total tools prepared: 10
[2026-02-09T23:08:12.375+08:00] Registered 10 tools
[2026-02-09T23:08:12.344+08:00] Bridge mode detected - agent will be initialized on first web_connect call
[2026-02-09T23:08:12.393+08:00] Action space from temporary device: Tap, RightClick, Hover, Input, KeyboardPress, Scroll, DragAndDrop
[2026-02-09T23:08:12.408+08:00] Total tools prepared: 10
[2026-02-09T23:08:12.409+08:00] Registered 10 tools
[2026-02-09T23:10:05.191+08:00] Action space from connected agent: Tap, DoubleClick, Input, Scroll, DragAndDrop, KeyboardPress, LongPress, PullGesture, ClearInput, RunAdbShell, Launch, AndroidBackButton, AndroidHomeButton, AndroidRecentAppsButton, Sleep
[2026-02-09T23:10:05.195+08:00] Total tools prepared: 18
[2026-02-09T23:10:05.226+08:00] Registered 18 tools
[2026-02-09T23:10:05.513+08:00] Action space from connected agent: Tap, DoubleClick, Input, Scroll, DragAndDrop, KeyboardPress, LongPress, PullGesture, ClearInput, RunAdbShell, Launch, AndroidBackButton, AndroidHomeButton, AndroidRecentAppsButton, Sleep
[2026-02-09T23:10:05.520+08:00] Total tools prepared: 18
[2026-02-09T23:10:05.523+08:00] Registered 18 tools
[2026-02-09T23:10:09.854+08:00] Bridge mode detected - agent will be initialized on first web_connect call
[2026-02-09T23:10:09.923+08:00] Action space from temporary device: Tap, RightClick, Hover, Input, KeyboardPress, Scroll, DragAndDrop
[2026-02-09T23:10:09.927+08:00] Total tools prepared: 10
[2026-02-09T23:10:09.928+08:00] Registered 10 tools
[2026-02-09T23:10:09.984+08:00] Bridge mode detected - agent will be initialized on first web_connect call
[2026-02-09T23:10:10.036+08:00] Action space from temporary device: Tap, RightClick, Hover, Input, KeyboardPress, Scroll, DragAndDrop
[2026-02-09T23:10:10.043+08:00] Total tools prepared: 10
[2026-02-09T23:10:10.044+08:00] Registered 10 tools
[2026-02-09T23:12:05.216+08:00] Action space from connected agent: Tap, DoubleClick, Input, Scroll, DragAndDrop, KeyboardPress, LongPress, PullGesture, ClearInput, RunAdbShell, Launch, AndroidBackButton, AndroidHomeButton, AndroidRecentAppsButton, Sleep
[2026-02-09T23:12:05.220+08:00] Total tools prepared: 18
[2026-02-09T23:12:05.232+08:00] Registered 18 tools
[2026-02-09T23:12:05.652+08:00] Action space from connected agent: Tap, DoubleClick, Input, Scroll, DragAndDrop, KeyboardPress, LongPress, PullGesture, ClearInput, RunAdbShell, Launch, AndroidBackButton, AndroidHomeButton, AndroidRecentAppsButton, Sleep
[2026-02-09T23:12:05.658+08:00] Total tools prepared: 18
[2026-02-09T23:12:05.661+08:00] Registered 18 tools
[2026-02-09T23:12:10.587+08:00] Action space from connected agent: Tap, DoubleClick, Input, Scroll, DragAndDrop, KeyboardPress, LongPress, PullGesture, ClearInput, RunAdbShell, Launch, AndroidBackButton, AndroidHomeButton, AndroidRecentAppsButton, Sleep
[2026-02-09T23:12:10.716+08:00] Total tools prepared: 18
[2026-02-09T23:12:10.718+08:00] Registered 18 tools
[2026-02-09T23:12:11.310+08:00] Action space from connected agent: Tap, DoubleClick, Input, Scroll, DragAndDrop, KeyboardPress, LongPress, PullGesture, ClearInput, RunAdbShell, Launch, AndroidBackButton, AndroidHomeButton, AndroidRecentAppsButton, Sleep
[2026-02-09T23:12:11.314+08:00] Total tools prepared: 18
[2026-02-09T23:12:11.342+08:00] Registered 18 tools
[2026-02-09T23:12:12.489+08:00] Bridge mode detected - agent will be initialized on first web_connect call
[2026-02-09T23:12:12.715+08:00] Action space from temporary device: Tap, RightClick, Hover, Input, KeyboardPress, Scroll, DragAndDrop
[2026-02-09T23:12:12.737+08:00] Total tools prepared: 10
[2026-02-09T23:12:12.739+08:00] Registered 10 tools
[2026-02-09T23:12:12.858+08:00] Bridge mode detected - agent will be initialized on first web_connect call
[2026-02-09T23:12:12.894+08:00] Action space from temporary device: Tap, RightClick, Hover, Input, KeyboardPress, Scroll, DragAndDrop
[2026-02-09T23:12:12.899+08:00] Total tools prepared: 10
[2026-02-09T23:12:12.900+08:00] Registered 10 tools
[2026-02-09T23:12:16.169+08:00] Bridge mode detected - agent will be initialized on first web_connect call
[2026-02-09T23:12:16.283+08:00] Action space from temporary device: Tap, RightClick, Hover, Input, KeyboardPress, Scroll, DragAndDrop
[2026-02-09T23:12:16.287+08:00] Total tools prepared: 10
[2026-02-09T23:12:16.288+08:00] Registered 10 tools
[2026-02-09T23:12:16.498+08:00] Bridge mode detected - agent will be initialized on first web_connect call
[2026-02-09T23:12:16.531+08:00] Action space from temporary device: Tap, RightClick, Hover, Input, KeyboardPress, Scroll, DragAndDrop
[2026-02-09T23:12:16.534+08:00] Total tools prepared: 10
[2026-02-09T23:12:16.535+08:00] Registered 10 tools
[2026-02-09T23:14:05.575+08:00] Action space from connected agent: Tap, DoubleClick, Input, Scroll, DragAndDrop, KeyboardPress, LongPress, PullGesture, ClearInput, RunAdbShell, Launch, AndroidBackButton, AndroidHomeButton, AndroidRecentAppsButton, Sleep
[2026-02-09T23:14:05.664+08:00] Total tools prepared: 18
[2026-02-09T23:14:05.667+08:00] Registered 18 tools
[2026-02-09T23:14:06.099+08:00] Action space from connected agent: Tap, DoubleClick, Input, Scroll, DragAndDrop, KeyboardPress, LongPress, PullGesture, ClearInput, RunAdbShell, Launch, AndroidBackButton, AndroidHomeButton, AndroidRecentAppsButton, Sleep
[2026-02-09T23:14:06.105+08:00] Total tools prepared: 18
[2026-02-09T23:14:06.108+08:00] Registered 18 tools
[2026-02-09T23:14:10.831+08:00] Bridge mode detected - agent will be initialized on first web_connect call
[2026-02-09T23:14:10.870+08:00] Action space from temporary device: Tap, RightClick, Hover, Input, KeyboardPress, Scroll, DragAndDrop
[2026-02-09T23:14:10.875+08:00] Total tools prepared: 10
[2026-02-09T23:14:10.875+08:00] Registered 10 tools
[2026-02-09T23:14:10.934+08:00] Bridge mode detected - agent will be initialized on first web_connect call
[2026-02-09T23:14:11.060+08:00] Action space from temporary device: Tap, RightClick, Hover, Input, KeyboardPress, Scroll, DragAndDrop
[2026-02-09T23:14:11.063+08:00] Total tools prepared: 10
[2026-02-09T23:14:11.064+08:00] Registered 10 tools
[2026-02-09T23:15:05.265+08:00] Action space from connected agent: Tap, DoubleClick, Input, Scroll, DragAndDrop, KeyboardPress, LongPress, PullGesture, ClearInput, RunAdbShell, Launch, AndroidBackButton, AndroidHomeButton, AndroidRecentAppsButton, Sleep
[2026-02-09T23:15:05.270+08:00] Total tools prepared: 18
[2026-02-09T23:15:05.272+08:00] Registered 18 tools
[2026-02-09T23:15:05.521+08:00] Action space from connected agent: Tap, DoubleClick, Input, Scroll, DragAndDrop, KeyboardPress, LongPress, PullGesture, ClearInput, RunAdbShell, Launch, AndroidBackButton, AndroidHomeButton, AndroidRecentAppsButton, Sleep
[2026-02-09T23:15:05.525+08:00] Total tools prepared: 18
[2026-02-09T23:15:05.527+08:00] Registered 18 tools
[2026-02-09T23:15:09.168+08:00] Bridge mode detected - agent will be initialized on first web_connect call
[2026-02-09T23:15:09.198+08:00] Action space from temporary device: Tap, RightClick, Hover, Input, KeyboardPress, Scroll, DragAndDrop
[2026-02-09T23:15:09.208+08:00] Total tools prepared: 10
[2026-02-09T23:15:09.208+08:00] Registered 10 tools
[2026-02-09T23:15:09.445+08:00] Bridge mode detected - agent will be initialized on first web_connect call
[2026-02-09T23:15:09.474+08:00] Action space from temporary device: Tap, RightClick, Hover, Input, KeyboardPress, Scroll, DragAndDrop
[2026-02-09T23:15:09.477+08:00] Total tools prepared: 10
[2026-02-09T23:15:09.478+08:00] Registered 10 tools
[2026-02-09T23:16:07.338+08:00] Action space from connected agent: Tap, DoubleClick, Input, Scroll, DragAndDrop, KeyboardPress, LongPress, PullGesture, ClearInput, RunAdbShell, Launch, AndroidBackButton, AndroidHomeButton, AndroidRecentAppsButton, Sleep
[2026-02-09T23:16:07.342+08:00] Total tools prepared: 18
[2026-02-09T23:16:07.344+08:00] Registered 18 tools
[2026-02-09T23:16:08.225+08:00] Action space from connected agent: Tap, DoubleClick, Input, Scroll, DragAndDrop, KeyboardPress, LongPress, PullGesture, ClearInput, RunAdbShell, Launch, AndroidBackButton, AndroidHomeButton, AndroidRecentAppsButton, Sleep
[2026-02-09T23:16:08.229+08:00] Total tools prepared: 18
[2026-02-09T23:16:08.389+08:00] Registered 18 tools
[2026-02-09T23:16:08.486+08:00] Action space from connected agent: Tap, DoubleClick, Input, Scroll, DragAndDrop, KeyboardPress, LongPress, PullGesture, ClearInput, RunAdbShell, Launch, AndroidBackButton, AndroidHomeButton, AndroidRecentAppsButton, Sleep
[2026-02-09T23:16:08.490+08:00] Total tools prepared: 18
[2026-02-09T23:16:08.493+08:00] Registered 18 tools
[2026-02-09T23:16:08.595+08:00] Action space from connected agent: Tap, DoubleClick, Input, Scroll, DragAndDrop, KeyboardPress, LongPress, PullGesture, ClearInput, RunAdbShell, Launch, AndroidBackButton, AndroidHomeButton, AndroidRecentAppsButton, Sleep
[2026-02-09T23:16:08.723+08:00] Total tools prepared: 18
[2026-02-09T23:16:08.725+08:00] Registered 18 tools
[2026-02-09T23:16:15.459+08:00] Bridge mode detected - agent will be initialized on first web_connect call
[2026-02-09T23:16:15.531+08:00] Action space from temporary device: Tap, RightClick, Hover, Input, KeyboardPress, Scroll, DragAndDrop
[2026-02-09T23:16:15.536+08:00] Total tools prepared: 10
[2026-02-09T23:16:15.537+08:00] Registered 10 tools
[2026-02-09T23:16:15.667+08:00] Bridge mode detected - agent will be initialized on first web_connect call
[2026-02-09T23:16:15.745+08:00] Action space from temporary device: Tap, RightClick, Hover, Input, KeyboardPress, Scroll, DragAndDrop
[2026-02-09T23:16:15.748+08:00] Total tools prepared: 10
[2026-02-09T23:16:15.749+08:00] Registered 10 tools
[2026-02-09T23:16:15.811+08:00] Bridge mode detected - agent will be initialized on first web_connect call
[2026-02-09T23:16:15.877+08:00] Action space from temporary device: Tap, RightClick, Hover, Input, KeyboardPress, Scroll, DragAndDrop
[2026-02-09T23:16:15.882+08:00] Total tools prepared: 10
[2026-02-09T23:16:15.882+08:00] Registered 10 tools
[2026-02-09T23:16:15.894+08:00] Bridge mode detected - agent will be initialized on first web_connect call
[2026-02-09T23:16:15.983+08:00] Action space from temporary device: Tap, RightClick, Hover, Input, KeyboardPress, Scroll, DragAndDrop
[2026-02-09T23:16:15.986+08:00] Total tools prepared: 10
[2026-02-09T23:16:15.987+08:00] Registered 10 tools
[2026-02-09T23:18:08.825+08:00] Action space from connected agent: Tap, DoubleClick, Input, Scroll, DragAndDrop, KeyboardPress, LongPress, PullGesture, ClearInput, RunAdbShell, Launch, AndroidBackButton, AndroidHomeButton, AndroidRecentAppsButton, Sleep
[2026-02-09T23:18:08.831+08:00] Total tools prepared: 18
[2026-02-09T23:18:08.836+08:00] Registered 18 tools
[2026-02-09T23:18:08.943+08:00] Action space from connected agent: Tap, DoubleClick, Input, Scroll, DragAndDrop, KeyboardPress, LongPress, PullGesture, ClearInput, RunAdbShell, Launch, AndroidBackButton, AndroidHomeButton, AndroidRecentAppsButton, Sleep
[2026-02-09T23:18:08.948+08:00] Total tools prepared: 18
[2026-02-09T23:18:09.142+08:00] Registered 18 tools
[2026-02-09T23:18:09.137+08:00] Action space from connected agent: Tap, DoubleClick, Input, Scroll, DragAndDrop, KeyboardPress, LongPress, PullGesture, ClearInput, RunAdbShell, Launch, AndroidBackButton, AndroidHomeButton, AndroidRecentAppsButton, Sleep
[2026-02-09T23:18:09.169+08:00] Total tools prepared: 18
[2026-02-09T23:18:09.171+08:00] Registered 18 tools
[2026-02-09T23:18:09.223+08:00] Action space from connected agent: Tap, DoubleClick, Input, Scroll, DragAndDrop, KeyboardPress, LongPress, PullGesture, ClearInput, RunAdbShell, Launch, AndroidBackButton, AndroidHomeButton, AndroidRecentAppsButton, Sleep
[2026-02-09T23:18:09.233+08:00] Total tools prepared: 18
[2026-02-09T23:18:09.237+08:00] Registered 18 tools
[2026-02-09T23:18:16.450+08:00] Bridge mode detected - agent will be initialized on first web_connect call
[2026-02-09T23:18:16.561+08:00] Action space from temporary device: Tap, RightClick, Hover, Input, KeyboardPress, Scroll, DragAndDrop
[2026-02-09T23:18:16.575+08:00] Total tools prepared: 10
[2026-02-09T23:18:16.577+08:00] Registered 10 tools
[2026-02-09T23:18:16.804+08:00] Bridge mode detected - agent will be initialized on first web_connect call
[2026-02-09T23:18:16.930+08:00] Action space from temporary device: Tap, RightClick, Hover, Input, KeyboardPress, Scroll, DragAndDrop
[2026-02-09T23:18:16.935+08:00] Total tools prepared: 10
[2026-02-09T23:18:16.936+08:00] Registered 10 tools
[2026-02-09T23:18:16.888+08:00] Bridge mode detected - agent will be initialized on first web_connect call
[2026-02-09T23:18:17.100+08:00] Action space from temporary device: Tap, RightClick, Hover, Input, KeyboardPress, Scroll, DragAndDrop
[2026-02-09T23:18:17.106+08:00] Total tools prepared: 10
[2026-02-09T23:18:17.106+08:00] Registered 10 tools
[2026-02-09T23:18:17.063+08:00] Bridge mode detected - agent will be initialized on first web_connect call
[2026-02-09T23:18:17.160+08:00] Action space from temporary device: Tap, RightClick, Hover, Input, KeyboardPress, Scroll, DragAndDrop
[2026-02-09T23:18:17.163+08:00] Total tools prepared: 10
[2026-02-09T23:18:17.164+08:00] Registered 10 tools
[2026-02-09T23:20:30.235+08:00] Action space from connected agent: Tap, DoubleClick, Input, Scroll, DragAndDrop, KeyboardPress, LongPress, PullGesture, ClearInput, RunAdbShell, Launch, AndroidBackButton, AndroidHomeButton, AndroidRecentAppsButton, Sleep
[2026-02-09T23:20:30.239+08:00] Total tools prepared: 18
[2026-02-09T23:20:30.242+08:00] Registered 18 tools
[2026-02-09T23:20:30.273+08:00] Action space from connected agent: Tap, DoubleClick, Input, Scroll, DragAndDrop, KeyboardPress, LongPress, PullGesture, ClearInput, RunAdbShell, Launch, AndroidBackButton, AndroidHomeButton, AndroidRecentAppsButton, Sleep
[2026-02-09T23:20:30.282+08:00] Total tools prepared: 18
[2026-02-09T23:20:30.285+08:00] Registered 18 tools
[2026-02-09T23:20:30.306+08:00] Action space from connected agent: Tap, DoubleClick, Input, Scroll, DragAndDrop, KeyboardPress, LongPress, PullGesture, ClearInput, RunAdbShell, Launch, AndroidBackButton, AndroidHomeButton, AndroidRecentAppsButton, Sleep
[2026-02-09T23:20:30.310+08:00] Total tools prepared: 18
[2026-02-09T23:20:30.374+08:00] Registered 18 tools
[2026-02-09T23:20:30.551+08:00] Action space from connected agent: Tap, DoubleClick, Input, Scroll, DragAndDrop, KeyboardPress, LongPress, PullGesture, ClearInput, RunAdbShell, Launch, AndroidBackButton, AndroidHomeButton, AndroidRecentAppsButton, Sleep
[2026-02-09T23:20:30.555+08:00] Total tools prepared: 18
[2026-02-09T23:20:30.639+08:00] Registered 18 tools
[2026-02-09T23:20:36.958+08:00] Bridge mode detected - agent will be initialized on first web_connect call
[2026-02-09T23:20:37.045+08:00] Action space from temporary device: Tap, RightClick, Hover, Input, KeyboardPress, Scroll, DragAndDrop
[2026-02-09T23:20:37.049+08:00] Total tools prepared: 10
[2026-02-09T23:20:37.051+08:00] Registered 10 tools
[2026-02-09T23:20:37.086+08:00] Bridge mode detected - agent will be initialized on first web_connect call
[2026-02-09T23:20:37.159+08:00] Action space from temporary device: Tap, RightClick, Hover, Input, KeyboardPress, Scroll, DragAndDrop
[2026-02-09T23:20:37.163+08:00] Total tools prepared: 10
[2026-02-09T23:20:37.163+08:00] Registered 10 tools
[2026-02-09T23:20:37.299+08:00] Bridge mode detected - agent will be initialized on first web_connect call
[2026-02-09T23:20:37.374+08:00] Action space from temporary device: Tap, RightClick, Hover, Input, KeyboardPress, Scroll, DragAndDrop
[2026-02-09T23:20:37.378+08:00] Total tools prepared: 10
[2026-02-09T23:20:37.379+08:00] Registered 10 tools
[2026-02-09T23:20:37.315+08:00] Bridge mode detected - agent will be initialized on first web_connect call
[2026-02-09T23:20:37.377+08:00] Action space from temporary device: Tap, RightClick, Hover, Input, KeyboardPress, Scroll, DragAndDrop
[2026-02-09T23:20:37.381+08:00] Total tools prepared: 10
[2026-02-09T23:20:37.382+08:00] Registered 10 tools
[2026-02-09T23:21:23.770+08:00] Action space from connected agent: Tap, DoubleClick, Input, Scroll, DragAndDrop, KeyboardPress, LongPress, PullGesture, ClearInput, RunAdbShell, Launch, AndroidBackButton, AndroidHomeButton, AndroidRecentAppsButton, Sleep
[2026-02-09T23:21:23.779+08:00] Total tools prepared: 18
[2026-02-09T23:21:23.802+08:00] Registered 18 tools
[2026-02-09T23:21:24.236+08:00] Action space from connected agent: Tap, DoubleClick, Input, Scroll, DragAndDrop, KeyboardPress, LongPress, PullGesture, ClearInput, RunAdbShell, Launch, AndroidBackButton, AndroidHomeButton, AndroidRecentAppsButton, Sleep
[2026-02-09T23:21:24.240+08:00] Total tools prepared: 18
[2026-02-09T23:21:24.272+08:00] Registered 18 tools
[2026-02-09T23:21:27.573+08:00] Bridge mode detected - agent will be initialized on first web_connect call
[2026-02-09T23:21:27.638+08:00] Action space from temporary device: Tap, RightClick, Hover, Input, KeyboardPress, Scroll, DragAndDrop
[2026-02-09T23:21:27.642+08:00] Total tools prepared: 10
[2026-02-09T23:21:27.642+08:00] Registered 10 tools
[2026-02-09T23:21:27.598+08:00] Bridge mode detected - agent will be initialized on first web_connect call
[2026-02-09T23:21:27.634+08:00] Action space from temporary device: Tap, RightClick, Hover, Input, KeyboardPress, Scroll, DragAndDrop
[2026-02-09T23:21:27.637+08:00] Total tools prepared: 10
[2026-02-09T23:21:27.638+08:00] Registered 10 tools
[2026-02-09T23:22:27.600+08:00] Action space from connected agent: Tap, DoubleClick, Input, Scroll, DragAndDrop, KeyboardPress, LongPress, PullGesture, ClearInput, RunAdbShell, Launch, AndroidBackButton, AndroidHomeButton, AndroidRecentAppsButton, Sleep
[2026-02-09T23:22:27.604+08:00] Total tools prepared: 18
[2026-02-09T23:22:27.676+08:00] Registered 18 tools
[2026-02-09T23:22:28.194+08:00] Action space from connected agent: Tap, DoubleClick, Input, Scroll, DragAndDrop, KeyboardPress, LongPress, PullGesture, ClearInput, RunAdbShell, Launch, AndroidBackButton, AndroidHomeButton, AndroidRecentAppsButton, Sleep
[2026-02-09T23:22:28.197+08:00] Total tools prepared: 18
[2026-02-09T23:22:28.199+08:00] Registered 18 tools
[2026-02-09T23:22:30.193+08:00] Action space from connected agent: Tap, DoubleClick, Input, Scroll, DragAndDrop, KeyboardPress, LongPress, PullGesture, ClearInput, RunAdbShell, Launch, AndroidBackButton, AndroidHomeButton, AndroidRecentAppsButton, Sleep
[2026-02-09T23:22:30.219+08:00] Total tools prepared: 18
[2026-02-09T23:22:30.223+08:00] Registered 18 tools
[2026-02-09T23:22:30.402+08:00] Action space from connected agent: Tap, DoubleClick, Input, Scroll, DragAndDrop, KeyboardPress, LongPress, PullGesture, ClearInput, RunAdbShell, Launch, AndroidBackButton, AndroidHomeButton, AndroidRecentAppsButton, Sleep
[2026-02-09T23:22:30.406+08:00] Total tools prepared: 18
[2026-02-09T23:22:30.519+08:00] Registered 18 tools
[2026-02-09T23:22:35.666+08:00] Bridge mode detected - agent will be initialized on first web_connect call
[2026-02-09T23:22:35.695+08:00] Action space from temporary device: Tap, RightClick, Hover, Input, KeyboardPress, Scroll, DragAndDrop
[2026-02-09T23:22:35.698+08:00] Total tools prepared: 10
[2026-02-09T23:22:35.699+08:00] Registered 10 tools
[2026-02-09T23:22:35.614+08:00] Bridge mode detected - agent will be initialized on first web_connect call
[2026-02-09T23:22:35.715+08:00] Action space from temporary device: Tap, RightClick, Hover, Input, KeyboardPress, Scroll, DragAndDrop
[2026-02-09T23:22:35.718+08:00] Total tools prepared: 10
[2026-02-09T23:22:35.719+08:00] Registered 10 tools
[2026-02-09T23:22:37.425+08:00] Bridge mode detected - agent will be initialized on first web_connect call
[2026-02-09T23:22:37.576+08:00] Action space from temporary device: Tap, RightClick, Hover, Input, KeyboardPress, Scroll, DragAndDrop
[2026-02-09T23:22:37.591+08:00] Total tools prepared: 10
[2026-02-09T23:22:37.592+08:00] Registered 10 tools
[2026-02-09T23:22:37.661+08:00] Bridge mode detected - agent will be initialized on first web_connect call
[2026-02-09T23:22:37.729+08:00] Action space from temporary device: Tap, RightClick, Hover, Input, KeyboardPress, Scroll, DragAndDrop
[2026-02-09T23:22:37.733+08:00] Total tools prepared: 10
[2026-02-09T23:22:37.734+08:00] Registered 10 tools
[2026-02-09T23:24:15.328+08:00] Action space from connected agent: Tap, DoubleClick, Input, Scroll, DragAndDrop, KeyboardPress, LongPress, PullGesture, ClearInput, RunAdbShell, Launch, AndroidBackButton, AndroidHomeButton, AndroidRecentAppsButton, Sleep
[2026-02-09T23:24:15.332+08:00] Total tools prepared: 18
[2026-02-09T23:24:15.334+08:00] Registered 18 tools
[2026-02-09T23:24:15.971+08:00] Action space from connected agent: Tap, DoubleClick, Input, Scroll, DragAndDrop, KeyboardPress, LongPress, PullGesture, ClearInput, RunAdbShell, Launch, AndroidBackButton, AndroidHomeButton, AndroidRecentAppsButton, Sleep
[2026-02-09T23:24:16.076+08:00] Total tools prepared: 18
[2026-02-09T23:24:16.100+08:00] Registered 18 tools
[2026-02-09T23:24:15.993+08:00] Action space from connected agent: Tap, DoubleClick, Input, Scroll, DragAndDrop, KeyboardPress, LongPress, PullGesture, ClearInput, RunAdbShell, Launch, AndroidBackButton, AndroidHomeButton, AndroidRecentAppsButton, Sleep
[2026-02-09T23:24:15.998+08:00] Total tools prepared: 18
[2026-02-09T23:24:16.102+08:00] Registered 18 tools
[2026-02-09T23:24:16.376+08:00] Action space from connected agent: Tap, DoubleClick, Input, Scroll, DragAndDrop, KeyboardPress, LongPress, PullGesture, ClearInput, RunAdbShell, Launch, AndroidBackButton, AndroidHomeButton, AndroidRecentAppsButton, Sleep
[2026-02-09T23:24:16.380+08:00] Total tools prepared: 18
[2026-02-09T23:24:16.478+08:00] Registered 18 tools
[2026-02-09T23:24:22.035+08:00] Bridge mode detected - agent will be initialized on first web_connect call
[2026-02-09T23:24:22.142+08:00] Action space from temporary device: Tap, RightClick, Hover, Input, KeyboardPress, Scroll, DragAndDrop
[2026-02-09T23:24:22.150+08:00] Total tools prepared: 10
[2026-02-09T23:24:22.151+08:00] Registered 10 tools
[2026-02-09T23:24:22.359+08:00] Bridge mode detected - agent will be initialized on first web_connect call
[2026-02-09T23:24:22.457+08:00] Action space from temporary device: Tap, RightClick, Hover, Input, KeyboardPress, Scroll, DragAndDrop
[2026-02-09T23:24:22.460+08:00] Total tools prepared: 10
[2026-02-09T23:24:22.460+08:00] Registered 10 tools
[2026-02-09T23:24:22.481+08:00] Bridge mode detected - agent will be initialized on first web_connect call
[2026-02-09T23:24:22.558+08:00] Action space from temporary device: Tap, RightClick, Hover, Input, KeyboardPress, Scroll, DragAndDrop
[2026-02-09T23:24:22.562+08:00] Total tools prepared: 10
[2026-02-09T23:24:22.562+08:00] Registered 10 tools
[2026-02-09T23:24:22.759+08:00] Bridge mode detected - agent will be initialized on first web_connect call
[2026-02-09T23:24:22.799+08:00] Action space from temporary device: Tap, RightClick, Hover, Input, KeyboardPress, Scroll, DragAndDrop
[2026-02-09T23:24:22.804+08:00] Total tools prepared: 10
[2026-02-09T23:24:22.805+08:00] Registered 10 tools
[2026-02-09T23:24:47.741+08:00] Action space from connected agent: Tap, DoubleClick, Input, Scroll, DragAndDrop, KeyboardPress, LongPress, PullGesture, ClearInput, RunAdbShell, Launch, AndroidBackButton, AndroidHomeButton, AndroidRecentAppsButton, Sleep
[2026-02-09T23:24:47.749+08:00] Total tools prepared: 18
[2026-02-09T23:24:47.819+08:00] Registered 18 tools
[2026-02-09T23:24:47.828+08:00] Action space from connected agent: Tap, DoubleClick, Input, Scroll, DragAndDrop, KeyboardPress, LongPress, PullGesture, ClearInput, RunAdbShell, Launch, AndroidBackButton, AndroidHomeButton, AndroidRecentAppsButton, Sleep
[2026-02-09T23:24:47.835+08:00] Total tools prepared: 18
[2026-02-09T23:24:47.939+08:00] Registered 18 tools
[2026-02-09T23:24:51.510+08:00] Bridge mode detected - agent will be initialized on first web_connect call
[2026-02-09T23:24:51.557+08:00] Action space from temporary device: Tap, RightClick, Hover, Input, KeyboardPress, Scroll, DragAndDrop
[2026-02-09T23:24:51.561+08:00] Total tools prepared: 10
[2026-02-09T23:24:51.561+08:00] Registered 10 tools
[2026-02-09T23:24:51.558+08:00] Bridge mode detected - agent will be initialized on first web_connect call
[2026-02-09T23:24:51.597+08:00] Action space from temporary device: Tap, RightClick, Hover, Input, KeyboardPress, Scroll, DragAndDrop
[2026-02-09T23:24:51.613+08:00] Total tools prepared: 10
[2026-02-09T23:24:51.613+08:00] Registered 10 tools
[2026-02-09T23:25:50.350+08:00] Action space from connected agent: Tap, DoubleClick, Input, Scroll, DragAndDrop, KeyboardPress, LongPress, PullGesture, ClearInput, RunAdbShell, Launch, AndroidBackButton, AndroidHomeButton, AndroidRecentAppsButton, Sleep
[2026-02-09T23:25:50.354+08:00] Total tools prepared: 18
[2026-02-09T23:25:50.397+08:00] Registered 18 tools
[2026-02-09T23:25:50.894+08:00] Action space from connected agent: Tap, DoubleClick, Input, Scroll, DragAndDrop, KeyboardPress, LongPress, PullGesture, ClearInput, RunAdbShell, Launch, AndroidBackButton, AndroidHomeButton, AndroidRecentAppsButton, Sleep
[2026-02-09T23:25:50.899+08:00] Total tools prepared: 18
[2026-02-09T23:25:50.905+08:00] Registered 18 tools
[2026-02-09T23:25:54.120+08:00] Bridge mode detected - agent will be initialized on first web_connect call
[2026-02-09T23:25:54.142+08:00] Action space from temporary device: Tap, RightClick, Hover, Input, KeyboardPress, Scroll, DragAndDrop
[2026-02-09T23:25:54.145+08:00] Total tools prepared: 10
[2026-02-09T23:25:54.146+08:00] Registered 10 tools
[2026-02-09T23:25:54.133+08:00] Bridge mode detected - agent will be initialized on first web_connect call
[2026-02-09T23:25:54.161+08:00] Action space from temporary device: Tap, RightClick, Hover, Input, KeyboardPress, Scroll, DragAndDrop
[2026-02-09T23:25:54.165+08:00] Total tools prepared: 10
[2026-02-09T23:25:54.166+08:00] Registered 10 tools
[2026-02-09T23:26:24.076+08:00] Action space from connected agent: Tap, DoubleClick, Input, Scroll, DragAndDrop, KeyboardPress, LongPress, PullGesture, ClearInput, RunAdbShell, Launch, AndroidBackButton, AndroidHomeButton, AndroidRecentAppsButton, Sleep
[2026-02-09T23:26:24.080+08:00] Total tools prepared: 18
[2026-02-09T23:26:24.204+08:00] Registered 18 tools
[2026-02-09T23:26:24.700+08:00] Action space from connected agent: Tap, DoubleClick, Input, Scroll, DragAndDrop, KeyboardPress, LongPress, PullGesture, ClearInput, RunAdbShell, Launch, AndroidBackButton, AndroidHomeButton, AndroidRecentAppsButton, Sleep
[2026-02-09T23:26:24.704+08:00] Total tools prepared: 18
[2026-02-09T23:26:24.722+08:00] Registered 18 tools
[2026-02-09T23:26:26.588+08:00] Action space from connected agent: Tap, DoubleClick, Input, Scroll, DragAndDrop, KeyboardPress, LongPress, PullGesture, ClearInput, RunAdbShell, Launch, AndroidBackButton, AndroidHomeButton, AndroidRecentAppsButton, Sleep
[2026-02-09T23:26:26.592+08:00] Total tools prepared: 18
[2026-02-09T23:26:26.691+08:00] Registered 18 tools
[2026-02-09T23:26:26.913+08:00] Action space from connected agent: Tap, DoubleClick, Input, Scroll, DragAndDrop, KeyboardPress, LongPress, PullGesture, ClearInput, RunAdbShell, Launch, AndroidBackButton, AndroidHomeButton, AndroidRecentAppsButton, Sleep
[2026-02-09T23:26:26.916+08:00] Total tools prepared: 18
[2026-02-09T23:26:26.942+08:00] Registered 18 tools
[2026-02-09T23:26:31.732+08:00] Bridge mode detected - agent will be initialized on first web_connect call
[2026-02-09T23:26:31.809+08:00] Action space from temporary device: Tap, RightClick, Hover, Input, KeyboardPress, Scroll, DragAndDrop
[2026-02-09T23:26:31.815+08:00] Total tools prepared: 10
[2026-02-09T23:26:31.816+08:00] Registered 10 tools
[2026-02-09T23:26:31.917+08:00] Bridge mode detected - agent will be initialized on first web_connect call
[2026-02-09T23:26:32.022+08:00] Action space from temporary device: Tap, RightClick, Hover, Input, KeyboardPress, Scroll, DragAndDrop
[2026-02-09T23:26:32.026+08:00] Total tools prepared: 10
[2026-02-09T23:26:32.026+08:00] Registered 10 tools
[2026-02-09T23:26:33.077+08:00] Bridge mode detected - agent will be initialized on first web_connect call
[2026-02-09T23:26:33.136+08:00] Action space from temporary device: Tap, RightClick, Hover, Input, KeyboardPress, Scroll, DragAndDrop
[2026-02-09T23:26:33.140+08:00] Total tools prepared: 10
[2026-02-09T23:26:33.141+08:00] Registered 10 tools
[2026-02-09T23:26:33.284+08:00] Bridge mode detected - agent will be initialized on first web_connect call
[2026-02-09T23:26:33.390+08:00] Action space from temporary device: Tap, RightClick, Hover, Input, KeyboardPress, Scroll, DragAndDrop
[2026-02-09T23:26:33.395+08:00] Total tools prepared: 10
[2026-02-09T23:26:33.396+08:00] Registered 10 tools
[2026-02-09T23:28:01.097+08:00] Action space from connected agent: Tap, DoubleClick, Input, Scroll, DragAndDrop, KeyboardPress, LongPress, PullGesture, ClearInput, RunAdbShell, Launch, AndroidBackButton, AndroidHomeButton, AndroidRecentAppsButton, Sleep
[2026-02-09T23:28:01.100+08:00] Total tools prepared: 18
[2026-02-09T23:28:01.103+08:00] Registered 18 tools
[2026-02-09T23:28:01.445+08:00] Action space from connected agent: Tap, DoubleClick, Input, Scroll, DragAndDrop, KeyboardPress, LongPress, PullGesture, ClearInput, RunAdbShell, Launch, AndroidBackButton, AndroidHomeButton, AndroidRecentAppsButton, Sleep
[2026-02-09T23:28:01.458+08:00] Total tools prepared: 18
[2026-02-09T23:28:01.463+08:00] Registered 18 tools
[2026-02-09T23:28:04.991+08:00] Bridge mode detected - agent will be initialized on first web_connect call
[2026-02-09T23:28:05.014+08:00] Action space from temporary device: Tap, RightClick, Hover, Input, KeyboardPress, Scroll, DragAndDrop
[2026-02-09T23:28:05.018+08:00] Total tools prepared: 10
[2026-02-09T23:28:05.018+08:00] Registered 10 tools
[2026-02-09T23:28:05.315+08:00] Bridge mode detected - agent will be initialized on first web_connect call
[2026-02-09T23:28:05.338+08:00] Action space from temporary device: Tap, RightClick, Hover, Input, KeyboardPress, Scroll, DragAndDrop
[2026-02-09T23:28:05.341+08:00] Total tools prepared: 10
[2026-02-09T23:28:05.342+08:00] Registered 10 tools
[2026-02-09T23:28:30.427+08:00] Action space from connected agent: Tap, DoubleClick, Input, Scroll, DragAndDrop, KeyboardPress, LongPress, PullGesture, ClearInput, RunAdbShell, Launch, AndroidBackButton, AndroidHomeButton, AndroidRecentAppsButton, Sleep
[2026-02-09T23:28:30.430+08:00] Total tools prepared: 18
[2026-02-09T23:28:30.509+08:00] Registered 18 tools
[2026-02-09T23:28:31.684+08:00] Action space from connected agent: Tap, DoubleClick, Input, Scroll, DragAndDrop, KeyboardPress, LongPress, PullGesture, ClearInput, RunAdbShell, Launch, AndroidBackButton, AndroidHomeButton, AndroidRecentAppsButton, Sleep
[2026-02-09T23:28:31.689+08:00] Total tools prepared: 18
[2026-02-09T23:28:31.694+08:00] Registered 18 tools
[2026-02-09T23:28:31.711+08:00] Action space from connected agent: Tap, DoubleClick, Input, Scroll, DragAndDrop, KeyboardPress, LongPress, PullGesture, ClearInput, RunAdbShell, Launch, AndroidBackButton, AndroidHomeButton, AndroidRecentAppsButton, Sleep
[2026-02-09T23:28:31.715+08:00] Total tools prepared: 18
[2026-02-09T23:28:31.781+08:00] Registered 18 tools
[2026-02-09T23:28:31.980+08:00] Action space from connected agent: Tap, DoubleClick, Input, Scroll, DragAndDrop, KeyboardPress, LongPress, PullGesture, ClearInput, RunAdbShell, Launch, AndroidBackButton, AndroidHomeButton, AndroidRecentAppsButton, Sleep
[2026-02-09T23:28:31.984+08:00] Total tools prepared: 18
[2026-02-09T23:28:32.136+08:00] Registered 18 tools
[2026-02-09T23:28:38.776+08:00] Bridge mode detected - agent will be initialized on first web_connect call
[2026-02-09T23:28:38.853+08:00] Action space from temporary device: Tap, RightClick, Hover, Input, KeyboardPress, Scroll, DragAndDrop
[2026-02-09T23:28:38.857+08:00] Total tools prepared: 10
[2026-02-09T23:28:38.858+08:00] Registered 10 tools
[2026-02-09T23:28:39.023+08:00] Bridge mode detected - agent will be initialized on first web_connect call
[2026-02-09T23:28:39.182+08:00] Action space from temporary device: Tap, RightClick, Hover, Input, KeyboardPress, Scroll, DragAndDrop
[2026-02-09T23:28:39.187+08:00] Total tools prepared: 10
[2026-02-09T23:28:39.189+08:00] Registered 10 tools
[2026-02-09T23:28:39.287+08:00] Bridge mode detected - agent will be initialized on first web_connect call
[2026-02-09T23:28:39.338+08:00] Action space from temporary device: Tap, RightClick, Hover, Input, KeyboardPress, Scroll, DragAndDrop
[2026-02-09T23:28:39.341+08:00] Total tools prepared: 10
[2026-02-09T23:28:39.342+08:00] Registered 10 tools
[2026-02-09T23:28:39.407+08:00] Bridge mode detected - agent will be initialized on first web_connect call
[2026-02-09T23:28:39.476+08:00] Action space from temporary device: Tap, RightClick, Hover, Input, KeyboardPress, Scroll, DragAndDrop
[2026-02-09T23:28:39.480+08:00] Total tools prepared: 10
[2026-02-09T23:28:39.481+08:00] Registered 10 tools
[2026-02-09T23:30:20.985+08:00] Action space from connected agent: Tap, DoubleClick, Input, Scroll, DragAndDrop, KeyboardPress, LongPress, PullGesture, ClearInput, RunAdbShell, Launch, AndroidBackButton, AndroidHomeButton, AndroidRecentAppsButton, Sleep
[2026-02-09T23:30:20.989+08:00] Total tools prepared: 18
[2026-02-09T23:30:21.022+08:00] Registered 18 tools
[2026-02-09T23:30:21.241+08:00] Action space from connected agent: Tap, DoubleClick, Input, Scroll, DragAndDrop, KeyboardPress, LongPress, PullGesture, ClearInput, RunAdbShell, Launch, AndroidBackButton, AndroidHomeButton, AndroidRecentAppsButton, Sleep
[2026-02-09T23:30:21.245+08:00] Total tools prepared: 18
[2026-02-09T23:30:21.267+08:00] Registered 18 tools
[2026-02-09T23:30:22.981+08:00] Action space from connected agent: Tap, DoubleClick, Input, Scroll, DragAndDrop, KeyboardPress, LongPress, PullGesture, ClearInput, RunAdbShell, Launch, AndroidBackButton, AndroidHomeButton, AndroidRecentAppsButton, Sleep
[2026-02-09T23:30:22.986+08:00] Total tools prepared: 18
[2026-02-09T23:30:22.995+08:00] Registered 18 tools
[2026-02-09T23:30:23.123+08:00] Action space from connected agent: Tap, DoubleClick, Input, Scroll, DragAndDrop, KeyboardPress, LongPress, PullGesture, ClearInput, RunAdbShell, Launch, AndroidBackButton, AndroidHomeButton, AndroidRecentAppsButton, Sleep
[2026-02-09T23:30:23.128+08:00] Total tools prepared: 18
[2026-02-09T23:30:23.130+08:00] Registered 18 tools
[2026-02-09T23:30:28.373+08:00] Bridge mode detected - agent will be initialized on first web_connect call
[2026-02-09T23:30:28.515+08:00] Action space from temporary device: Tap, RightClick, Hover, Input, KeyboardPress, Scroll, DragAndDrop
[2026-02-09T23:30:28.519+08:00] Total tools prepared: 10
[2026-02-09T23:30:28.519+08:00] Registered 10 tools
[2026-02-09T23:30:28.397+08:00] Bridge mode detected - agent will be initialized on first web_connect call
[2026-02-09T23:30:28.637+08:00] Action space from temporary device: Tap, RightClick, Hover, Input, KeyboardPress, Scroll, DragAndDrop
[2026-02-09T23:30:28.641+08:00] Total tools prepared: 10
[2026-02-09T23:30:28.642+08:00] Registered 10 tools
[2026-02-09T23:30:29.869+08:00] Bridge mode detected - agent will be initialized on first web_connect call
[2026-02-09T23:30:29.925+08:00] Action space from temporary device: Tap, RightClick, Hover, Input, KeyboardPress, Scroll, DragAndDrop
[2026-02-09T23:30:29.929+08:00] Total tools prepared: 10
[2026-02-09T23:30:29.930+08:00] Registered 10 tools
[2026-02-09T23:30:29.964+08:00] Bridge mode detected - agent will be initialized on first web_connect call
[2026-02-09T23:30:30.044+08:00] Action space from temporary device: Tap, RightClick, Hover, Input, KeyboardPress, Scroll, DragAndDrop
[2026-02-09T23:30:30.048+08:00] Total tools prepared: 10
[2026-02-09T23:30:30.048+08:00] Registered 10 tools
[2026-02-09T23:30:37.238+08:00] Action space from connected agent: Tap, DoubleClick, Input, Scroll, DragAndDrop, KeyboardPress, LongPress, PullGesture, ClearInput, RunAdbShell, Launch, AndroidBackButton, AndroidHomeButton, AndroidRecentAppsButton, Sleep
[2026-02-09T23:30:37.242+08:00] Total tools prepared: 18
[2026-02-09T23:30:37.244+08:00] Registered 18 tools
[2026-02-09T23:30:37.637+08:00] Action space from connected agent: Tap, DoubleClick, Input, Scroll, DragAndDrop, KeyboardPress, LongPress, PullGesture, ClearInput, RunAdbShell, Launch, AndroidBackButton, AndroidHomeButton, AndroidRecentAppsButton, Sleep
[2026-02-09T23:30:37.641+08:00] Total tools prepared: 18
[2026-02-09T23:30:37.660+08:00] Registered 18 tools
[2026-02-09T23:30:41.088+08:00] Bridge mode detected - agent will be initialized on first web_connect call
[2026-02-09T23:30:41.143+08:00] Action space from temporary device: Tap, RightClick, Hover, Input, KeyboardPress, Scroll, DragAndDrop
[2026-02-09T23:30:41.149+08:00] Total tools prepared: 10
[2026-02-09T23:30:41.150+08:00] Registered 10 tools
[2026-02-09T23:30:41.239+08:00] Bridge mode detected - agent will be initialized on first web_connect call
[2026-02-09T23:30:41.278+08:00] Action space from temporary device: Tap, RightClick, Hover, Input, KeyboardPress, Scroll, DragAndDrop
[2026-02-09T23:30:41.284+08:00] Total tools prepared: 10
[2026-02-09T23:30:41.285+08:00] Registered 10 tools
[2026-02-09T23:32:21.110+08:00] Action space from connected agent: Tap, DoubleClick, Input, Scroll, DragAndDrop, KeyboardPress, LongPress, PullGesture, ClearInput, RunAdbShell, Launch, AndroidBackButton, AndroidHomeButton, AndroidRecentAppsButton, Sleep
[2026-02-09T23:32:21.116+08:00] Total tools prepared: 18
[2026-02-09T23:32:21.297+08:00] Registered 18 tools
[2026-02-09T23:32:21.536+08:00] Action space from connected agent: Tap, DoubleClick, Input, Scroll, DragAndDrop, KeyboardPress, LongPress, PullGesture, ClearInput, RunAdbShell, Launch, AndroidBackButton, AndroidHomeButton, AndroidRecentAppsButton, Sleep
[2026-02-09T23:32:21.540+08:00] Total tools prepared: 18
[2026-02-09T23:32:21.669+08:00] Registered 18 tools
[2026-02-09T23:32:22.077+08:00] Action space from connected agent: Tap, DoubleClick, Input, Scroll, DragAndDrop, KeyboardPress, LongPress, PullGesture, ClearInput, RunAdbShell, Launch, AndroidBackButton, AndroidHomeButton, AndroidRecentAppsButton, Sleep
[2026-02-09T23:32:22.170+08:00] Total tools prepared: 18
[2026-02-09T23:32:22.173+08:00] Registered 18 tools
[2026-02-09T23:32:22.244+08:00] Action space from connected agent: Tap, DoubleClick, Input, Scroll, DragAndDrop, KeyboardPress, LongPress, PullGesture, ClearInput, RunAdbShell, Launch, AndroidBackButton, AndroidHomeButton, AndroidRecentAppsButton, Sleep
[2026-02-09T23:32:22.249+08:00] Total tools prepared: 18
[2026-02-09T23:32:22.252+08:00] Registered 18 tools
[2026-02-09T23:32:28.760+08:00] Bridge mode detected - agent will be initialized on first web_connect call
[2026-02-09T23:32:28.888+08:00] Action space from temporary device: Tap, RightClick, Hover, Input, KeyboardPress, Scroll, DragAndDrop
[2026-02-09T23:32:28.893+08:00] Total tools prepared: 10
[2026-02-09T23:32:28.894+08:00] Registered 10 tools
[2026-02-09T23:32:28.868+08:00] Bridge mode detected - agent will be initialized on first web_connect call
[2026-02-09T23:32:29.018+08:00] Action space from temporary device: Tap, RightClick, Hover, Input, KeyboardPress, Scroll, DragAndDrop
[2026-02-09T23:32:29.021+08:00] Total tools prepared: 10
[2026-02-09T23:32:29.022+08:00] Registered 10 tools
[2026-02-09T23:32:29.138+08:00] Bridge mode detected - agent will be initialized on first web_connect call
[2026-02-09T23:32:29.163+08:00] Action space from temporary device: Tap, RightClick, Hover, Input, KeyboardPress, Scroll, DragAndDrop
[2026-02-09T23:32:29.166+08:00] Total tools prepared: 10
[2026-02-09T23:32:29.167+08:00] Registered 10 tools
[2026-02-09T23:32:29.144+08:00] Bridge mode detected - agent will be initialized on first web_connect call
[2026-02-09T23:32:29.218+08:00] Action space from temporary device: Tap, RightClick, Hover, Input, KeyboardPress, Scroll, DragAndDrop
[2026-02-09T23:32:29.222+08:00] Total tools prepared: 10
[2026-02-09T23:32:29.223+08:00] Registered 10 tools
[2026-02-09T23:34:15.607+08:00] Action space from connected agent: Tap, DoubleClick, Input, Scroll, DragAndDrop, KeyboardPress, LongPress, PullGesture, ClearInput, RunAdbShell, Launch, AndroidBackButton, AndroidHomeButton, AndroidRecentAppsButton, Sleep
[2026-02-09T23:34:15.611+08:00] Total tools prepared: 18
[2026-02-09T23:34:15.718+08:00] Registered 18 tools
[2026-02-09T23:34:15.729+08:00] Action space from connected agent: Tap, DoubleClick, Input, Scroll, DragAndDrop, KeyboardPress, LongPress, PullGesture, ClearInput, RunAdbShell, Launch, AndroidBackButton, AndroidHomeButton, AndroidRecentAppsButton, Sleep
[2026-02-09T23:34:15.732+08:00] Total tools prepared: 18
[2026-02-09T23:34:15.870+08:00] Registered 18 tools
[2026-02-09T23:34:15.966+08:00] Action space from connected agent: Tap, DoubleClick, Input, Scroll, DragAndDrop, KeyboardPress, LongPress, PullGesture, ClearInput, RunAdbShell, Launch, AndroidBackButton, AndroidHomeButton, AndroidRecentAppsButton, Sleep
[2026-02-09T23:34:15.973+08:00] Total tools prepared: 18
[2026-02-09T23:34:15.977+08:00] Registered 18 tools
[2026-02-09T23:34:16.005+08:00] Action space from connected agent: Tap, DoubleClick, Input, Scroll, DragAndDrop, KeyboardPress, LongPress, PullGesture, ClearInput, RunAdbShell, Launch, AndroidBackButton, AndroidHomeButton, AndroidRecentAppsButton, Sleep
[2026-02-09T23:34:16.008+08:00] Total tools prepared: 18
[2026-02-09T23:34:16.010+08:00] Registered 18 tools
[2026-02-09T23:34:21.929+08:00] Bridge mode detected - agent will be initialized on first web_connect call
[2026-02-09T23:34:21.973+08:00] Action space from temporary device: Tap, RightClick, Hover, Input, KeyboardPress, Scroll, DragAndDrop
[2026-02-09T23:34:21.976+08:00] Total tools prepared: 10
[2026-02-09T23:34:21.977+08:00] Registered 10 tools
[2026-02-09T23:34:22.058+08:00] Bridge mode detected - agent will be initialized on first web_connect call
[2026-02-09T23:34:22.150+08:00] Action space from temporary device: Tap, RightClick, Hover, Input, KeyboardPress, Scroll, DragAndDrop
[2026-02-09T23:34:22.153+08:00] Total tools prepared: 10
[2026-02-09T23:34:22.154+08:00] Registered 10 tools
[2026-02-09T23:34:22.131+08:00] Bridge mode detected - agent will be initialized on first web_connect call
[2026-02-09T23:34:22.206+08:00] Action space from temporary device: Tap, RightClick, Hover, Input, KeyboardPress, Scroll, DragAndDrop
[2026-02-09T23:34:22.210+08:00] Total tools prepared: 10
[2026-02-09T23:34:22.210+08:00] Registered 10 tools
[2026-02-09T23:34:22.222+08:00] Bridge mode detected - agent will be initialized on first web_connect call
[2026-02-09T23:34:22.282+08:00] Action space from temporary device: Tap, RightClick, Hover, Input, KeyboardPress, Scroll, DragAndDrop
[2026-02-09T23:34:22.286+08:00] Total tools prepared: 10
[2026-02-09T23:34:22.287+08:00] Registered 10 tools
[2026-02-09T23:34:51.621+08:00] Action space from connected agent: Tap, DoubleClick, Input, Scroll, DragAndDrop, KeyboardPress, LongPress, PullGesture, ClearInput, RunAdbShell, Launch, AndroidBackButton, AndroidHomeButton, AndroidRecentAppsButton, Sleep
[2026-02-09T23:34:51.625+08:00] Total tools prepared: 18
[2026-02-09T23:34:51.637+08:00] Registered 18 tools
[2026-02-09T23:34:51.956+08:00] Action space from connected agent: Tap, DoubleClick, Input, Scroll, DragAndDrop, KeyboardPress, LongPress, PullGesture, ClearInput, RunAdbShell, Launch, AndroidBackButton, AndroidHomeButton, AndroidRecentAppsButton, Sleep
[2026-02-09T23:34:51.960+08:00] Total tools prepared: 18
[2026-02-09T23:34:51.975+08:00] Registered 18 tools
[2026-02-09T23:34:55.442+08:00] Bridge mode detected - agent will be initialized on first web_connect call
[2026-02-09T23:34:55.477+08:00] Action space from temporary device: Tap, RightClick, Hover, Input, KeyboardPress, Scroll, DragAndDrop
[2026-02-09T23:34:55.481+08:00] Total tools prepared: 10
[2026-02-09T23:34:55.482+08:00] Registered 10 tools
[2026-02-09T23:34:55.739+08:00] Bridge mode detected - agent will be initialized on first web_connect call
[2026-02-09T23:34:55.781+08:00] Action space from temporary device: Tap, RightClick, Hover, Input, KeyboardPress, Scroll, DragAndDrop
[2026-02-09T23:34:55.790+08:00] Total tools prepared: 10
[2026-02-09T23:34:55.790+08:00] Registered 10 tools
[2026-02-09T23:36:32.083+08:00] Action space from connected agent: Tap, DoubleClick, Input, Scroll, DragAndDrop, KeyboardPress, LongPress, PullGesture, ClearInput, RunAdbShell, Launch, AndroidBackButton, AndroidHomeButton, AndroidRecentAppsButton, Sleep
[2026-02-09T23:36:32.090+08:00] Total tools prepared: 18
[2026-02-09T23:36:32.093+08:00] Registered 18 tools
[2026-02-09T23:36:32.280+08:00] Action space from connected agent: Tap, DoubleClick, Input, Scroll, DragAndDrop, KeyboardPress, LongPress, PullGesture, ClearInput, RunAdbShell, Launch, AndroidBackButton, AndroidHomeButton, AndroidRecentAppsButton, Sleep
[2026-02-09T23:36:32.286+08:00] Total tools prepared: 18
[2026-02-09T23:36:32.289+08:00] Registered 18 tools
[2026-02-09T23:36:32.290+08:00] Action space from connected agent: Tap, DoubleClick, Input, Scroll, DragAndDrop, KeyboardPress, LongPress, PullGesture, ClearInput, RunAdbShell, Launch, AndroidBackButton, AndroidHomeButton, AndroidRecentAppsButton, Sleep
[2026-02-09T23:36:32.294+08:00] Total tools prepared: 18
[2026-02-09T23:36:32.480+08:00] Registered 18 tools
[2026-02-09T23:36:32.871+08:00] Action space from connected agent: Tap, DoubleClick, Input, Scroll, DragAndDrop, KeyboardPress, LongPress, PullGesture, ClearInput, RunAdbShell, Launch, AndroidBackButton, AndroidHomeButton, AndroidRecentAppsButton, Sleep
[2026-02-09T23:36:32.875+08:00] Total tools prepared: 18
[2026-02-09T23:36:32.974+08:00] Registered 18 tools
[2026-02-09T23:36:39.188+08:00] Bridge mode detected - agent will be initialized on first web_connect call
[2026-02-09T23:36:39.260+08:00] Action space from temporary device: Tap, RightClick, Hover, Input, KeyboardPress, Scroll, DragAndDrop
[2026-02-09T23:36:39.264+08:00] Total tools prepared: 10
[2026-02-09T23:36:39.265+08:00] Registered 10 tools
[2026-02-09T23:36:39.250+08:00] Bridge mode detected - agent will be initialized on first web_connect call
[2026-02-09T23:36:39.333+08:00] Action space from temporary device: Tap, RightClick, Hover, Input, KeyboardPress, Scroll, DragAndDrop
[2026-02-09T23:36:39.338+08:00] Total tools prepared: 10
[2026-02-09T23:36:39.338+08:00] Registered 10 tools
[2026-02-09T23:36:39.411+08:00] Bridge mode detected - agent will be initialized on first web_connect call
[2026-02-09T23:36:39.461+08:00] Action space from temporary device: Tap, RightClick, Hover, Input, KeyboardPress, Scroll, DragAndDrop
[2026-02-09T23:36:39.464+08:00] Total tools prepared: 10
[2026-02-09T23:36:39.465+08:00] Registered 10 tools
[2026-02-09T23:36:39.494+08:00] Bridge mode detected - agent will be initialized on first web_connect call
[2026-02-09T23:36:39.538+08:00] Action space from temporary device: Tap, RightClick, Hover, Input, KeyboardPress, Scroll, DragAndDrop
[2026-02-09T23:36:39.544+08:00] Total tools prepared: 10
[2026-02-09T23:36:39.547+08:00] Registered 10 tools
[2026-02-09T23:36:46.848+08:00] Action space from connected agent: Tap, DoubleClick, Input, Scroll, DragAndDrop, KeyboardPress, LongPress, PullGesture, ClearInput, RunAdbShell, Launch, AndroidBackButton, AndroidHomeButton, AndroidRecentAppsButton, Sleep
[2026-02-09T23:36:46.851+08:00] Total tools prepared: 18
[2026-02-09T23:36:46.854+08:00] Registered 18 tools
[2026-02-09T23:36:47.214+08:00] Action space from connected agent: Tap, DoubleClick, Input, Scroll, DragAndDrop, KeyboardPress, LongPress, PullGesture, ClearInput, RunAdbShell, Launch, AndroidBackButton, AndroidHomeButton, AndroidRecentAppsButton, Sleep
[2026-02-09T23:36:47.218+08:00] Total tools prepared: 18
[2026-02-09T23:36:47.254+08:00] Registered 18 tools
[2026-02-09T23:36:50.862+08:00] Bridge mode detected - agent will be initialized on first web_connect call
[2026-02-09T23:36:50.903+08:00] Action space from temporary device: Tap, RightClick, Hover, Input, KeyboardPress, Scroll, DragAndDrop
[2026-02-09T23:36:50.907+08:00] Total tools prepared: 10
[2026-02-09T23:36:50.908+08:00] Registered 10 tools
[2026-02-09T23:36:50.988+08:00] Bridge mode detected - agent will be initialized on first web_connect call
[2026-02-09T23:36:51.020+08:00] Action space from temporary device: Tap, RightClick, Hover, Input, KeyboardPress, Scroll, DragAndDrop
[2026-02-09T23:36:51.023+08:00] Total tools prepared: 10
[2026-02-09T23:36:51.024+08:00] Registered 10 tools
[2026-02-09T23:38:31.305+08:00] Action space from connected agent: Tap, DoubleClick, Input, Scroll, DragAndDrop, KeyboardPress, LongPress, PullGesture, ClearInput, RunAdbShell, Launch, AndroidBackButton, AndroidHomeButton, AndroidRecentAppsButton, Sleep
[2026-02-09T23:38:31.310+08:00] Total tools prepared: 18
[2026-02-09T23:38:31.410+08:00] Registered 18 tools
[2026-02-09T23:38:31.900+08:00] Action space from connected agent: Tap, DoubleClick, Input, Scroll, DragAndDrop, KeyboardPress, LongPress, PullGesture, ClearInput, RunAdbShell, Launch, AndroidBackButton, AndroidHomeButton, AndroidRecentAppsButton, Sleep
[2026-02-09T23:38:31.974+08:00] Total tools prepared: 18
[2026-02-09T23:38:31.976+08:00] Registered 18 tools
[2026-02-09T23:38:32.029+08:00] Action space from connected agent: Tap, DoubleClick, Input, Scroll, DragAndDrop, KeyboardPress, LongPress, PullGesture, ClearInput, RunAdbShell, Launch, AndroidBackButton, AndroidHomeButton, AndroidRecentAppsButton, Sleep
[2026-02-09T23:38:32.033+08:00] Total tools prepared: 18
[2026-02-09T23:38:32.226+08:00] Registered 18 tools
[2026-02-09T23:38:32.248+08:00] Action space from connected agent: Tap, DoubleClick, Input, Scroll, DragAndDrop, KeyboardPress, LongPress, PullGesture, ClearInput, RunAdbShell, Launch, AndroidBackButton, AndroidHomeButton, AndroidRecentAppsButton, Sleep
[2026-02-09T23:38:32.252+08:00] Total tools prepared: 18
[2026-02-09T23:38:32.321+08:00] Registered 18 tools
[2026-02-09T23:38:38.804+08:00] Bridge mode detected - agent will be initialized on first web_connect call
[2026-02-09T23:38:38.883+08:00] Action space from temporary device: Tap, RightClick, Hover, Input, KeyboardPress, Scroll, DragAndDrop
[2026-02-09T23:38:38.888+08:00] Total tools prepared: 10
[2026-02-09T23:38:38.888+08:00] Registered 10 tools
[2026-02-09T23:38:38.839+08:00] Bridge mode detected - agent will be initialized on first web_connect call
[2026-02-09T23:38:38.993+08:00] Action space from temporary device: Tap, RightClick, Hover, Input, KeyboardPress, Scroll, DragAndDrop
[2026-02-09T23:38:38.998+08:00] Total tools prepared: 10
[2026-02-09T23:38:38.998+08:00] Registered 10 tools
[2026-02-09T23:38:39.016+08:00] Bridge mode detected - agent will be initialized on first web_connect call
[2026-02-09T23:38:39.129+08:00] Action space from temporary device: Tap, RightClick, Hover, Input, KeyboardPress, Scroll, DragAndDrop
[2026-02-09T23:38:39.133+08:00] Total tools prepared: 10
[2026-02-09T23:38:39.134+08:00] Registered 10 tools
[2026-02-09T23:38:39.115+08:00] Bridge mode detected - agent will be initialized on first web_connect call
[2026-02-09T23:38:39.280+08:00] Action space from temporary device: Tap, RightClick, Hover, Input, KeyboardPress, Scroll, DragAndDrop
[2026-02-09T23:38:39.285+08:00] Total tools prepared: 10
[2026-02-09T23:38:39.286+08:00] Registered 10 tools
[2026-02-09T23:39:11.342+08:00] Action space from connected agent: Tap, DoubleClick, Input, Scroll, DragAndDrop, KeyboardPress, LongPress, PullGesture, ClearInput, RunAdbShell, Launch, AndroidBackButton, AndroidHomeButton, AndroidRecentAppsButton, Sleep
[2026-02-09T23:39:11.345+08:00] Total tools prepared: 18
[2026-02-09T23:39:11.348+08:00] Registered 18 tools
[2026-02-09T23:39:11.643+08:00] Action space from connected agent: Tap, DoubleClick, Input, Scroll, DragAndDrop, KeyboardPress, LongPress, PullGesture, ClearInput, RunAdbShell, Launch, AndroidBackButton, AndroidHomeButton, AndroidRecentAppsButton, Sleep
[2026-02-09T23:39:11.647+08:00] Total tools prepared: 18
[2026-02-09T23:39:11.649+08:00] Registered 18 tools
[2026-02-09T23:39:14.703+08:00] Bridge mode detected - agent will be initialized on first web_connect call
[2026-02-09T23:39:14.793+08:00] Action space from temporary device: Tap, RightClick, Hover, Input, KeyboardPress, Scroll, DragAndDrop
[2026-02-09T23:39:14.797+08:00] Total tools prepared: 10
[2026-02-09T23:39:14.798+08:00] Registered 10 tools
[2026-02-09T23:39:15.017+08:00] Bridge mode detected - agent will be initialized on first web_connect call
[2026-02-09T23:39:15.054+08:00] Action space from temporary device: Tap, RightClick, Hover, Input, KeyboardPress, Scroll, DragAndDrop
[2026-02-09T23:39:15.058+08:00] Total tools prepared: 10
[2026-02-09T23:39:15.058+08:00] Registered 10 tools
[2026-02-09T23:40:23.420+08:00] Action space from connected agent: Tap, DoubleClick, Input, Scroll, DragAndDrop, KeyboardPress, LongPress, PullGesture, ClearInput, RunAdbShell, Launch, AndroidBackButton, AndroidHomeButton, AndroidRecentAppsButton, Sleep
[2026-02-09T23:40:23.423+08:00] Total tools prepared: 18
[2026-02-09T23:40:23.492+08:00] Registered 18 tools
[2026-02-09T23:40:24.284+08:00] Action space from connected agent: Tap, DoubleClick, Input, Scroll, DragAndDrop, KeyboardPress, LongPress, PullGesture, ClearInput, RunAdbShell, Launch, AndroidBackButton, AndroidHomeButton, AndroidRecentAppsButton, Sleep
[2026-02-09T23:40:24.288+08:00] Total tools prepared: 18
[2026-02-09T23:40:24.337+08:00] Registered 18 tools
[2026-02-09T23:40:25.662+08:00] Action space from connected agent: Tap, DoubleClick, Input, Scroll, DragAndDrop, KeyboardPress, LongPress, PullGesture, ClearInput, RunAdbShell, Launch, AndroidBackButton, AndroidHomeButton, AndroidRecentAppsButton, Sleep
[2026-02-09T23:40:25.666+08:00] Total tools prepared: 18
[2026-02-09T23:40:25.722+08:00] Registered 18 tools
[2026-02-09T23:40:26.327+08:00] Action space from connected agent: Tap, DoubleClick, Input, Scroll, DragAndDrop, KeyboardPress, LongPress, PullGesture, ClearInput, RunAdbShell, Launch, AndroidBackButton, AndroidHomeButton, AndroidRecentAppsButton, Sleep
[2026-02-09T23:40:26.331+08:00] Total tools prepared: 18
[2026-02-09T23:40:26.338+08:00] Registered 18 tools
[2026-02-09T23:40:31.624+08:00] Bridge mode detected - agent will be initialized on first web_connect call
[2026-02-09T23:40:31.724+08:00] Action space from temporary device: Tap, RightClick, Hover, Input, KeyboardPress, Scroll, DragAndDrop
[2026-02-09T23:40:31.728+08:00] Total tools prepared: 10
[2026-02-09T23:40:31.728+08:00] Registered 10 tools
[2026-02-09T23:40:31.755+08:00] Bridge mode detected - agent will be initialized on first web_connect call
[2026-02-09T23:40:31.838+08:00] Action space from temporary device: Tap, RightClick, Hover, Input, KeyboardPress, Scroll, DragAndDrop
[2026-02-09T23:40:31.843+08:00] Total tools prepared: 10
[2026-02-09T23:40:31.844+08:00] Registered 10 tools
[2026-02-09T23:40:32.628+08:00] Bridge mode detected - agent will be initialized on first web_connect call
[2026-02-09T23:40:32.662+08:00] Action space from temporary device: Tap, RightClick, Hover, Input, KeyboardPress, Scroll, DragAndDrop
[2026-02-09T23:40:32.666+08:00] Total tools prepared: 10
[2026-02-09T23:40:32.666+08:00] Registered 10 tools
[2026-02-09T23:40:33.104+08:00] Bridge mode detected - agent will be initialized on first web_connect call
[2026-02-09T23:40:33.149+08:00] Action space from temporary device: Tap, RightClick, Hover, Input, KeyboardPress, Scroll, DragAndDrop
[2026-02-09T23:40:33.155+08:00] Total tools prepared: 10
[2026-02-09T23:40:33.156+08:00] Registered 10 tools
[2026-02-09T23:40:40.242+08:00] Action space from connected agent: Tap, DoubleClick, Input, Scroll, DragAndDrop, KeyboardPress, LongPress, PullGesture, ClearInput, RunAdbShell, Launch, AndroidBackButton, AndroidHomeButton, AndroidRecentAppsButton, Sleep
[2026-02-09T23:40:40.247+08:00] Total tools prepared: 18
[2026-02-09T23:40:40.249+08:00] Registered 18 tools
[2026-02-09T23:40:40.500+08:00] Action space from connected agent: Tap, DoubleClick, Input, Scroll, DragAndDrop, KeyboardPress, LongPress, PullGesture, ClearInput, RunAdbShell, Launch, AndroidBackButton, AndroidHomeButton, AndroidRecentAppsButton, Sleep
[2026-02-09T23:40:40.508+08:00] Total tools prepared: 18
[2026-02-09T23:40:40.511+08:00] Registered 18 tools
[2026-02-09T23:40:43.964+08:00] Bridge mode detected - agent will be initialized on first web_connect call
[2026-02-09T23:40:43.994+08:00] Action space from temporary device: Tap, RightClick, Hover, Input, KeyboardPress, Scroll, DragAndDrop
[2026-02-09T23:40:43.999+08:00] Total tools prepared: 10
[2026-02-09T23:40:44.001+08:00] Registered 10 tools
[2026-02-09T23:40:43.964+08:00] Bridge mode detected - agent will be initialized on first web_connect call
[2026-02-09T23:40:44.002+08:00] Action space from temporary device: Tap, RightClick, Hover, Input, KeyboardPress, Scroll, DragAndDrop
[2026-02-09T23:40:44.029+08:00] Total tools prepared: 10
[2026-02-09T23:40:44.030+08:00] Registered 10 tools
[2026-02-09T23:42:03.813+08:00] Action space from connected agent: Tap, DoubleClick, Input, Scroll, DragAndDrop, KeyboardPress, LongPress, PullGesture, ClearInput, RunAdbShell, Launch, AndroidBackButton, AndroidHomeButton, AndroidRecentAppsButton, Sleep
[2026-02-09T23:42:03.816+08:00] Total tools prepared: 18
[2026-02-09T23:42:03.818+08:00] Registered 18 tools
[2026-02-09T23:42:03.879+08:00] Action space from connected agent: Tap, DoubleClick, Input, Scroll, DragAndDrop, KeyboardPress, LongPress, PullGesture, ClearInput, RunAdbShell, Launch, AndroidBackButton, AndroidHomeButton, AndroidRecentAppsButton, Sleep
[2026-02-09T23:42:03.883+08:00] Total tools prepared: 18
[2026-02-09T23:42:03.886+08:00] Registered 18 tools
[2026-02-09T23:42:07.548+08:00] Bridge mode detected - agent will be initialized on first web_connect call
[2026-02-09T23:42:07.610+08:00] Action space from temporary device: Tap, RightClick, Hover, Input, KeyboardPress, Scroll, DragAndDrop
[2026-02-09T23:42:07.614+08:00] Total tools prepared: 10
[2026-02-09T23:42:07.615+08:00] Registered 10 tools
[2026-02-09T23:42:08.426+08:00] Bridge mode detected - agent will be initialized on first web_connect call
[2026-02-09T23:42:08.453+08:00] Action space from temporary device: Tap, RightClick, Hover, Input, KeyboardPress, Scroll, DragAndDrop
[2026-02-09T23:42:08.457+08:00] Total tools prepared: 10
[2026-02-09T23:42:08.457+08:00] Registered 10 tools
[2026-02-09T23:42:20.728+08:00] Action space from connected agent: Tap, DoubleClick, Input, Scroll, DragAndDrop, KeyboardPress, LongPress, PullGesture, ClearInput, RunAdbShell, Launch, AndroidBackButton, AndroidHomeButton, AndroidRecentAppsButton, Sleep
[2026-02-09T23:42:20.732+08:00] Total tools prepared: 18
[2026-02-09T23:42:20.735+08:00] Registered 18 tools
[2026-02-09T23:42:21.386+08:00] Action space from connected agent: Tap, DoubleClick, Input, Scroll, DragAndDrop, KeyboardPress, LongPress, PullGesture, ClearInput, RunAdbShell, Launch, AndroidBackButton, AndroidHomeButton, AndroidRecentAppsButton, Sleep
[2026-02-09T23:42:21.390+08:00] Total tools prepared: 18
[2026-02-09T23:42:21.434+08:00] Registered 18 tools
[2026-02-09T23:42:24.692+08:00] Bridge mode detected - agent will be initialized on first web_connect call
[2026-02-09T23:42:24.741+08:00] Action space from temporary device: Tap, RightClick, Hover, Input, KeyboardPress, Scroll, DragAndDrop
[2026-02-09T23:42:24.744+08:00] Total tools prepared: 10
[2026-02-09T23:42:24.745+08:00] Registered 10 tools
[2026-02-09T23:42:24.731+08:00] Bridge mode detected - agent will be initialized on first web_connect call
[2026-02-09T23:42:24.778+08:00] Action space from temporary device: Tap, RightClick, Hover, Input, KeyboardPress, Scroll, DragAndDrop
[2026-02-09T23:42:24.782+08:00] Total tools prepared: 10
[2026-02-09T23:42:24.783+08:00] Registered 10 tools
[2026-02-09T23:44:17.223+08:00] Action space from connected agent: Tap, DoubleClick, Input, Scroll, DragAndDrop, KeyboardPress, LongPress, PullGesture, ClearInput, RunAdbShell, Launch, AndroidBackButton, AndroidHomeButton, AndroidRecentAppsButton, Sleep
[2026-02-09T23:44:17.227+08:00] Total tools prepared: 18
[2026-02-09T23:44:17.252+08:00] Registered 18 tools
[2026-02-09T23:44:17.555+08:00] Action space from connected agent: Tap, DoubleClick, Input, Scroll, DragAndDrop, KeyboardPress, LongPress, PullGesture, ClearInput, RunAdbShell, Launch, AndroidBackButton, AndroidHomeButton, AndroidRecentAppsButton, Sleep
[2026-02-09T23:44:17.559+08:00] Total tools prepared: 18
[2026-02-09T23:44:17.570+08:00] Registered 18 tools
[2026-02-09T23:44:21.101+08:00] Bridge mode detected - agent will be initialized on first web_connect call
[2026-02-09T23:44:21.131+08:00] Action space from temporary device: Tap, RightClick, Hover, Input, KeyboardPress, Scroll, DragAndDrop
[2026-02-09T23:44:21.135+08:00] Total tools prepared: 10
[2026-02-09T23:44:21.135+08:00] Registered 10 tools
[2026-02-09T23:44:21.225+08:00] Bridge mode detected - agent will be initialized on first web_connect call
[2026-02-09T23:44:21.249+08:00] Action space from temporary device: Tap, RightClick, Hover, Input, KeyboardPress, Scroll, DragAndDrop
[2026-02-09T23:44:21.252+08:00] Total tools prepared: 10
[2026-02-09T23:44:21.254+08:00] Registered 10 tools
[2026-02-09T23:44:25.850+08:00] Action space from connected agent: Tap, DoubleClick, Input, Scroll, DragAndDrop, KeyboardPress, LongPress, PullGesture, ClearInput, RunAdbShell, Launch, AndroidBackButton, AndroidHomeButton, AndroidRecentAppsButton, Sleep
[2026-02-09T23:44:25.862+08:00] Total tools prepared: 18
[2026-02-09T23:44:25.869+08:00] Registered 18 tools
[2026-02-09T23:44:26.285+08:00] Action space from connected agent: Tap, DoubleClick, Input, Scroll, DragAndDrop, KeyboardPress, LongPress, PullGesture, ClearInput, RunAdbShell, Launch, AndroidBackButton, AndroidHomeButton, AndroidRecentAppsButton, Sleep
[2026-02-09T23:44:26.288+08:00] Total tools prepared: 18
[2026-02-09T23:44:26.292+08:00] Registered 18 tools
[2026-02-09T23:44:29.990+08:00] Bridge mode detected - agent will be initialized on first web_connect call
[2026-02-09T23:44:30.071+08:00] Action space from temporary device: Tap, RightClick, Hover, Input, KeyboardPress, Scroll, DragAndDrop
[2026-02-09T23:44:30.075+08:00] Total tools prepared: 10
[2026-02-09T23:44:30.076+08:00] Registered 10 tools
[2026-02-09T23:44:30.231+08:00] Bridge mode detected - agent will be initialized on first web_connect call
[2026-02-09T23:44:30.268+08:00] Action space from temporary device: Tap, RightClick, Hover, Input, KeyboardPress, Scroll, DragAndDrop
[2026-02-09T23:44:30.272+08:00] Total tools prepared: 10
[2026-02-09T23:44:30.273+08:00] Registered 10 tools
[2026-02-09T23:46:26.108+08:00] Action space from connected agent: Tap, DoubleClick, Input, Scroll, DragAndDrop, KeyboardPress, LongPress, PullGesture, ClearInput, RunAdbShell, Launch, AndroidBackButton, AndroidHomeButton, AndroidRecentAppsButton, Sleep
[2026-02-09T23:46:26.112+08:00] Total tools prepared: 18
[2026-02-09T23:46:26.114+08:00] Registered 18 tools
[2026-02-09T23:46:26.397+08:00] Action space from connected agent: Tap, DoubleClick, Input, Scroll, DragAndDrop, KeyboardPress, LongPress, PullGesture, ClearInput, RunAdbShell, Launch, AndroidBackButton, AndroidHomeButton, AndroidRecentAppsButton, Sleep
[2026-02-09T23:46:26.401+08:00] Total tools prepared: 18
[2026-02-09T23:46:26.404+08:00] Registered 18 tools
[2026-02-09T23:46:29.954+08:00] Bridge mode detected - agent will be initialized on first web_connect call
[2026-02-09T23:46:30.023+08:00] Action space from temporary device: Tap, RightClick, Hover, Input, KeyboardPress, Scroll, DragAndDrop
[2026-02-09T23:46:30.027+08:00] Total tools prepared: 10
[2026-02-09T23:46:30.027+08:00] Registered 10 tools
[2026-02-09T23:46:30.081+08:00] Bridge mode detected - agent will be initialized on first web_connect call
[2026-02-09T23:46:30.127+08:00] Action space from temporary device: Tap, RightClick, Hover, Input, KeyboardPress, Scroll, DragAndDrop
[2026-02-09T23:46:30.130+08:00] Total tools prepared: 10
[2026-02-09T23:46:30.131+08:00] Registered 10 tools
[2026-02-09T23:48:26.507+08:00] Action space from connected agent: Tap, DoubleClick, Input, Scroll, DragAndDrop, KeyboardPress, LongPress, PullGesture, ClearInput, RunAdbShell, Launch, AndroidBackButton, AndroidHomeButton, AndroidRecentAppsButton, Sleep
[2026-02-09T23:48:26.511+08:00] Total tools prepared: 18
[2026-02-09T23:48:26.520+08:00] Registered 18 tools
[2026-02-09T23:48:26.671+08:00] Action space from connected agent: Tap, DoubleClick, Input, Scroll, DragAndDrop, KeyboardPress, LongPress, PullGesture, ClearInput, RunAdbShell, Launch, AndroidBackButton, AndroidHomeButton, AndroidRecentAppsButton, Sleep
[2026-02-09T23:48:26.675+08:00] Total tools prepared: 18
[2026-02-09T23:48:26.741+08:00] Registered 18 tools
[2026-02-09T23:48:31.074+08:00] Bridge mode detected - agent will be initialized on first web_connect call
[2026-02-09T23:48:31.099+08:00] Action space from temporary device: Tap, RightClick, Hover, Input, KeyboardPress, Scroll, DragAndDrop
[2026-02-09T23:48:31.103+08:00] Total tools prepared: 10
[2026-02-09T23:48:31.104+08:00] Registered 10 tools
[2026-02-09T23:48:31.075+08:00] Bridge mode detected - agent will be initialized on first web_connect call
[2026-02-09T23:48:31.173+08:00] Action space from temporary device: Tap, RightClick, Hover, Input, KeyboardPress, Scroll, DragAndDrop
[2026-02-09T23:48:31.177+08:00] Total tools prepared: 10
[2026-02-09T23:48:31.178+08:00] Registered 10 tools
[2026-02-09T23:50:26.431+08:00] Action space from connected agent: Tap, DoubleClick, Input, Scroll, DragAndDrop, KeyboardPress, LongPress, PullGesture, ClearInput, RunAdbShell, Launch, AndroidBackButton, AndroidHomeButton, AndroidRecentAppsButton, Sleep
[2026-02-09T23:50:26.434+08:00] Total tools prepared: 18
[2026-02-09T23:50:26.437+08:00] Registered 18 tools
[2026-02-09T23:50:26.958+08:00] Action space from connected agent: Tap, DoubleClick, Input, Scroll, DragAndDrop, KeyboardPress, LongPress, PullGesture, ClearInput, RunAdbShell, Launch, AndroidBackButton, AndroidHomeButton, AndroidRecentAppsButton, Sleep
[2026-02-09T23:50:26.961+08:00] Total tools prepared: 18
[2026-02-09T23:50:26.964+08:00] Registered 18 tools
[2026-02-09T23:50:30.853+08:00] Bridge mode detected - agent will be initialized on first web_connect call
[2026-02-09T23:50:30.917+08:00] Action space from temporary device: Tap, RightClick, Hover, Input, KeyboardPress, Scroll, DragAndDrop
[2026-02-09T23:50:30.921+08:00] Total tools prepared: 10
[2026-02-09T23:50:30.922+08:00] Registered 10 tools
[2026-02-09T23:50:30.938+08:00] Bridge mode detected - agent will be initialized on first web_connect call
[2026-02-09T23:50:31.019+08:00] Action space from temporary device: Tap, RightClick, Hover, Input, KeyboardPress, Scroll, DragAndDrop
[2026-02-09T23:50:31.036+08:00] Total tools prepared: 10
[2026-02-09T23:50:31.037+08:00] Registered 10 tools
[2026-02-09T23:52:26.425+08:00] Action space from connected agent: Tap, DoubleClick, Input, Scroll, DragAndDrop, KeyboardPress, LongPress, PullGesture, ClearInput, RunAdbShell, Launch, AndroidBackButton, AndroidHomeButton, AndroidRecentAppsButton, Sleep
[2026-02-09T23:52:26.429+08:00] Total tools prepared: 18
[2026-02-09T23:52:26.431+08:00] Registered 18 tools
[2026-02-09T23:52:26.417+08:00] Action space from connected agent: Tap, DoubleClick, Input, Scroll, DragAndDrop, KeyboardPress, LongPress, PullGesture, ClearInput, RunAdbShell, Launch, AndroidBackButton, AndroidHomeButton, AndroidRecentAppsButton, Sleep
[2026-02-09T23:52:26.422+08:00] Total tools prepared: 18
[2026-02-09T23:52:26.426+08:00] Registered 18 tools
[2026-02-09T23:52:30.764+08:00] Bridge mode detected - agent will be initialized on first web_connect call
[2026-02-09T23:52:30.855+08:00] Action space from temporary device: Tap, RightClick, Hover, Input, KeyboardPress, Scroll, DragAndDrop
[2026-02-09T23:52:30.859+08:00] Total tools prepared: 10
[2026-02-09T23:52:30.860+08:00] Registered 10 tools
[2026-02-09T23:52:31.168+08:00] Bridge mode detected - agent will be initialized on first web_connect call
[2026-02-09T23:52:31.194+08:00] Action space from temporary device: Tap, RightClick, Hover, Input, KeyboardPress, Scroll, DragAndDrop
[2026-02-09T23:52:31.198+08:00] Total tools prepared: 10
[2026-02-09T23:52:31.199+08:00] Registered 10 tools
[2026-02-09T23:53:30.700+08:00] Action space from connected agent: Tap, DoubleClick, Input, Scroll, DragAndDrop, KeyboardPress, LongPress, PullGesture, ClearInput, RunAdbShell, Launch, AndroidBackButton, AndroidHomeButton, AndroidRecentAppsButton, Sleep
[2026-02-09T23:53:30.712+08:00] Total tools prepared: 18
[2026-02-09T23:53:30.714+08:00] Registered 18 tools
[2026-02-09T23:53:30.540+08:00] Action space from connected agent: Tap, DoubleClick, Input, Scroll, DragAndDrop, KeyboardPress, LongPress, PullGesture, ClearInput, RunAdbShell, Launch, AndroidBackButton, AndroidHomeButton, AndroidRecentAppsButton, Sleep
[2026-02-09T23:53:30.714+08:00] Total tools prepared: 18
[2026-02-09T23:53:30.724+08:00] Registered 18 tools
[2026-02-09T23:53:30.893+08:00] Action space from connected agent: Tap, DoubleClick, Input, Scroll, DragAndDrop, KeyboardPress, LongPress, PullGesture, ClearInput, RunAdbShell, Launch, AndroidBackButton, AndroidHomeButton, AndroidRecentAppsButton, Sleep
[2026-02-09T23:53:30.897+08:00] Total tools prepared: 18
[2026-02-09T23:53:30.995+08:00] Registered 18 tools
[2026-02-09T23:53:31.091+08:00] Action space from connected agent: Tap, DoubleClick, Input, Scroll, DragAndDrop, KeyboardPress, LongPress, PullGesture, ClearInput, RunAdbShell, Launch, AndroidBackButton, AndroidHomeButton, AndroidRecentAppsButton, Sleep
[2026-02-09T23:53:31.100+08:00] Total tools prepared: 18
[2026-02-09T23:53:31.203+08:00] Registered 18 tools
[2026-02-09T23:53:36.431+08:00] Bridge mode detected - agent will be initialized on first web_connect call
[2026-02-09T23:53:36.565+08:00] Action space from temporary device: Tap, RightClick, Hover, Input, KeyboardPress, Scroll, DragAndDrop
[2026-02-09T23:53:36.568+08:00] Total tools prepared: 10
[2026-02-09T23:53:36.569+08:00] Registered 10 tools
[2026-02-09T23:53:37.015+08:00] Bridge mode detected - agent will be initialized on first web_connect call
[2026-02-09T23:53:37.134+08:00] Action space from temporary device: Tap, RightClick, Hover, Input, KeyboardPress, Scroll, DragAndDrop
[2026-02-09T23:53:37.141+08:00] Total tools prepared: 10
[2026-02-09T23:53:37.141+08:00] Registered 10 tools
[2026-02-09T23:53:37.257+08:00] Bridge mode detected - agent will be initialized on first web_connect call
[2026-02-09T23:53:37.321+08:00] Action space from temporary device: Tap, RightClick, Hover, Input, KeyboardPress, Scroll, DragAndDrop
[2026-02-09T23:53:37.325+08:00] Total tools prepared: 10
[2026-02-09T23:53:37.326+08:00] Registered 10 tools
[2026-02-09T23:53:37.281+08:00] Bridge mode detected - agent will be initialized on first web_connect call
[2026-02-09T23:53:37.341+08:00] Action space from temporary device: Tap, RightClick, Hover, Input, KeyboardPress, Scroll, DragAndDrop
[2026-02-09T23:53:37.345+08:00] Total tools prepared: 10
[2026-02-09T23:53:37.345+08:00] Registered 10 tools
[2026-02-09T23:54:26.520+08:00] Action space from connected agent: Tap, DoubleClick, Input, Scroll, DragAndDrop, KeyboardPress, LongPress, PullGesture, ClearInput, RunAdbShell, Launch, AndroidBackButton, AndroidHomeButton, AndroidRecentAppsButton, Sleep
[2026-02-09T23:54:26.524+08:00] Total tools prepared: 18
[2026-02-09T23:54:26.542+08:00] Registered 18 tools
[2026-02-09T23:54:26.906+08:00] Action space from connected agent: Tap, DoubleClick, Input, Scroll, DragAndDrop, KeyboardPress, LongPress, PullGesture, ClearInput, RunAdbShell, Launch, AndroidBackButton, AndroidHomeButton, AndroidRecentAppsButton, Sleep
[2026-02-09T23:54:26.910+08:00] Total tools prepared: 18
[2026-02-09T23:54:26.937+08:00] Registered 18 tools
[2026-02-09T23:54:30.180+08:00] Bridge mode detected - agent will be initialized on first web_connect call
[2026-02-09T23:54:30.272+08:00] Action space from temporary device: Tap, RightClick, Hover, Input, KeyboardPress, Scroll, DragAndDrop
[2026-02-09T23:54:30.276+08:00] Total tools prepared: 10
[2026-02-09T23:54:30.277+08:00] Registered 10 tools
[2026-02-09T23:54:30.328+08:00] Bridge mode detected - agent will be initialized on first web_connect call
[2026-02-09T23:54:30.392+08:00] Action space from temporary device: Tap, RightClick, Hover, Input, KeyboardPress, Scroll, DragAndDrop
[2026-02-09T23:54:30.396+08:00] Total tools prepared: 10
[2026-02-09T23:54:30.396+08:00] Registered 10 tools
[2026-02-09T23:55:07.488+08:00] Action space from connected agent: Tap, DoubleClick, Input, Scroll, DragAndDrop, KeyboardPress, LongPress, PullGesture, ClearInput, RunAdbShell, Launch, AndroidBackButton, AndroidHomeButton, AndroidRecentAppsButton, Sleep
[2026-02-09T23:55:07.492+08:00] Total tools prepared: 18
[2026-02-09T23:55:07.581+08:00] Registered 18 tools
[2026-02-09T23:55:07.845+08:00] Action space from connected agent: Tap, DoubleClick, Input, Scroll, DragAndDrop, KeyboardPress, LongPress, PullGesture, ClearInput, RunAdbShell, Launch, AndroidBackButton, AndroidHomeButton, AndroidRecentAppsButton, Sleep
[2026-02-09T23:55:07.849+08:00] Total tools prepared: 18
[2026-02-09T23:55:07.852+08:00] Registered 18 tools
[2026-02-09T23:55:11.110+08:00] Bridge mode detected - agent will be initialized on first web_connect call
[2026-02-09T23:55:11.174+08:00] Action space from temporary device: Tap, RightClick, Hover, Input, KeyboardPress, Scroll, DragAndDrop
[2026-02-09T23:55:11.179+08:00] Total tools prepared: 10
[2026-02-09T23:55:11.180+08:00] Registered 10 tools
[2026-02-09T23:55:11.781+08:00] Bridge mode detected - agent will be initialized on first web_connect call
[2026-02-09T23:55:11.837+08:00] Action space from temporary device: Tap, RightClick, Hover, Input, KeyboardPress, Scroll, DragAndDrop
[2026-02-09T23:55:11.844+08:00] Total tools prepared: 10
[2026-02-09T23:55:11.845+08:00] Registered 10 tools
[2026-02-09T23:56:27.006+08:00] Action space from connected agent: Tap, DoubleClick, Input, Scroll, DragAndDrop, KeyboardPress, LongPress, PullGesture, ClearInput, RunAdbShell, Launch, AndroidBackButton, AndroidHomeButton, AndroidRecentAppsButton, Sleep
[2026-02-09T23:56:27.010+08:00] Total tools prepared: 18
[2026-02-09T23:56:27.072+08:00] Registered 18 tools
[2026-02-09T23:56:27.455+08:00] Action space from connected agent: Tap, DoubleClick, Input, Scroll, DragAndDrop, KeyboardPress, LongPress, PullGesture, ClearInput, RunAdbShell, Launch, AndroidBackButton, AndroidHomeButton, AndroidRecentAppsButton, Sleep
[2026-02-09T23:56:27.459+08:00] Total tools prepared: 18
[2026-02-09T23:56:27.463+08:00] Registered 18 tools
[2026-02-09T23:56:31.559+08:00] Bridge mode detected - agent will be initialized on first web_connect call
[2026-02-09T23:56:31.594+08:00] Action space from temporary device: Tap, RightClick, Hover, Input, KeyboardPress, Scroll, DragAndDrop
[2026-02-09T23:56:31.597+08:00] Total tools prepared: 10
[2026-02-09T23:56:31.598+08:00] Registered 10 tools
[2026-02-09T23:56:31.543+08:00] Bridge mode detected - agent will be initialized on first web_connect call
[2026-02-09T23:56:31.596+08:00] Action space from temporary device: Tap, RightClick, Hover, Input, KeyboardPress, Scroll, DragAndDrop
[2026-02-09T23:56:31.603+08:00] Total tools prepared: 10
[2026-02-09T23:56:31.604+08:00] Registered 10 tools
[2026-02-09T23:58:27.556+08:00] Action space from connected agent: Tap, DoubleClick, Input, Scroll, DragAndDrop, KeyboardPress, LongPress, PullGesture, ClearInput, RunAdbShell, Launch, AndroidBackButton, AndroidHomeButton, AndroidRecentAppsButton, Sleep
[2026-02-09T23:58:27.561+08:00] Total tools prepared: 18
[2026-02-09T23:58:27.564+08:00] Registered 18 tools
[2026-02-09T23:58:27.991+08:00] Action space from connected agent: Tap, DoubleClick, Input, Scroll, DragAndDrop, KeyboardPress, LongPress, PullGesture, ClearInput, RunAdbShell, Launch, AndroidBackButton, AndroidHomeButton, AndroidRecentAppsButton, Sleep
[2026-02-09T23:58:27.999+08:00] Total tools prepared: 18
[2026-02-09T23:58:28.095+08:00] Registered 18 tools
[2026-02-09T23:58:32.689+08:00] Bridge mode detected - agent will be initialized on first web_connect call
[2026-02-09T23:58:32.762+08:00] Action space from temporary device: Tap, RightClick, Hover, Input, KeyboardPress, Scroll, DragAndDrop
[2026-02-09T23:58:32.770+08:00] Total tools prepared: 10
[2026-02-09T23:58:32.771+08:00] Registered 10 tools
[2026-02-09T23:58:32.798+08:00] Bridge mode detected - agent will be initialized on first web_connect call
[2026-02-09T23:58:32.835+08:00] Action space from temporary device: Tap, RightClick, Hover, Input, KeyboardPress, Scroll, DragAndDrop
[2026-02-09T23:58:32.857+08:00] Total tools prepared: 10
[2026-02-09T23:58:32.862+08:00] Registered 10 tools
[2026-02-10T00:00:27.529+08:00] Action space from connected agent: Tap, DoubleClick, Input, Scroll, DragAndDrop, KeyboardPress, LongPress, PullGesture, ClearInput, RunAdbShell, Launch, AndroidBackButton, AndroidHomeButton, AndroidRecentAppsButton, Sleep
[2026-02-10T00:00:27.533+08:00] Total tools prepared: 18
[2026-02-10T00:00:27.535+08:00] Registered 18 tools
[2026-02-10T00:00:27.522+08:00] Action space from connected agent: Tap, DoubleClick, Input, Scroll, DragAndDrop, KeyboardPress, LongPress, PullGesture, ClearInput, RunAdbShell, Launch, AndroidBackButton, AndroidHomeButton, AndroidRecentAppsButton, Sleep
[2026-02-10T00:00:27.526+08:00] Total tools prepared: 18
[2026-02-10T00:00:27.552+08:00] Registered 18 tools
[2026-02-10T00:00:31.030+08:00] Bridge mode detected - agent will be initialized on first web_connect call
[2026-02-10T00:00:31.075+08:00] Action space from temporary device: Tap, RightClick, Hover, Input, KeyboardPress, Scroll, DragAndDrop
[2026-02-10T00:00:31.079+08:00] Total tools prepared: 10
[2026-02-10T00:00:31.080+08:00] Registered 10 tools
[2026-02-10T00:00:31.569+08:00] Bridge mode detected - agent will be initialized on first web_connect call
[2026-02-10T00:00:31.604+08:00] Action space from temporary device: Tap, RightClick, Hover, Input, KeyboardPress, Scroll, DragAndDrop
[2026-02-10T00:00:31.608+08:00] Total tools prepared: 10
[2026-02-10T00:00:31.609+08:00] Registered 10 tools
[2026-02-10T00:02:27.707+08:00] Action space from connected agent: Tap, DoubleClick, Input, Scroll, DragAndDrop, KeyboardPress, LongPress, PullGesture, ClearInput, RunAdbShell, Launch, AndroidBackButton, AndroidHomeButton, AndroidRecentAppsButton, Sleep
[2026-02-10T00:02:27.712+08:00] Total tools prepared: 18
[2026-02-10T00:02:27.778+08:00] Registered 18 tools
[2026-02-10T00:02:27.846+08:00] Action space from connected agent: Tap, DoubleClick, Input, Scroll, DragAndDrop, KeyboardPress, LongPress, PullGesture, ClearInput, RunAdbShell, Launch, AndroidBackButton, AndroidHomeButton, AndroidRecentAppsButton, Sleep
[2026-02-10T00:02:27.850+08:00] Total tools prepared: 18
[2026-02-10T00:02:27.868+08:00] Registered 18 tools
[2026-02-10T00:02:31.508+08:00] Bridge mode detected - agent will be initialized on first web_connect call
[2026-02-10T00:02:31.535+08:00] Action space from temporary device: Tap, RightClick, Hover, Input, KeyboardPress, Scroll, DragAndDrop
[2026-02-10T00:02:31.539+08:00] Total tools prepared: 10
[2026-02-10T00:02:31.540+08:00] Registered 10 tools
[2026-02-10T00:02:31.540+08:00] Bridge mode detected - agent will be initialized on first web_connect call
[2026-02-10T00:02:31.587+08:00] Action space from temporary device: Tap, RightClick, Hover, Input, KeyboardPress, Scroll, DragAndDrop
[2026-02-10T00:02:31.591+08:00] Total tools prepared: 10
[2026-02-10T00:02:31.592+08:00] Registered 10 tools
[2026-02-10T00:04:28.021+08:00] Action space from connected agent: Tap, DoubleClick, Input, Scroll, DragAndDrop, KeyboardPress, LongPress, PullGesture, ClearInput, RunAdbShell, Launch, AndroidBackButton, AndroidHomeButton, AndroidRecentAppsButton, Sleep
[2026-02-10T00:04:28.025+08:00] Total tools prepared: 18
[2026-02-10T00:04:28.051+08:00] Registered 18 tools
[2026-02-10T00:04:28.355+08:00] Action space from connected agent: Tap, DoubleClick, Input, Scroll, DragAndDrop, KeyboardPress, LongPress, PullGesture, ClearInput, RunAdbShell, Launch, AndroidBackButton, AndroidHomeButton, AndroidRecentAppsButton, Sleep
[2026-02-10T00:04:28.364+08:00] Total tools prepared: 18
[2026-02-10T00:04:28.368+08:00] Registered 18 tools
[2026-02-10T00:04:31.360+08:00] Bridge mode detected - agent will be initialized on first web_connect call
[2026-02-10T00:04:31.406+08:00] Action space from temporary device: Tap, RightClick, Hover, Input, KeyboardPress, Scroll, DragAndDrop
[2026-02-10T00:04:31.413+08:00] Total tools prepared: 10
[2026-02-10T00:04:31.415+08:00] Registered 10 tools
[2026-02-10T00:04:32.637+08:00] Bridge mode detected - agent will be initialized on first web_connect call
[2026-02-10T00:04:32.660+08:00] Action space from temporary device: Tap, RightClick, Hover, Input, KeyboardPress, Scroll, DragAndDrop
[2026-02-10T00:04:32.663+08:00] Total tools prepared: 10
[2026-02-10T00:04:32.664+08:00] Registered 10 tools
[2026-02-10T00:07:37.593+08:00] Action space from connected agent: Tap, DoubleClick, Input, Scroll, DragAndDrop, KeyboardPress, LongPress, PullGesture, ClearInput, RunAdbShell, Launch, AndroidBackButton, AndroidHomeButton, AndroidRecentAppsButton, Sleep
[2026-02-10T00:07:37.598+08:00] Total tools prepared: 18
[2026-02-10T00:07:37.601+08:00] Registered 18 tools
[2026-02-10T00:07:37.593+08:00] Action space from connected agent: Tap, DoubleClick, Input, Scroll, DragAndDrop, KeyboardPress, LongPress, PullGesture, ClearInput, RunAdbShell, Launch, AndroidBackButton, AndroidHomeButton, AndroidRecentAppsButton, Sleep
[2026-02-10T00:07:37.599+08:00] Total tools prepared: 18
[2026-02-10T00:07:37.602+08:00] Registered 18 tools
[2026-02-10T00:07:37.660+08:00] Action space from connected agent: Tap, DoubleClick, Input, Scroll, DragAndDrop, KeyboardPress, LongPress, PullGesture, ClearInput, RunAdbShell, Launch, AndroidBackButton, AndroidHomeButton, AndroidRecentAppsButton, Sleep
[2026-02-10T00:07:37.664+08:00] Total tools prepared: 18
[2026-02-10T00:07:37.666+08:00] Registered 18 tools
[2026-02-10T00:07:37.789+08:00] Action space from connected agent: Tap, DoubleClick, Input, Scroll, DragAndDrop, KeyboardPress, LongPress, PullGesture, ClearInput, RunAdbShell, Launch, AndroidBackButton, AndroidHomeButton, AndroidRecentAppsButton, Sleep
[2026-02-10T00:07:37.794+08:00] Total tools prepared: 18
[2026-02-10T00:07:38.011+08:00] Registered 18 tools
[2026-02-10T00:07:38.039+08:00] Action space from connected agent: Tap, DoubleClick, Input, Scroll, DragAndDrop, KeyboardPress, LongPress, PullGesture, ClearInput, RunAdbShell, Launch, AndroidBackButton, AndroidHomeButton, AndroidRecentAppsButton, Sleep
[2026-02-10T00:07:38.066+08:00] Total tools prepared: 18
[2026-02-10T00:07:38.072+08:00] Registered 18 tools
[2026-02-10T00:07:38.625+08:00] Action space from connected agent: Tap, DoubleClick, Input, Scroll, DragAndDrop, KeyboardPress, LongPress, PullGesture, ClearInput, RunAdbShell, Launch, AndroidBackButton, AndroidHomeButton, AndroidRecentAppsButton, Sleep
[2026-02-10T00:07:38.629+08:00] Total tools prepared: 18
[2026-02-10T00:07:38.712+08:00] Registered 18 tools
[2026-02-10T00:07:48.691+08:00] Bridge mode detected - agent will be initialized on first web_connect call
[2026-02-10T00:07:48.851+08:00] Action space from temporary device: Tap, RightClick, Hover, Input, KeyboardPress, Scroll, DragAndDrop
[2026-02-10T00:07:48.854+08:00] Total tools prepared: 10
[2026-02-10T00:07:48.855+08:00] Registered 10 tools
[2026-02-10T00:07:48.607+08:00] Bridge mode detected - agent will be initialized on first web_connect call
[2026-02-10T00:07:48.874+08:00] Action space from temporary device: Tap, RightClick, Hover, Input, KeyboardPress, Scroll, DragAndDrop
[2026-02-10T00:07:48.877+08:00] Total tools prepared: 10
[2026-02-10T00:07:48.878+08:00] Registered 10 tools
[2026-02-10T00:07:48.773+08:00] Bridge mode detected - agent will be initialized on first web_connect call
[2026-02-10T00:07:48.906+08:00] Action space from temporary device: Tap, RightClick, Hover, Input, KeyboardPress, Scroll, DragAndDrop
[2026-02-10T00:07:48.909+08:00] Total tools prepared: 10
[2026-02-10T00:07:48.910+08:00] Registered 10 tools
[2026-02-10T00:07:48.867+08:00] Bridge mode detected - agent will be initialized on first web_connect call
[2026-02-10T00:07:49.056+08:00] Action space from temporary device: Tap, RightClick, Hover, Input, KeyboardPress, Scroll, DragAndDrop
[2026-02-10T00:07:49.060+08:00] Total tools prepared: 10
[2026-02-10T00:07:49.060+08:00] Registered 10 tools
[2026-02-10T00:07:49.229+08:00] Bridge mode detected - agent will be initialized on first web_connect call
[2026-02-10T00:07:49.316+08:00] Action space from temporary device: Tap, RightClick, Hover, Input, KeyboardPress, Scroll, DragAndDrop
[2026-02-10T00:07:49.319+08:00] Total tools prepared: 10
[2026-02-10T00:07:49.320+08:00] Registered 10 tools
[2026-02-10T00:07:49.274+08:00] Bridge mode detected - agent will be initialized on first web_connect call
[2026-02-10T00:07:49.352+08:00] Action space from temporary device: Tap, RightClick, Hover, Input, KeyboardPress, Scroll, DragAndDrop
[2026-02-10T00:07:49.355+08:00] Total tools prepared: 10
[2026-02-10T00:07:49.357+08:00] Registered 10 tools
[2026-02-10T00:08:02.333+08:00] Action space from connected agent: Tap, DoubleClick, Input, Scroll, DragAndDrop, KeyboardPress, LongPress, PullGesture, ClearInput, RunAdbShell, Launch, AndroidBackButton, AndroidHomeButton, AndroidRecentAppsButton, Sleep
[2026-02-10T00:08:02.337+08:00] Total tools prepared: 18
[2026-02-10T00:08:02.379+08:00] Registered 18 tools
[2026-02-10T00:08:02.427+08:00] Action space from connected agent: Tap, DoubleClick, Input, Scroll, DragAndDrop, KeyboardPress, LongPress, PullGesture, ClearInput, RunAdbShell, Launch, AndroidBackButton, AndroidHomeButton, AndroidRecentAppsButton, Sleep
[2026-02-10T00:08:02.432+08:00] Total tools prepared: 18
[2026-02-10T00:08:02.504+08:00] Registered 18 tools
[2026-02-10T00:08:06.298+08:00] Bridge mode detected - agent will be initialized on first web_connect call
[2026-02-10T00:08:06.373+08:00] Action space from temporary device: Tap, RightClick, Hover, Input, KeyboardPress, Scroll, DragAndDrop
[2026-02-10T00:08:06.377+08:00] Total tools prepared: 10
[2026-02-10T00:08:06.378+08:00] Registered 10 tools
[2026-02-10T00:08:07.559+08:00] Bridge mode detected - agent will be initialized on first web_connect call
[2026-02-10T00:08:07.582+08:00] Action space from temporary device: Tap, RightClick, Hover, Input, KeyboardPress, Scroll, DragAndDrop
[2026-02-10T00:08:07.586+08:00] Total tools prepared: 10
[2026-02-10T00:08:07.587+08:00] Registered 10 tools
[2026-02-10T00:08:31.792+08:00] Action space from connected agent: Tap, DoubleClick, Input, Scroll, DragAndDrop, KeyboardPress, LongPress, PullGesture, ClearInput, RunAdbShell, Launch, AndroidBackButton, AndroidHomeButton, AndroidRecentAppsButton, Sleep
[2026-02-10T00:08:31.908+08:00] Total tools prepared: 18
[2026-02-10T00:08:31.912+08:00] Registered 18 tools
[2026-02-10T00:08:31.965+08:00] Action space from connected agent: Tap, DoubleClick, Input, Scroll, DragAndDrop, KeyboardPress, LongPress, PullGesture, ClearInput, RunAdbShell, Launch, AndroidBackButton, AndroidHomeButton, AndroidRecentAppsButton, Sleep
[2026-02-10T00:08:31.969+08:00] Total tools prepared: 18
[2026-02-10T00:08:31.971+08:00] Registered 18 tools
[2026-02-10T00:08:35.860+08:00] Bridge mode detected - agent will be initialized on first web_connect call
[2026-02-10T00:08:35.883+08:00] Action space from temporary device: Tap, RightClick, Hover, Input, KeyboardPress, Scroll, DragAndDrop
[2026-02-10T00:08:35.887+08:00] Total tools prepared: 10
[2026-02-10T00:08:35.887+08:00] Registered 10 tools
[2026-02-10T00:08:36.233+08:00] Bridge mode detected - agent will be initialized on first web_connect call
[2026-02-10T00:08:36.259+08:00] Action space from temporary device: Tap, RightClick, Hover, Input, KeyboardPress, Scroll, DragAndDrop
[2026-02-10T00:08:36.262+08:00] Total tools prepared: 10
[2026-02-10T00:08:36.263+08:00] Registered 10 tools
[2026-02-10T00:10:31.983+08:00] Action space from connected agent: Tap, DoubleClick, Input, Scroll, DragAndDrop, KeyboardPress, LongPress, PullGesture, ClearInput, RunAdbShell, Launch, AndroidBackButton, AndroidHomeButton, AndroidRecentAppsButton, Sleep
[2026-02-10T00:10:31.986+08:00] Total tools prepared: 18
[2026-02-10T00:10:31.989+08:00] Registered 18 tools
[2026-02-10T00:10:32.195+08:00] Action space from connected agent: Tap, DoubleClick, Input, Scroll, DragAndDrop, KeyboardPress, LongPress, PullGesture, ClearInput, RunAdbShell, Launch, AndroidBackButton, AndroidHomeButton, AndroidRecentAppsButton, Sleep
[2026-02-10T00:10:32.200+08:00] Total tools prepared: 18
[2026-02-10T00:10:32.234+08:00] Registered 18 tools
[2026-02-10T00:10:35.871+08:00] Bridge mode detected - agent will be initialized on first web_connect call
[2026-02-10T00:10:35.915+08:00] Action space from temporary device: Tap, RightClick, Hover, Input, KeyboardPress, Scroll, DragAndDrop
[2026-02-10T00:10:35.930+08:00] Total tools prepared: 10
[2026-02-10T00:10:35.930+08:00] Registered 10 tools
[2026-02-10T00:10:35.879+08:00] Bridge mode detected - agent will be initialized on first web_connect call
[2026-02-10T00:10:35.948+08:00] Action space from temporary device: Tap, RightClick, Hover, Input, KeyboardPress, Scroll, DragAndDrop
[2026-02-10T00:10:35.952+08:00] Total tools prepared: 10
[2026-02-10T00:10:35.953+08:00] Registered 10 tools
[2026-02-10T00:11:45.216+08:00] Action space from connected agent: Tap, DoubleClick, Input, Scroll, DragAndDrop, KeyboardPress, LongPress, PullGesture, ClearInput, RunAdbShell, Launch, AndroidBackButton, AndroidHomeButton, AndroidRecentAppsButton, Sleep
[2026-02-10T00:11:45.221+08:00] Total tools prepared: 18
[2026-02-10T00:11:45.224+08:00] Registered 18 tools
[2026-02-10T00:11:45.260+08:00] Action space from connected agent: Tap, DoubleClick, Input, Scroll, DragAndDrop, KeyboardPress, LongPress, PullGesture, ClearInput, RunAdbShell, Launch, AndroidBackButton, AndroidHomeButton, AndroidRecentAppsButton, Sleep
[2026-02-10T00:11:45.264+08:00] Total tools prepared: 18
[2026-02-10T00:11:45.350+08:00] Registered 18 tools
[2026-02-10T00:11:48.870+08:00] Bridge mode detected - agent will be initialized on first web_connect call
[2026-02-10T00:11:48.991+08:00] Action space from temporary device: Tap, RightClick, Hover, Input, KeyboardPress, Scroll, DragAndDrop
[2026-02-10T00:11:48.995+08:00] Total tools prepared: 10
[2026-02-10T00:11:48.996+08:00] Registered 10 tools
[2026-02-10T00:11:49.110+08:00] Bridge mode detected - agent will be initialized on first web_connect call
[2026-02-10T00:11:49.148+08:00] Action space from temporary device: Tap, RightClick, Hover, Input, KeyboardPress, Scroll, DragAndDrop
[2026-02-10T00:11:49.153+08:00] Total tools prepared: 10
[2026-02-10T00:11:49.154+08:00] Registered 10 tools
[2026-02-10T00:12:18.336+08:00] Action space from connected agent: Tap, DoubleClick, Input, Scroll, DragAndDrop, KeyboardPress, LongPress, PullGesture, ClearInput, RunAdbShell, Launch, AndroidBackButton, AndroidHomeButton, AndroidRecentAppsButton, Sleep
[2026-02-10T00:12:18.340+08:00] Total tools prepared: 18
[2026-02-10T00:12:18.342+08:00] Registered 18 tools
[2026-02-10T00:12:18.686+08:00] Action space from connected agent: Tap, DoubleClick, Input, Scroll, DragAndDrop, KeyboardPress, LongPress, PullGesture, ClearInput, RunAdbShell, Launch, AndroidBackButton, AndroidHomeButton, AndroidRecentAppsButton, Sleep
[2026-02-10T00:12:18.706+08:00] Total tools prepared: 18
[2026-02-10T00:12:18.711+08:00] Registered 18 tools
[2026-02-10T00:12:22.341+08:00] Bridge mode detected - agent will be initialized on first web_connect call
[2026-02-10T00:12:22.411+08:00] Action space from temporary device: Tap, RightClick, Hover, Input, KeyboardPress, Scroll, DragAndDrop
[2026-02-10T00:12:22.414+08:00] Total tools prepared: 10
[2026-02-10T00:12:22.415+08:00] Registered 10 tools
[2026-02-10T00:12:22.845+08:00] Bridge mode detected - agent will be initialized on first web_connect call
[2026-02-10T00:12:22.869+08:00] Action space from temporary device: Tap, RightClick, Hover, Input, KeyboardPress, Scroll, DragAndDrop
[2026-02-10T00:12:22.873+08:00] Total tools prepared: 10
[2026-02-10T00:12:22.873+08:00] Registered 10 tools
[2026-02-10T00:17:41.495+08:00] Action space from connected agent: Tap, DoubleClick, Input, Scroll, DragAndDrop, KeyboardPress, LongPress, PullGesture, ClearInput, RunAdbShell, Launch, AndroidBackButton, AndroidHomeButton, AndroidRecentAppsButton, Sleep
[2026-02-10T00:17:41.499+08:00] Total tools prepared: 18
[2026-02-10T00:17:41.501+08:00] Registered 18 tools
[2026-02-10T00:17:41.775+08:00] Action space from connected agent: Tap, DoubleClick, Input, Scroll, DragAndDrop, KeyboardPress, LongPress, PullGesture, ClearInput, RunAdbShell, Launch, AndroidBackButton, AndroidHomeButton, AndroidRecentAppsButton, Sleep
[2026-02-10T00:17:41.779+08:00] Total tools prepared: 18
[2026-02-10T00:17:41.781+08:00] Registered 18 tools
[2026-02-10T00:17:45.683+08:00] Bridge mode detected - agent will be initialized on first web_connect call
[2026-02-10T00:17:45.710+08:00] Action space from temporary device: Tap, RightClick, Hover, Input, KeyboardPress, Scroll, DragAndDrop
[2026-02-10T00:17:45.714+08:00] Total tools prepared: 10
[2026-02-10T00:17:45.714+08:00] Registered 10 tools
[2026-02-10T00:17:45.765+08:00] Bridge mode detected - agent will be initialized on first web_connect call
[2026-02-10T00:17:45.793+08:00] Action space from temporary device: Tap, RightClick, Hover, Input, KeyboardPress, Scroll, DragAndDrop
[2026-02-10T00:17:45.796+08:00] Total tools prepared: 10
[2026-02-10T00:17:45.797+08:00] Registered 10 tools
[2026-02-10T13:48:08.689+08:00] Agent not available yet, using temporary device for action space
[2026-02-10T13:48:08.690+08:00] Action space from temporary device: Tap, DoubleClick, Input, Scroll, DragAndDrop, KeyboardPress, LongPress, PullGesture, ClearInput, RunAdbShell, Launch, AndroidBackButton, AndroidHomeButton, AndroidRecentAppsButton
[2026-02-10T13:48:08.694+08:00] Total tools prepared: 17
[2026-02-10T13:48:08.695+08:00] Registered 17 tools
[2026-02-10T13:48:08.806+08:00] Agent not available yet, using temporary device for action space
[2026-02-10T13:48:08.807+08:00] Action space from temporary device: Tap, DoubleClick, Input, Scroll, DragAndDrop, KeyboardPress, LongPress, PullGesture, ClearInput, RunAdbShell, Launch, AndroidBackButton, AndroidHomeButton, AndroidRecentAppsButton
[2026-02-10T13:48:08.815+08:00] Total tools prepared: 17
[2026-02-10T13:48:08.816+08:00] Registered 17 tools
[2026-02-10T13:48:13.146+08:00] Bridge mode detected - agent will be initialized on first web_connect call
[2026-02-10T13:48:13.187+08:00] Action space from temporary device: Tap, RightClick, Hover, Input, KeyboardPress, Scroll, DragAndDrop
[2026-02-10T13:48:13.191+08:00] Total tools prepared: 10
[2026-02-10T13:48:13.192+08:00] Registered 10 tools
[2026-02-10T13:48:13.250+08:00] Bridge mode detected - agent will be initialized on first web_connect call
[2026-02-10T13:48:13.283+08:00] Action space from temporary device: Tap, RightClick, Hover, Input, KeyboardPress, Scroll, DragAndDrop
[2026-02-10T13:48:13.290+08:00] Total tools prepared: 10
[2026-02-10T13:48:13.291+08:00] Registered 10 tools
[2026-02-10T13:56:05.157+08:00] Agent not available yet, using temporary device for action space
[2026-02-10T13:56:05.159+08:00] Action space from temporary device: Tap, DoubleClick, Input, Scroll, DragAndDrop, KeyboardPress, LongPress, PullGesture, ClearInput, RunAdbShell, Launch, AndroidBackButton, AndroidHomeButton, AndroidRecentAppsButton
[2026-02-10T13:56:05.167+08:00] Total tools prepared: 17
[2026-02-10T13:56:05.169+08:00] Registered 17 tools
[2026-02-10T13:56:05.314+08:00] Agent not available yet, using temporary device for action space
[2026-02-10T13:56:05.315+08:00] Action space from temporary device: Tap, DoubleClick, Input, Scroll, DragAndDrop, KeyboardPress, LongPress, PullGesture, ClearInput, RunAdbShell, Launch, AndroidBackButton, AndroidHomeButton, AndroidRecentAppsButton
[2026-02-10T13:56:05.321+08:00] Total tools prepared: 17
[2026-02-10T13:56:05.323+08:00] Registered 17 tools
[2026-02-10T13:56:09.565+08:00] Bridge mode detected - agent will be initialized on first web_connect call
[2026-02-10T13:56:09.613+08:00] Action space from temporary device: Tap, RightClick, Hover, Input, KeyboardPress, Scroll, DragAndDrop
[2026-02-10T13:56:09.617+08:00] Total tools prepared: 10
[2026-02-10T13:56:09.617+08:00] Registered 10 tools
[2026-02-10T13:56:09.637+08:00] Bridge mode detected - agent will be initialized on first web_connect call
[2026-02-10T13:56:09.681+08:00] Action space from temporary device: Tap, RightClick, Hover, Input, KeyboardPress, Scroll, DragAndDrop
[2026-02-10T13:56:09.684+08:00] Total tools prepared: 10
[2026-02-10T13:56:09.685+08:00] Registered 10 tools
[2026-02-10T13:58:04.996+08:00] Agent not available yet, using temporary device for action space
[2026-02-10T13:58:04.997+08:00] Action space from temporary device: Tap, DoubleClick, Input, Scroll, DragAndDrop, KeyboardPress, LongPress, PullGesture, ClearInput, RunAdbShell, Launch, AndroidBackButton, AndroidHomeButton, AndroidRecentAppsButton
[2026-02-10T13:58:05.002+08:00] Total tools prepared: 17
[2026-02-10T13:58:05.003+08:00] Registered 17 tools
[2026-02-10T13:58:05.278+08:00] Agent not available yet, using temporary device for action space
[2026-02-10T13:58:05.280+08:00] Action space from temporary device: Tap, DoubleClick, Input, Scroll, DragAndDrop, KeyboardPress, LongPress, PullGesture, ClearInput, RunAdbShell, Launch, AndroidBackButton, AndroidHomeButton, AndroidRecentAppsButton
[2026-02-10T13:58:05.287+08:00] Total tools prepared: 17
[2026-02-10T13:58:05.290+08:00] Registered 17 tools
[2026-02-10T13:58:09.307+08:00] Bridge mode detected - agent will be initialized on first web_connect call
[2026-02-10T13:58:09.335+08:00] Action space from temporary device: Tap, RightClick, Hover, Input, KeyboardPress, Scroll, DragAndDrop
[2026-02-10T13:58:09.338+08:00] Total tools prepared: 10
[2026-02-10T13:58:09.339+08:00] Registered 10 tools
[2026-02-10T13:58:09.295+08:00] Bridge mode detected - agent will be initialized on first web_connect call
[2026-02-10T13:58:09.346+08:00] Action space from temporary device: Tap, RightClick, Hover, Input, KeyboardPress, Scroll, DragAndDrop
[2026-02-10T13:58:09.350+08:00] Total tools prepared: 10
[2026-02-10T13:58:09.350+08:00] Registered 10 tools
[2026-02-10T14:46:34.417+08:00] Agent not available yet, using temporary device for action space
[2026-02-10T14:46:34.418+08:00] Action space from temporary device: Tap, DoubleClick, Input, Scroll, DragAndDrop, KeyboardPress, LongPress, PullGesture, ClearInput, RunAdbShell, Launch, AndroidBackButton, AndroidHomeButton, AndroidRecentAppsButton
[2026-02-10T14:46:34.547+08:00] Total tools prepared: 17
[2026-02-10T14:46:34.548+08:00] Registered 17 tools
[2026-02-10T14:46:34.715+08:00] Agent not available yet, using temporary device for action space
[2026-02-10T14:46:34.716+08:00] Action space from temporary device: Tap, DoubleClick, Input, Scroll, DragAndDrop, KeyboardPress, LongPress, PullGesture, ClearInput, RunAdbShell, Launch, AndroidBackButton, AndroidHomeButton, AndroidRecentAppsButton
[2026-02-10T14:46:34.720+08:00] Total tools prepared: 17
[2026-02-10T14:46:34.721+08:00] Registered 17 tools
[2026-02-10T14:46:41.514+08:00] Bridge mode detected - agent will be initialized on first web_connect call
[2026-02-10T14:46:41.538+08:00] Action space from temporary device: Tap, RightClick, Hover, Input, KeyboardPress, Scroll, DragAndDrop
[2026-02-10T14:46:41.541+08:00] Total tools prepared: 10
[2026-02-10T14:46:41.541+08:00] Registered 10 tools
[2026-02-10T14:46:41.518+08:00] Bridge mode detected - agent will be initialized on first web_connect call
[2026-02-10T14:46:41.551+08:00] Action space from temporary device: Tap, RightClick, Hover, Input, KeyboardPress, Scroll, DragAndDrop
[2026-02-10T14:46:41.556+08:00] Total tools prepared: 10
[2026-02-10T14:46:41.557+08:00] Registered 10 tools
[2026-02-10T14:47:10.740+08:00] Agent not available yet, using temporary device for action space
[2026-02-10T14:47:10.741+08:00] Action space from temporary device: Tap, DoubleClick, Input, Scroll, DragAndDrop, KeyboardPress, LongPress, PullGesture, ClearInput, RunAdbShell, Launch, AndroidBackButton, AndroidHomeButton, AndroidRecentAppsButton
[2026-02-10T14:47:10.745+08:00] Total tools prepared: 17
[2026-02-10T14:47:10.746+08:00] Registered 17 tools
[2026-02-10T14:47:11.322+08:00] Agent not available yet, using temporary device for action space
[2026-02-10T14:47:11.323+08:00] Action space from temporary device: Tap, DoubleClick, Input, Scroll, DragAndDrop, KeyboardPress, LongPress, PullGesture, ClearInput, RunAdbShell, Launch, AndroidBackButton, AndroidHomeButton, AndroidRecentAppsButton
[2026-02-10T14:47:11.328+08:00] Total tools prepared: 17
[2026-02-10T14:47:11.330+08:00] Registered 17 tools
[2026-02-10T14:47:17.270+08:00] Bridge mode detected - agent will be initialized on first web_connect call
[2026-02-10T14:47:17.394+08:00] Action space from temporary device: Tap, RightClick, Hover, Input, KeyboardPress, Scroll, DragAndDrop
[2026-02-10T14:47:17.398+08:00] Total tools prepared: 10
[2026-02-10T14:47:17.398+08:00] Registered 10 tools
[2026-02-10T14:47:17.452+08:00] Bridge mode detected - agent will be initialized on first web_connect call
[2026-02-10T14:47:17.476+08:00] Action space from temporary device: Tap, RightClick, Hover, Input, KeyboardPress, Scroll, DragAndDrop
[2026-02-10T14:47:17.480+08:00] Total tools prepared: 10
[2026-02-10T14:47:17.480+08:00] Registered 10 tools
[2026-02-10T14:50:11.464+08:00] Agent not available yet, using temporary device for action space
[2026-02-10T14:50:11.465+08:00] Action space from temporary device: Tap, DoubleClick, Input, Scroll, DragAndDrop, KeyboardPress, LongPress, PullGesture, ClearInput, RunAdbShell, Launch, AndroidBackButton, AndroidHomeButton, AndroidRecentAppsButton
[2026-02-10T14:50:11.469+08:00] Total tools prepared: 17
[2026-02-10T14:50:11.470+08:00] Registered 17 tools
[2026-02-10T14:50:11.496+08:00] Agent not available yet, using temporary device for action space
[2026-02-10T14:50:11.497+08:00] Action space from temporary device: Tap, DoubleClick, Input, Scroll, DragAndDrop, KeyboardPress, LongPress, PullGesture, ClearInput, RunAdbShell, Launch, AndroidBackButton, AndroidHomeButton, AndroidRecentAppsButton
[2026-02-10T14:50:11.501+08:00] Total tools prepared: 17
[2026-02-10T14:50:11.502+08:00] Registered 17 tools
[2026-02-10T14:50:16.061+08:00] Bridge mode detected - agent will be initialized on first web_connect call
[2026-02-10T14:50:16.114+08:00] Action space from temporary device: Tap, RightClick, Hover, Input, KeyboardPress, Scroll, DragAndDrop
[2026-02-10T14:50:16.117+08:00] Total tools prepared: 10
[2026-02-10T14:50:16.118+08:00] Registered 10 tools
[2026-02-10T14:50:16.057+08:00] Bridge mode detected - agent will be initialized on first web_connect call
[2026-02-10T14:50:16.119+08:00] Action space from temporary device: Tap, RightClick, Hover, Input, KeyboardPress, Scroll, DragAndDrop
[2026-02-10T14:50:16.124+08:00] Total tools prepared: 10
[2026-02-10T14:50:16.125+08:00] Registered 10 tools
[2026-02-10T15:00:42.788+08:00] Agent not available yet, using temporary device for action space
[2026-02-10T15:00:42.788+08:00] Action space from temporary device: Tap, DoubleClick, Input, Scroll, DragAndDrop, KeyboardPress, LongPress, PullGesture, ClearInput, RunAdbShell, Launch, AndroidBackButton, AndroidHomeButton, AndroidRecentAppsButton
[2026-02-10T15:00:42.792+08:00] Total tools prepared: 17
[2026-02-10T15:00:42.793+08:00] Registered 17 tools
[2026-02-10T15:00:42.914+08:00] Agent not available yet, using temporary device for action space
[2026-02-10T15:00:42.916+08:00] Action space from temporary device: Tap, DoubleClick, Input, Scroll, DragAndDrop, KeyboardPress, LongPress, PullGesture, ClearInput, RunAdbShell, Launch, AndroidBackButton, AndroidHomeButton, AndroidRecentAppsButton
[2026-02-10T15:00:42.921+08:00] Total tools prepared: 17
[2026-02-10T15:00:42.922+08:00] Registered 17 tools
[2026-02-10T15:00:46.510+08:00] Bridge mode detected - agent will be initialized on first web_connect call
[2026-02-10T15:00:46.555+08:00] Action space from temporary device: Tap, RightClick, Hover, Input, KeyboardPress, Scroll, DragAndDrop
[2026-02-10T15:00:46.558+08:00] Total tools prepared: 10
[2026-02-10T15:00:46.558+08:00] Registered 10 tools
[2026-02-10T15:00:46.537+08:00] Bridge mode detected - agent will be initialized on first web_connect call
[2026-02-10T15:00:46.568+08:00] Action space from temporary device: Tap, RightClick, Hover, Input, KeyboardPress, Scroll, DragAndDrop
[2026-02-10T15:00:46.572+08:00] Total tools prepared: 10
[2026-02-10T15:00:46.572+08:00] Registered 10 tools
[2026-02-10T15:02:08.984+08:00] Agent not available yet, using temporary device for action space
[2026-02-10T15:02:08.985+08:00] Action space from temporary device: Tap, DoubleClick, Input, Scroll, DragAndDrop, KeyboardPress, LongPress, PullGesture, ClearInput, RunAdbShell, Launch, AndroidBackButton, AndroidHomeButton, AndroidRecentAppsButton
[2026-02-10T15:02:08.989+08:00] Total tools prepared: 17
[2026-02-10T15:02:08.989+08:00] Registered 17 tools
[2026-02-10T15:02:09.265+08:00] Agent not available yet, using temporary device for action space
[2026-02-10T15:02:09.266+08:00] Action space from temporary device: Tap, DoubleClick, Input, Scroll, DragAndDrop, KeyboardPress, LongPress, PullGesture, ClearInput, RunAdbShell, Launch, AndroidBackButton, AndroidHomeButton, AndroidRecentAppsButton
[2026-02-10T15:02:09.272+08:00] Total tools prepared: 17
[2026-02-10T15:02:09.272+08:00] Registered 17 tools
[2026-02-10T15:02:12.585+08:00] Bridge mode detected - agent will be initialized on first web_connect call
[2026-02-10T15:02:12.658+08:00] Action space from temporary device: Tap, RightClick, Hover, Input, KeyboardPress, Scroll, DragAndDrop
[2026-02-10T15:02:12.662+08:00] Total tools prepared: 10
[2026-02-10T15:02:12.662+08:00] Registered 10 tools
[2026-02-10T15:02:12.632+08:00] Bridge mode detected - agent will be initialized on first web_connect call
[2026-02-10T15:02:12.666+08:00] Action space from temporary device: Tap, RightClick, Hover, Input, KeyboardPress, Scroll, DragAndDrop
[2026-02-10T15:02:12.670+08:00] Total tools prepared: 10
[2026-02-10T15:02:12.670+08:00] Registered 10 tools
[2026-02-10T15:05:08.977+08:00] Agent not available yet, using temporary device for action space
[2026-02-10T15:05:08.978+08:00] Action space from temporary device: Tap, DoubleClick, Input, Scroll, DragAndDrop, KeyboardPress, LongPress, PullGesture, ClearInput, RunAdbShell, Launch, AndroidBackButton, AndroidHomeButton, AndroidRecentAppsButton
[2026-02-10T15:05:08.982+08:00] Total tools prepared: 17
[2026-02-10T15:05:08.984+08:00] Registered 17 tools
[2026-02-10T15:05:09.076+08:00] Agent not available yet, using temporary device for action space
[2026-02-10T15:05:09.077+08:00] Action space from temporary device: Tap, DoubleClick, Input, Scroll, DragAndDrop, KeyboardPress, LongPress, PullGesture, ClearInput, RunAdbShell, Launch, AndroidBackButton, AndroidHomeButton, AndroidRecentAppsButton
[2026-02-10T15:05:09.083+08:00] Total tools prepared: 17
[2026-02-10T15:05:09.084+08:00] Registered 17 tools
[2026-02-10T15:05:12.946+08:00] Bridge mode detected - agent will be initialized on first web_connect call
[2026-02-10T15:05:12.983+08:00] Action space from temporary device: Tap, RightClick, Hover, Input, KeyboardPress, Scroll, DragAndDrop
[2026-02-10T15:05:12.986+08:00] Total tools prepared: 10
[2026-02-10T15:05:12.986+08:00] Registered 10 tools
[2026-02-10T15:05:12.974+08:00] Bridge mode detected - agent will be initialized on first web_connect call
[2026-02-10T15:05:13.009+08:00] Action space from temporary device: Tap, RightClick, Hover, Input, KeyboardPress, Scroll, DragAndDrop
[2026-02-10T15:05:13.012+08:00] Total tools prepared: 10
[2026-02-10T15:05:13.013+08:00] Registered 10 tools
[2026-02-10T15:22:13.875+08:00] Agent not available yet, using temporary device for action space
[2026-02-10T15:22:13.877+08:00] Action space from temporary device: Tap, DoubleClick, Input, Scroll, DragAndDrop, KeyboardPress, LongPress, PullGesture, ClearInput, RunAdbShell, Launch, AndroidBackButton, AndroidHomeButton, AndroidRecentAppsButton
[2026-02-10T15:22:13.881+08:00] Total tools prepared: 17
[2026-02-10T15:22:13.882+08:00] Registered 17 tools
[2026-02-10T15:22:14.007+08:00] Agent not available yet, using temporary device for action space
[2026-02-10T15:22:14.009+08:00] Action space from temporary device: Tap, DoubleClick, Input, Scroll, DragAndDrop, KeyboardPress, LongPress, PullGesture, ClearInput, RunAdbShell, Launch, AndroidBackButton, AndroidHomeButton, AndroidRecentAppsButton
[2026-02-10T15:22:14.028+08:00] Total tools prepared: 17
[2026-02-10T15:22:14.129+08:00] Registered 17 tools
[2026-02-10T15:22:17.908+08:00] Bridge mode detected - agent will be initialized on first web_connect call
[2026-02-10T15:22:17.931+08:00] Action space from temporary device: Tap, RightClick, Hover, Input, KeyboardPress, Scroll, DragAndDrop
[2026-02-10T15:22:17.935+08:00] Total tools prepared: 10
[2026-02-10T15:22:17.935+08:00] Registered 10 tools
[2026-02-10T15:22:17.912+08:00] Bridge mode detected - agent will be initialized on first web_connect call
[2026-02-10T15:22:17.941+08:00] Action space from temporary device: Tap, RightClick, Hover, Input, KeyboardPress, Scroll, DragAndDrop
[2026-02-10T15:22:17.945+08:00] Total tools prepared: 10
[2026-02-10T15:22:17.945+08:00] Registered 10 tools
[2026-02-10T15:22:33.945+08:00] Agent not available yet, using temporary device for action space
[2026-02-10T15:22:33.946+08:00] Action space from temporary device: Tap, DoubleClick, Input, Scroll, DragAndDrop, KeyboardPress, LongPress, PullGesture, ClearInput, RunAdbShell, Launch, AndroidBackButton, AndroidHomeButton, AndroidRecentAppsButton
[2026-02-10T15:22:33.950+08:00] Total tools prepared: 17
[2026-02-10T15:22:33.951+08:00] Registered 17 tools
[2026-02-10T15:22:34.506+08:00] Agent not available yet, using temporary device for action space
[2026-02-10T15:22:34.507+08:00] Action space from temporary device: Tap, DoubleClick, Input, Scroll, DragAndDrop, KeyboardPress, LongPress, PullGesture, ClearInput, RunAdbShell, Launch, AndroidBackButton, AndroidHomeButton, AndroidRecentAppsButton
[2026-02-10T15:22:34.511+08:00] Total tools prepared: 17
[2026-02-10T15:22:34.512+08:00] Registered 17 tools
[2026-02-10T15:22:37.880+08:00] Bridge mode detected - agent will be initialized on first web_connect call
[2026-02-10T15:22:37.914+08:00] Action space from temporary device: Tap, RightClick, Hover, Input, KeyboardPress, Scroll, DragAndDrop
[2026-02-10T15:22:37.917+08:00] Total tools prepared: 10
[2026-02-10T15:22:37.917+08:00] Registered 10 tools
[2026-02-10T15:22:37.883+08:00] Bridge mode detected - agent will be initialized on first web_connect call
[2026-02-10T15:22:37.929+08:00] Action space from temporary device: Tap, RightClick, Hover, Input, KeyboardPress, Scroll, DragAndDrop
[2026-02-10T15:22:37.932+08:00] Total tools prepared: 10
[2026-02-10T15:22:37.933+08:00] Registered 10 tools
[2026-02-10T15:25:04.300+08:00] Agent not available yet, using temporary device for action space
[2026-02-10T15:25:04.301+08:00] Action space from temporary device: Tap, DoubleClick, Input, Scroll, DragAndDrop, KeyboardPress, LongPress, PullGesture, ClearInput, RunAdbShell, Launch, AndroidBackButton, AndroidHomeButton, AndroidRecentAppsButton
[2026-02-10T15:25:04.307+08:00] Total tools prepared: 17
[2026-02-10T15:25:04.308+08:00] Registered 17 tools
[2026-02-10T15:25:04.519+08:00] Agent not available yet, using temporary device for action space
[2026-02-10T15:25:04.520+08:00] Action space from temporary device: Tap, DoubleClick, Input, Scroll, DragAndDrop, KeyboardPress, LongPress, PullGesture, ClearInput, RunAdbShell, Launch, AndroidBackButton, AndroidHomeButton, AndroidRecentAppsButton
[2026-02-10T15:25:04.524+08:00] Total tools prepared: 17
[2026-02-10T15:25:04.528+08:00] Registered 17 tools
[2026-02-10T15:25:08.234+08:00] Bridge mode detected - agent will be initialized on first web_connect call
[2026-02-10T15:25:08.274+08:00] Action space from temporary device: Tap, RightClick, Hover, Input, KeyboardPress, Scroll, DragAndDrop
[2026-02-10T15:25:08.278+08:00] Total tools prepared: 10
[2026-02-10T15:25:08.278+08:00] Registered 10 tools
[2026-02-10T15:25:08.242+08:00] Bridge mode detected - agent will be initialized on first web_connect call
[2026-02-10T15:25:08.290+08:00] Action space from temporary device: Tap, RightClick, Hover, Input, KeyboardPress, Scroll, DragAndDrop
[2026-02-10T15:25:08.293+08:00] Total tools prepared: 10
[2026-02-10T15:25:08.294+08:00] Registered 10 tools
[2026-02-10T15:35:15.708+08:00] Agent not available yet, using temporary device for action space
[2026-02-10T15:35:15.709+08:00] Action space from temporary device: Tap, DoubleClick, Input, Scroll, DragAndDrop, KeyboardPress, LongPress, PullGesture, ClearInput, RunAdbShell, Launch, AndroidBackButton, AndroidHomeButton, AndroidRecentAppsButton
[2026-02-10T15:35:15.716+08:00] Total tools prepared: 17
[2026-02-10T15:35:15.719+08:00] Registered 17 tools
[2026-02-10T15:35:15.802+08:00] Agent not available yet, using temporary device for action space
[2026-02-10T15:35:15.804+08:00] Action space from temporary device: Tap, DoubleClick, Input, Scroll, DragAndDrop, KeyboardPress, LongPress, PullGesture, ClearInput, RunAdbShell, Launch, AndroidBackButton, AndroidHomeButton, AndroidRecentAppsButton
[2026-02-10T15:35:15.810+08:00] Total tools prepared: 17
[2026-02-10T15:35:15.811+08:00] Registered 17 tools
[2026-02-10T15:35:20.023+08:00] Bridge mode detected - agent will be initialized on first web_connect call
[2026-02-10T15:35:20.055+08:00] Action space from temporary device: Tap, RightClick, Hover, Input, KeyboardPress, Scroll, DragAndDrop
[2026-02-10T15:35:20.059+08:00] Total tools prepared: 10
[2026-02-10T15:35:20.060+08:00] Registered 10 tools
[2026-02-10T15:35:20.036+08:00] Bridge mode detected - agent will be initialized on first web_connect call
[2026-02-10T15:35:20.071+08:00] Action space from temporary device: Tap, RightClick, Hover, Input, KeyboardPress, Scroll, DragAndDrop
[2026-02-10T15:35:20.074+08:00] Total tools prepared: 10
[2026-02-10T15:35:20.075+08:00] Registered 10 tools
[2026-02-10T15:37:54.337+08:00] Agent not available yet, using temporary device for action space
[2026-02-10T15:37:54.337+08:00] Action space from temporary device: Tap, DoubleClick, Input, Scroll, DragAndDrop, KeyboardPress, LongPress, PullGesture, ClearInput, RunAdbShell, Launch, AndroidBackButton, AndroidHomeButton, AndroidRecentAppsButton
[2026-02-10T15:37:54.341+08:00] Total tools prepared: 17
[2026-02-10T15:37:54.342+08:00] Registered 17 tools
[2026-02-10T15:37:54.603+08:00] Agent not available yet, using temporary device for action space
[2026-02-10T15:37:54.604+08:00] Action space from temporary device: Tap, DoubleClick, Input, Scroll, DragAndDrop, KeyboardPress, LongPress, PullGesture, ClearInput, RunAdbShell, Launch, AndroidBackButton, AndroidHomeButton, AndroidRecentAppsButton
[2026-02-10T15:37:54.609+08:00] Total tools prepared: 17
[2026-02-10T15:37:54.610+08:00] Registered 17 tools
[2026-02-10T15:37:58.063+08:00] Bridge mode detected - agent will be initialized on first web_connect call
[2026-02-10T15:37:58.102+08:00] Action space from temporary device: Tap, RightClick, Hover, Input, KeyboardPress, Scroll, DragAndDrop
[2026-02-10T15:37:58.106+08:00] Total tools prepared: 10
[2026-02-10T15:37:58.106+08:00] Registered 10 tools
[2026-02-10T15:37:58.083+08:00] Bridge mode detected - agent will be initialized on first web_connect call
[2026-02-10T15:37:58.117+08:00] Action space from temporary device: Tap, RightClick, Hover, Input, KeyboardPress, Scroll, DragAndDrop
[2026-02-10T15:37:58.120+08:00] Total tools prepared: 10
[2026-02-10T15:37:58.120+08:00] Registered 10 tools
[2026-02-10T15:40:24.314+08:00] Agent not available yet, using temporary device for action space
[2026-02-10T15:40:24.315+08:00] Action space from temporary device: Tap, DoubleClick, Input, Scroll, DragAndDrop, KeyboardPress, LongPress, PullGesture, ClearInput, RunAdbShell, Launch, AndroidBackButton, AndroidHomeButton, AndroidRecentAppsButton
[2026-02-10T15:40:24.320+08:00] Total tools prepared: 17
[2026-02-10T15:40:24.321+08:00] Registered 17 tools
[2026-02-10T15:40:24.605+08:00] Agent not available yet, using temporary device for action space
[2026-02-10T15:40:24.610+08:00] Action space from temporary device: Tap, DoubleClick, Input, Scroll, DragAndDrop, KeyboardPress, LongPress, PullGesture, ClearInput, RunAdbShell, Launch, AndroidBackButton, AndroidHomeButton, AndroidRecentAppsButton
[2026-02-10T15:40:24.643+08:00] Total tools prepared: 17
[2026-02-10T15:40:24.648+08:00] Registered 17 tools
[2026-02-10T15:40:28.487+08:00] Bridge mode detected - agent will be initialized on first web_connect call
[2026-02-10T15:40:28.523+08:00] Action space from temporary device: Tap, RightClick, Hover, Input, KeyboardPress, Scroll, DragAndDrop
[2026-02-10T15:40:28.530+08:00] Total tools prepared: 10
[2026-02-10T15:40:28.531+08:00] Registered 10 tools
[2026-02-10T15:40:28.511+08:00] Bridge mode detected - agent will be initialized on first web_connect call
[2026-02-10T15:40:28.545+08:00] Action space from temporary device: Tap, RightClick, Hover, Input, KeyboardPress, Scroll, DragAndDrop
[2026-02-10T15:40:28.549+08:00] Total tools prepared: 10
[2026-02-10T15:40:28.550+08:00] Registered 10 tools
[2026-02-10T16:05:55.278+08:00] Agent not available yet, using temporary device for action space
[2026-02-10T16:05:55.279+08:00] Action space from temporary device: Tap, DoubleClick, Input, Scroll, DragAndDrop, KeyboardPress, LongPress, PullGesture, ClearInput, RunAdbShell, Launch, AndroidBackButton, AndroidHomeButton, AndroidRecentAppsButton
[2026-02-10T16:05:55.283+08:00] Total tools prepared: 17
[2026-02-10T16:05:55.284+08:00] Registered 17 tools
[2026-02-10T16:05:55.359+08:00] Agent not available yet, using temporary device for action space
[2026-02-10T16:05:55.360+08:00] Action space from temporary device: Tap, DoubleClick, Input, Scroll, DragAndDrop, KeyboardPress, LongPress, PullGesture, ClearInput, RunAdbShell, Launch, AndroidBackButton, AndroidHomeButton, AndroidRecentAppsButton
[2026-02-10T16:05:55.364+08:00] Total tools prepared: 17
[2026-02-10T16:05:55.365+08:00] Registered 17 tools
[2026-02-10T16:05:59.372+08:00] Bridge mode detected - agent will be initialized on first web_connect call
[2026-02-10T16:05:59.417+08:00] Action space from temporary device: Tap, RightClick, Hover, Input, KeyboardPress, Scroll, DragAndDrop
[2026-02-10T16:05:59.423+08:00] Total tools prepared: 10
[2026-02-10T16:05:59.424+08:00] Registered 10 tools
[2026-02-10T16:05:59.435+08:00] Bridge mode detected - agent will be initialized on first web_connect call
[2026-02-10T16:05:59.469+08:00] Action space from temporary device: Tap, RightClick, Hover, Input, KeyboardPress, Scroll, DragAndDrop
[2026-02-10T16:05:59.473+08:00] Total tools prepared: 10
[2026-02-10T16:05:59.474+08:00] Registered 10 tools
[2026-02-10T16:10:25.479+08:00] Agent not available yet, using temporary device for action space
[2026-02-10T16:10:25.480+08:00] Action space from temporary device: Tap, DoubleClick, Input, Scroll, DragAndDrop, KeyboardPress, LongPress, PullGesture, ClearInput, RunAdbShell, Launch, AndroidBackButton, AndroidHomeButton, AndroidRecentAppsButton
[2026-02-10T16:10:25.484+08:00] Total tools prepared: 17
[2026-02-10T16:10:25.485+08:00] Registered 17 tools
[2026-02-10T16:10:25.677+08:00] Agent not available yet, using temporary device for action space
[2026-02-10T16:10:25.679+08:00] Action space from temporary device: Tap, DoubleClick, Input, Scroll, DragAndDrop, KeyboardPress, LongPress, PullGesture, ClearInput, RunAdbShell, Launch, AndroidBackButton, AndroidHomeButton, AndroidRecentAppsButton
[2026-02-10T16:10:25.683+08:00] Total tools prepared: 17
[2026-02-10T16:10:25.684+08:00] Registered 17 tools
[2026-02-10T16:10:29.260+08:00] Bridge mode detected - agent will be initialized on first web_connect call
[2026-02-10T16:10:29.316+08:00] Action space from temporary device: Tap, RightClick, Hover, Input, KeyboardPress, Scroll, DragAndDrop
[2026-02-10T16:10:29.320+08:00] Total tools prepared: 10
[2026-02-10T16:10:29.320+08:00] Registered 10 tools
[2026-02-10T16:10:29.415+08:00] Bridge mode detected - agent will be initialized on first web_connect call
[2026-02-10T16:10:29.462+08:00] Action space from temporary device: Tap, RightClick, Hover, Input, KeyboardPress, Scroll, DragAndDrop
[2026-02-10T16:10:29.466+08:00] Total tools prepared: 10
[2026-02-10T16:10:29.466+08:00] Registered 10 tools
[2026-02-10T16:25:43.247+08:00] Agent not available yet, using temporary device for action space
[2026-02-10T16:25:43.247+08:00] Action space from temporary device: Tap, DoubleClick, Input, Scroll, DragAndDrop, KeyboardPress, LongPress, PullGesture, ClearInput, RunAdbShell, Launch, AndroidBackButton, AndroidHomeButton, AndroidRecentAppsButton
[2026-02-10T16:25:43.251+08:00] Total tools prepared: 17
[2026-02-10T16:25:43.252+08:00] Registered 17 tools
[2026-02-10T16:25:43.451+08:00] Agent not available yet, using temporary device for action space
[2026-02-10T16:25:43.452+08:00] Action space from temporary device: Tap, DoubleClick, Input, Scroll, DragAndDrop, KeyboardPress, LongPress, PullGesture, ClearInput, RunAdbShell, Launch, AndroidBackButton, AndroidHomeButton, AndroidRecentAppsButton
[2026-02-10T16:25:43.456+08:00] Total tools prepared: 17
[2026-02-10T16:25:43.457+08:00] Registered 17 tools
[2026-02-10T16:25:47.180+08:00] Bridge mode detected - agent will be initialized on first web_connect call
[2026-02-10T16:25:47.223+08:00] Action space from temporary device: Tap, RightClick, Hover, Input, KeyboardPress, Scroll, DragAndDrop
[2026-02-10T16:25:47.227+08:00] Total tools prepared: 10
[2026-02-10T16:25:47.227+08:00] Registered 10 tools
[2026-02-10T16:25:47.187+08:00] Bridge mode detected - agent will be initialized on first web_connect call
[2026-02-10T16:25:47.226+08:00] Action space from temporary device: Tap, RightClick, Hover, Input, KeyboardPress, Scroll, DragAndDrop
[2026-02-10T16:25:47.229+08:00] Total tools prepared: 10
[2026-02-10T16:25:47.230+08:00] Registered 10 tools
[2026-02-10T16:26:29.584+08:00] Agent not available yet, using temporary device for action space
[2026-02-10T16:26:29.586+08:00] Action space from temporary device: Tap, DoubleClick, Input, Scroll, DragAndDrop, KeyboardPress, LongPress, PullGesture, ClearInput, RunAdbShell, Launch, AndroidBackButton, AndroidHomeButton, AndroidRecentAppsButton
[2026-02-10T16:26:29.593+08:00] Total tools prepared: 17
[2026-02-10T16:26:29.595+08:00] Registered 17 tools
[2026-02-10T16:26:29.665+08:00] Agent not available yet, using temporary device for action space
[2026-02-10T16:26:29.666+08:00] Action space from temporary device: Tap, DoubleClick, Input, Scroll, DragAndDrop, KeyboardPress, LongPress, PullGesture, ClearInput, RunAdbShell, Launch, AndroidBackButton, AndroidHomeButton, AndroidRecentAppsButton
[2026-02-10T16:26:29.670+08:00] Total tools prepared: 17
[2026-02-10T16:26:29.671+08:00] Registered 17 tools
[2026-02-10T16:26:32.978+08:00] Bridge mode detected - agent will be initialized on first web_connect call
[2026-02-10T16:26:33.070+08:00] Action space from temporary device: Tap, RightClick, Hover, Input, KeyboardPress, Scroll, DragAndDrop
[2026-02-10T16:26:33.074+08:00] Total tools prepared: 10
[2026-02-10T16:26:33.074+08:00] Registered 10 tools
[2026-02-10T16:26:33.135+08:00] Bridge mode detected - agent will be initialized on first web_connect call
[2026-02-10T16:26:33.182+08:00] Action space from temporary device: Tap, RightClick, Hover, Input, KeyboardPress, Scroll, DragAndDrop
[2026-02-10T16:26:33.186+08:00] Total tools prepared: 10
[2026-02-10T16:26:33.187+08:00] Registered 10 tools
[2026-02-10T16:29:29.843+08:00] Agent not available yet, using temporary device for action space
[2026-02-10T16:29:29.844+08:00] Action space from temporary device: Tap, DoubleClick, Input, Scroll, DragAndDrop, KeyboardPress, LongPress, PullGesture, ClearInput, RunAdbShell, Launch, AndroidBackButton, AndroidHomeButton, AndroidRecentAppsButton
[2026-02-10T16:29:29.847+08:00] Total tools prepared: 17
[2026-02-10T16:29:29.848+08:00] Registered 17 tools
[2026-02-10T16:29:29.936+08:00] Agent not available yet, using temporary device for action space
[2026-02-10T16:29:29.937+08:00] Action space from temporary device: Tap, DoubleClick, Input, Scroll, DragAndDrop, KeyboardPress, LongPress, PullGesture, ClearInput, RunAdbShell, Launch, AndroidBackButton, AndroidHomeButton, AndroidRecentAppsButton
[2026-02-10T16:29:29.942+08:00] Total tools prepared: 17
[2026-02-10T16:29:29.943+08:00] Registered 17 tools
[2026-02-10T16:29:33.646+08:00] Bridge mode detected - agent will be initialized on first web_connect call
[2026-02-10T16:29:33.680+08:00] Action space from temporary device: Tap, RightClick, Hover, Input, KeyboardPress, Scroll, DragAndDrop
[2026-02-10T16:29:33.684+08:00] Total tools prepared: 10
[2026-02-10T16:29:33.685+08:00] Registered 10 tools
[2026-02-10T16:29:33.654+08:00] Bridge mode detected - agent will be initialized on first web_connect call
[2026-02-10T16:29:33.695+08:00] Action space from temporary device: Tap, RightClick, Hover, Input, KeyboardPress, Scroll, DragAndDrop
[2026-02-10T16:29:33.698+08:00] Total tools prepared: 10
[2026-02-10T16:29:33.699+08:00] Registered 10 tools
[2026-02-10T16:42:10.071+08:00] Agent not available yet, using temporary device for action space
[2026-02-10T16:42:10.072+08:00] Action space from temporary device: Tap, DoubleClick, Input, Scroll, DragAndDrop, KeyboardPress, LongPress, PullGesture, ClearInput, RunAdbShell, Launch, AndroidBackButton, AndroidHomeButton, AndroidRecentAppsButton
[2026-02-10T16:42:10.076+08:00] Total tools prepared: 17
[2026-02-10T16:42:10.077+08:00] Registered 17 tools
[2026-02-10T16:42:10.217+08:00] Agent not available yet, using temporary device for action space
[2026-02-10T16:42:10.218+08:00] Action space from temporary device: Tap, DoubleClick, Input, Scroll, DragAndDrop, KeyboardPress, LongPress, PullGesture, ClearInput, RunAdbShell, Launch, AndroidBackButton, AndroidHomeButton, AndroidRecentAppsButton
[2026-02-10T16:42:10.238+08:00] Total tools prepared: 17
[2026-02-10T16:42:10.246+08:00] Registered 17 tools
[2026-02-10T16:42:13.930+08:00] Bridge mode detected - agent will be initialized on first web_connect call
[2026-02-10T16:42:13.958+08:00] Action space from temporary device: Tap, RightClick, Hover, Input, KeyboardPress, Scroll, DragAndDrop
[2026-02-10T16:42:13.962+08:00] Total tools prepared: 10
[2026-02-10T16:42:13.962+08:00] Registered 10 tools
[2026-02-10T16:42:13.974+08:00] Bridge mode detected - agent will be initialized on first web_connect call
[2026-02-10T16:42:13.997+08:00] Action space from temporary device: Tap, RightClick, Hover, Input, KeyboardPress, Scroll, DragAndDrop
[2026-02-10T16:42:14.001+08:00] Total tools prepared: 10
[2026-02-10T16:42:14.002+08:00] Registered 10 tools
[2026-02-10T16:50:47.119+08:00] Agent not available yet, using temporary device for action space
[2026-02-10T16:50:47.120+08:00] Action space from temporary device: Tap, DoubleClick, Input, Scroll, DragAndDrop, KeyboardPress, LongPress, PullGesture, ClearInput, RunAdbShell, Launch, AndroidBackButton, AndroidHomeButton, AndroidRecentAppsButton
[2026-02-10T16:50:47.124+08:00] Total tools prepared: 17
[2026-02-10T16:50:47.125+08:00] Registered 17 tools
[2026-02-10T16:50:47.346+08:00] Agent not available yet, using temporary device for action space
[2026-02-10T16:50:47.347+08:00] Action space from temporary device: Tap, DoubleClick, Input, Scroll, DragAndDrop, KeyboardPress, LongPress, PullGesture, ClearInput, RunAdbShell, Launch, AndroidBackButton, AndroidHomeButton, AndroidRecentAppsButton
[2026-02-10T16:50:47.351+08:00] Total tools prepared: 17
[2026-02-10T16:50:47.352+08:00] Registered 17 tools
[2026-02-10T16:50:58.350+08:00] Bridge mode detected - agent will be initialized on first web_connect call
[2026-02-10T16:50:58.376+08:00] Action space from temporary device: Tap, RightClick, Hover, Input, KeyboardPress, Scroll, DragAndDrop
[2026-02-10T16:50:58.381+08:00] Total tools prepared: 10
[2026-02-10T16:50:58.381+08:00] Registered 10 tools
[2026-02-10T16:50:58.344+08:00] Bridge mode detected - agent will be initialized on first web_connect call
[2026-02-10T16:50:58.404+08:00] Action space from temporary device: Tap, RightClick, Hover, Input, KeyboardPress, Scroll, DragAndDrop
[2026-02-10T16:50:58.408+08:00] Total tools prepared: 10
[2026-02-10T16:50:58.410+08:00] Registered 10 tools
[2026-02-10T16:52:23.660+08:00] Agent not available yet, using temporary device for action space
[2026-02-10T16:52:23.662+08:00] Action space from temporary device: Tap, DoubleClick, Input, Scroll, DragAndDrop, KeyboardPress, LongPress, PullGesture, ClearInput, RunAdbShell, Launch, AndroidBackButton, AndroidHomeButton, AndroidRecentAppsButton
[2026-02-10T16:52:23.671+08:00] Total tools prepared: 17
[2026-02-10T16:52:23.674+08:00] Registered 17 tools
[2026-02-10T16:52:24.016+08:00] Agent not available yet, using temporary device for action space
[2026-02-10T16:52:24.017+08:00] Action space from temporary device: Tap, DoubleClick, Input, Scroll, DragAndDrop, KeyboardPress, LongPress, PullGesture, ClearInput, RunAdbShell, Launch, AndroidBackButton, AndroidHomeButton, AndroidRecentAppsButton
[2026-02-10T16:52:24.022+08:00] Total tools prepared: 17
[2026-02-10T16:52:24.023+08:00] Registered 17 tools
[2026-02-10T16:52:26.972+08:00] Bridge mode detected - agent will be initialized on first web_connect call
[2026-02-10T16:52:26.994+08:00] Action space from temporary device: Tap, RightClick, Hover, Input, KeyboardPress, Scroll, DragAndDrop
[2026-02-10T16:52:26.997+08:00] Total tools prepared: 10
[2026-02-10T16:52:26.998+08:00] Registered 10 tools
[2026-02-10T16:52:26.973+08:00] Bridge mode detected - agent will be initialized on first web_connect call
[2026-02-10T16:52:26.995+08:00] Action space from temporary device: Tap, RightClick, Hover, Input, KeyboardPress, Scroll, DragAndDrop
[2026-02-10T16:52:26.998+08:00] Total tools prepared: 10
[2026-02-10T16:52:26.999+08:00] Registered 10 tools
[2026-02-10T16:55:23.705+08:00] Agent not available yet, using temporary device for action space
[2026-02-10T16:55:23.706+08:00] Action space from temporary device: Tap, DoubleClick, Input, Scroll, DragAndDrop, KeyboardPress, LongPress, PullGesture, ClearInput, RunAdbShell, Launch, AndroidBackButton, AndroidHomeButton, AndroidRecentAppsButton
[2026-02-10T16:55:23.711+08:00] Total tools prepared: 17
[2026-02-10T16:55:23.713+08:00] Registered 17 tools
[2026-02-10T16:55:23.701+08:00] Agent not available yet, using temporary device for action space
[2026-02-10T16:55:23.702+08:00] Action space from temporary device: Tap, DoubleClick, Input, Scroll, DragAndDrop, KeyboardPress, LongPress, PullGesture, ClearInput, RunAdbShell, Launch, AndroidBackButton, AndroidHomeButton, AndroidRecentAppsButton
[2026-02-10T16:55:23.706+08:00] Total tools prepared: 17
[2026-02-10T16:55:23.707+08:00] Registered 17 tools
[2026-02-10T16:55:26.748+08:00] Bridge mode detected - agent will be initialized on first web_connect call
[2026-02-10T16:55:26.773+08:00] Action space from temporary device: Tap, RightClick, Hover, Input, KeyboardPress, Scroll, DragAndDrop
[2026-02-10T16:55:26.776+08:00] Total tools prepared: 10
[2026-02-10T16:55:26.776+08:00] Registered 10 tools
[2026-02-10T16:55:26.804+08:00] Bridge mode detected - agent will be initialized on first web_connect call
[2026-02-10T16:55:26.827+08:00] Action space from temporary device: Tap, RightClick, Hover, Input, KeyboardPress, Scroll, DragAndDrop
[2026-02-10T16:55:26.831+08:00] Total tools prepared: 10
[2026-02-10T16:55:26.832+08:00] Registered 10 tools
[2026-02-10T17:22:44.246+08:00] Agent not available yet, using temporary device for action space
[2026-02-10T17:22:44.248+08:00] Action space from temporary device: Tap, DoubleClick, Input, Scroll, DragAndDrop, KeyboardPress, LongPress, PullGesture, ClearInput, RunAdbShell, Launch, AndroidBackButton, AndroidHomeButton, AndroidRecentAppsButton
[2026-02-10T17:22:44.252+08:00] Total tools prepared: 17
[2026-02-10T17:22:44.253+08:00] Registered 17 tools
[2026-02-10T17:22:44.553+08:00] Agent not available yet, using temporary device for action space
[2026-02-10T17:22:44.554+08:00] Action space from temporary device: Tap, DoubleClick, Input, Scroll, DragAndDrop, KeyboardPress, LongPress, PullGesture, ClearInput, RunAdbShell, Launch, AndroidBackButton, AndroidHomeButton, AndroidRecentAppsButton
[2026-02-10T17:22:44.558+08:00] Total tools prepared: 17
[2026-02-10T17:22:44.559+08:00] Registered 17 tools
[2026-02-10T17:22:47.417+08:00] Bridge mode detected - agent will be initialized on first web_connect call
[2026-02-10T17:22:47.439+08:00] Action space from temporary device: Tap, RightClick, Hover, Input, KeyboardPress, Scroll, DragAndDrop
[2026-02-10T17:22:47.443+08:00] Total tools prepared: 10
[2026-02-10T17:22:47.443+08:00] Registered 10 tools
[2026-02-10T17:22:47.422+08:00] Bridge mode detected - agent will be initialized on first web_connect call
[2026-02-10T17:22:47.443+08:00] Action space from temporary device: Tap, RightClick, Hover, Input, KeyboardPress, Scroll, DragAndDrop
[2026-02-10T17:22:47.447+08:00] Total tools prepared: 10
[2026-02-10T17:22:47.447+08:00] Registered 10 tools
[2026-02-10T18:08:30.840+08:00] Agent not available yet, using temporary device for action space
[2026-02-10T18:08:30.841+08:00] Action space from temporary device: Tap, DoubleClick, Input, Scroll, DragAndDrop, KeyboardPress, LongPress, PullGesture, ClearInput, RunAdbShell, Launch, AndroidBackButton, AndroidHomeButton, AndroidRecentAppsButton
[2026-02-10T18:08:30.845+08:00] Total tools prepared: 17
[2026-02-10T18:08:30.846+08:00] Registered 17 tools
[2026-02-10T18:08:31.062+08:00] Agent not available yet, using temporary device for action space
[2026-02-10T18:08:31.063+08:00] Action space from temporary device: Tap, DoubleClick, Input, Scroll, DragAndDrop, KeyboardPress, LongPress, PullGesture, ClearInput, RunAdbShell, Launch, AndroidBackButton, AndroidHomeButton, AndroidRecentAppsButton
[2026-02-10T18:08:31.066+08:00] Total tools prepared: 17
[2026-02-10T18:08:31.067+08:00] Registered 17 tools
[2026-02-10T18:08:33.936+08:00] Bridge mode detected - agent will be initialized on first web_connect call
[2026-02-10T18:08:33.959+08:00] Action space from temporary device: Tap, RightClick, Hover, Input, KeyboardPress, Scroll, DragAndDrop
[2026-02-10T18:08:33.962+08:00] Total tools prepared: 10
[2026-02-10T18:08:33.963+08:00] Registered 10 tools
[2026-02-10T18:08:33.979+08:00] Bridge mode detected - agent will be initialized on first web_connect call
[2026-02-10T18:08:34.001+08:00] Action space from temporary device: Tap, RightClick, Hover, Input, KeyboardPress, Scroll, DragAndDrop
[2026-02-10T18:08:34.004+08:00] Total tools prepared: 10
[2026-02-10T18:08:34.005+08:00] Registered 10 tools
[2026-02-10T18:21:34.592+08:00] Agent not available yet, using temporary device for action space
[2026-02-10T18:21:34.594+08:00] Action space from temporary device: Tap, DoubleClick, Input, Scroll, DragAndDrop, KeyboardPress, LongPress, PullGesture, ClearInput, RunAdbShell, Launch, AndroidBackButton, AndroidHomeButton, AndroidRecentAppsButton
[2026-02-10T18:21:34.599+08:00] Total tools prepared: 17
[2026-02-10T18:21:34.763+08:00] Registered 17 tools
[2026-02-10T18:21:34.671+08:00] Agent not available yet, using temporary device for action space
[2026-02-10T18:21:34.672+08:00] Action space from temporary device: Tap, DoubleClick, Input, Scroll, DragAndDrop, KeyboardPress, LongPress, PullGesture, ClearInput, RunAdbShell, Launch, AndroidBackButton, AndroidHomeButton, AndroidRecentAppsButton
[2026-02-10T18:21:34.678+08:00] Total tools prepared: 17
[2026-02-10T18:21:34.680+08:00] Registered 17 tools
[2026-02-10T18:21:37.855+08:00] Bridge mode detected - agent will be initialized on first web_connect call
[2026-02-10T18:21:37.877+08:00] Action space from temporary device: Tap, RightClick, Hover, Input, KeyboardPress, Scroll, DragAndDrop
[2026-02-10T18:21:37.880+08:00] Total tools prepared: 10
[2026-02-10T18:21:37.881+08:00] Registered 10 tools
[2026-02-10T18:21:37.859+08:00] Bridge mode detected - agent will be initialized on first web_connect call
[2026-02-10T18:21:37.881+08:00] Action space from temporary device: Tap, RightClick, Hover, Input, KeyboardPress, Scroll, DragAndDrop
[2026-02-10T18:21:37.884+08:00] Total tools prepared: 10
[2026-02-10T18:21:37.885+08:00] Registered 10 tools
[2026-02-10T18:21:47.868+08:00] Agent not available yet, using temporary device for action space
[2026-02-10T18:21:47.869+08:00] Action space from temporary device: Tap, DoubleClick, Input, Scroll, DragAndDrop, KeyboardPress, LongPress, PullGesture, ClearInput, RunAdbShell, Launch, AndroidBackButton, AndroidHomeButton, AndroidRecentAppsButton
[2026-02-10T18:21:47.885+08:00] Total tools prepared: 17
[2026-02-10T18:21:47.886+08:00] Registered 17 tools
[2026-02-10T18:21:47.950+08:00] Agent not available yet, using temporary device for action space
[2026-02-10T18:21:47.952+08:00] Action space from temporary device: Tap, DoubleClick, Input, Scroll, DragAndDrop, KeyboardPress, LongPress, PullGesture, ClearInput, RunAdbShell, Launch, AndroidBackButton, AndroidHomeButton, AndroidRecentAppsButton
[2026-02-10T18:21:47.957+08:00] Total tools prepared: 17
[2026-02-10T18:21:47.958+08:00] Registered 17 tools
[2026-02-10T18:21:51.080+08:00] Bridge mode detected - agent will be initialized on first web_connect call
[2026-02-10T18:21:51.107+08:00] Action space from temporary device: Tap, RightClick, Hover, Input, KeyboardPress, Scroll, DragAndDrop
[2026-02-10T18:21:51.110+08:00] Total tools prepared: 10
[2026-02-10T18:21:51.111+08:00] Registered 10 tools
[2026-02-10T18:21:51.098+08:00] Bridge mode detected - agent will be initialized on first web_connect call
[2026-02-10T18:21:51.126+08:00] Action space from temporary device: Tap, RightClick, Hover, Input, KeyboardPress, Scroll, DragAndDrop
[2026-02-10T18:21:51.130+08:00] Total tools prepared: 10
[2026-02-10T18:21:51.130+08:00] Registered 10 tools
[2026-02-10T18:25:02.996+08:00] Agent not available yet, using temporary device for action space
[2026-02-10T18:25:02.997+08:00] Action space from temporary device: Tap, DoubleClick, Input, Scroll, DragAndDrop, KeyboardPress, LongPress, PullGesture, ClearInput, RunAdbShell, Launch, AndroidBackButton, AndroidHomeButton, AndroidRecentAppsButton
[2026-02-10T18:25:03.001+08:00] Total tools prepared: 17
[2026-02-10T18:25:03.002+08:00] Registered 17 tools
[2026-02-10T18:25:03.598+08:00] Agent not available yet, using temporary device for action space
[2026-02-10T18:25:03.599+08:00] Action space from temporary device: Tap, DoubleClick, Input, Scroll, DragAndDrop, KeyboardPress, LongPress, PullGesture, ClearInput, RunAdbShell, Launch, AndroidBackButton, AndroidHomeButton, AndroidRecentAppsButton
[2026-02-10T18:25:03.605+08:00] Total tools prepared: 17
[2026-02-10T18:25:03.606+08:00] Registered 17 tools
[2026-02-10T18:25:06.583+08:00] Bridge mode detected - agent will be initialized on first web_connect call
[2026-02-10T18:25:06.617+08:00] Action space from temporary device: Tap, RightClick, Hover, Input, KeyboardPress, Scroll, DragAndDrop
[2026-02-10T18:25:06.621+08:00] Total tools prepared: 10
[2026-02-10T18:25:06.621+08:00] Registered 10 tools
[2026-02-10T18:25:06.780+08:00] Bridge mode detected - agent will be initialized on first web_connect call
[2026-02-10T18:25:06.804+08:00] Action space from temporary device: Tap, RightClick, Hover, Input, KeyboardPress, Scroll, DragAndDrop
[2026-02-10T18:25:06.807+08:00] Total tools prepared: 10
[2026-02-10T18:25:06.808+08:00] Registered 10 tools
[2026-02-10T18:32:21.807+08:00] Agent not available yet, using temporary device for action space
[2026-02-10T18:32:21.808+08:00] Action space from temporary device: Tap, DoubleClick, Input, Scroll, DragAndDrop, KeyboardPress, LongPress, PullGesture, ClearInput, RunAdbShell, Launch, AndroidBackButton, AndroidHomeButton, AndroidRecentAppsButton
[2026-02-10T18:32:21.812+08:00] Total tools prepared: 17
[2026-02-10T18:32:21.813+08:00] Registered 17 tools
[2026-02-10T18:32:21.874+08:00] Agent not available yet, using temporary device for action space
[2026-02-10T18:32:21.875+08:00] Action space from temporary device: Tap, DoubleClick, Input, Scroll, DragAndDrop, KeyboardPress, LongPress, PullGesture, ClearInput, RunAdbShell, Launch, AndroidBackButton, AndroidHomeButton, AndroidRecentAppsButton
[2026-02-10T18:32:21.879+08:00] Total tools prepared: 17
[2026-02-10T18:32:21.881+08:00] Registered 17 tools
[2026-02-10T18:32:24.896+08:00] Bridge mode detected - agent will be initialized on first web_connect call
[2026-02-10T18:32:24.918+08:00] Action space from temporary device: Tap, RightClick, Hover, Input, KeyboardPress, Scroll, DragAndDrop
[2026-02-10T18:32:24.921+08:00] Total tools prepared: 10
[2026-02-10T18:32:24.922+08:00] Registered 10 tools
[2026-02-10T18:32:24.915+08:00] Bridge mode detected - agent will be initialized on first web_connect call
[2026-02-10T18:32:24.938+08:00] Action space from temporary device: Tap, RightClick, Hover, Input, KeyboardPress, Scroll, DragAndDrop
[2026-02-10T18:32:24.941+08:00] Total tools prepared: 10
[2026-02-10T18:32:24.942+08:00] Registered 10 tools
[2026-02-10T18:34:08.349+08:00] Agent not available yet, using temporary device for action space
[2026-02-10T18:34:08.350+08:00] Action space from temporary device: Tap, DoubleClick, Input, Scroll, DragAndDrop, KeyboardPress, LongPress, PullGesture, ClearInput, RunAdbShell, Launch, AndroidBackButton, AndroidHomeButton, AndroidRecentAppsButton
[2026-02-10T18:34:08.357+08:00] Total tools prepared: 17
[2026-02-10T18:34:08.361+08:00] Registered 17 tools
[2026-02-10T18:34:08.252+08:00] Agent not available yet, using temporary device for action space
[2026-02-10T18:34:08.254+08:00] Action space from temporary device: Tap, DoubleClick, Input, Scroll, DragAndDrop, KeyboardPress, LongPress, PullGesture, ClearInput, RunAdbShell, Launch, AndroidBackButton, AndroidHomeButton, AndroidRecentAppsButton
[2026-02-10T18:34:08.259+08:00] Total tools prepared: 17
[2026-02-10T18:34:08.260+08:00] Registered 17 tools
[2026-02-10T18:34:11.926+08:00] Bridge mode detected - agent will be initialized on first web_connect call
[2026-02-10T18:34:11.950+08:00] Action space from temporary device: Tap, RightClick, Hover, Input, KeyboardPress, Scroll, DragAndDrop
[2026-02-10T18:34:11.953+08:00] Total tools prepared: 10
[2026-02-10T18:34:11.954+08:00] Registered 10 tools
[2026-02-10T18:34:12.038+08:00] Bridge mode detected - agent will be initialized on first web_connect call
[2026-02-10T18:34:12.059+08:00] Action space from temporary device: Tap, RightClick, Hover, Input, KeyboardPress, Scroll, DragAndDrop
[2026-02-10T18:34:12.063+08:00] Total tools prepared: 10
[2026-02-10T18:34:12.065+08:00] Registered 10 tools
[2026-02-10T22:31:06.179+08:00] Agent not available yet, using temporary device for action space
[2026-02-10T22:31:06.180+08:00] Action space from temporary device: Tap, DoubleClick, Input, Scroll, DragAndDrop, KeyboardPress, LongPress, PullGesture, ClearInput, RunAdbShell, Launch, AndroidBackButton, AndroidHomeButton, AndroidRecentAppsButton
[2026-02-10T22:31:06.184+08:00] Total tools prepared: 17
[2026-02-10T22:31:06.185+08:00] Registered 17 tools
[2026-02-10T22:31:06.385+08:00] Agent not available yet, using temporary device for action space
[2026-02-10T22:31:06.387+08:00] Action space from temporary device: Tap, DoubleClick, Input, Scroll, DragAndDrop, KeyboardPress, LongPress, PullGesture, ClearInput, RunAdbShell, Launch, AndroidBackButton, AndroidHomeButton, AndroidRecentAppsButton
[2026-02-10T22:31:06.394+08:00] Total tools prepared: 17
[2026-02-10T22:31:06.395+08:00] Registered 17 tools
[2026-02-10T22:31:09.918+08:00] Bridge mode detected - agent will be initialized on first web_connect call
[2026-02-10T22:31:09.945+08:00] Action space from temporary device: Tap, RightClick, Hover, Input, KeyboardPress, Scroll, DragAndDrop
[2026-02-10T22:31:09.949+08:00] Total tools prepared: 10
[2026-02-10T22:31:09.949+08:00] Registered 10 tools
[2026-02-10T22:31:10.216+08:00] Bridge mode detected - agent will be initialized on first web_connect call
[2026-02-10T22:31:10.239+08:00] Action space from temporary device: Tap, RightClick, Hover, Input, KeyboardPress, Scroll, DragAndDrop
[2026-02-10T22:31:10.242+08:00] Total tools prepared: 10
[2026-02-10T22:31:10.243+08:00] Registered 10 tools
[2026-02-10T23:02:47.254+08:00] Agent not available yet, using temporary device for action space
[2026-02-10T23:02:47.255+08:00] Action space from temporary device: Tap, DoubleClick, Input, Scroll, DragAndDrop, KeyboardPress, LongPress, PullGesture, ClearInput, RunAdbShell, Launch, AndroidBackButton, AndroidHomeButton, AndroidRecentAppsButton
[2026-02-10T23:02:47.259+08:00] Total tools prepared: 17
[2026-02-10T23:02:47.260+08:00] Registered 17 tools
[2026-02-10T23:02:47.292+08:00] Agent not available yet, using temporary device for action space
[2026-02-10T23:02:47.293+08:00] Action space from temporary device: Tap, DoubleClick, Input, Scroll, DragAndDrop, KeyboardPress, LongPress, PullGesture, ClearInput, RunAdbShell, Launch, AndroidBackButton, AndroidHomeButton, AndroidRecentAppsButton
[2026-02-10T23:02:47.429+08:00] Total tools prepared: 17
[2026-02-10T23:02:47.431+08:00] Registered 17 tools
[2026-02-10T23:02:50.715+08:00] Bridge mode detected - agent will be initialized on first web_connect call
[2026-02-10T23:02:50.739+08:00] Action space from temporary device: Tap, RightClick, Hover, Input, KeyboardPress, Scroll, DragAndDrop
[2026-02-10T23:02:50.743+08:00] Total tools prepared: 10
[2026-02-10T23:02:50.743+08:00] Registered 10 tools
[2026-02-10T23:02:51.131+08:00] Bridge mode detected - agent will be initialized on first web_connect call
[2026-02-10T23:02:51.154+08:00] Action space from temporary device: Tap, RightClick, Hover, Input, KeyboardPress, Scroll, DragAndDrop
[2026-02-10T23:02:51.158+08:00] Total tools prepared: 10
[2026-02-10T23:02:51.158+08:00] Registered 10 tools
[2026-02-10T23:03:42.350+08:00] Agent not available yet, using temporary device for action space
[2026-02-10T23:03:42.351+08:00] Action space from temporary device: Tap, DoubleClick, Input, Scroll, DragAndDrop, KeyboardPress, LongPress, PullGesture, ClearInput, RunAdbShell, Launch, AndroidBackButton, AndroidHomeButton, AndroidRecentAppsButton
[2026-02-10T23:03:42.355+08:00] Total tools prepared: 17
[2026-02-10T23:03:42.356+08:00] Registered 17 tools
[2026-02-10T23:03:42.483+08:00] Agent not available yet, using temporary device for action space
[2026-02-10T23:03:42.484+08:00] Action space from temporary device: Tap, DoubleClick, Input, Scroll, DragAndDrop, KeyboardPress, LongPress, PullGesture, ClearInput, RunAdbShell, Launch, AndroidBackButton, AndroidHomeButton, AndroidRecentAppsButton
[2026-02-10T23:03:42.489+08:00] Total tools prepared: 17
[2026-02-10T23:03:42.490+08:00] Registered 17 tools
[2026-02-10T23:03:45.980+08:00] Bridge mode detected - agent will be initialized on first web_connect call
[2026-02-10T23:03:46.012+08:00] Action space from temporary device: Tap, RightClick, Hover, Input, KeyboardPress, Scroll, DragAndDrop
[2026-02-10T23:03:46.025+08:00] Total tools prepared: 10
[2026-02-10T23:03:46.025+08:00] Registered 10 tools
[2026-02-10T23:03:46.049+08:00] Bridge mode detected - agent will be initialized on first web_connect call
[2026-02-10T23:03:46.074+08:00] Action space from temporary device: Tap, RightClick, Hover, Input, KeyboardPress, Scroll, DragAndDrop
[2026-02-10T23:03:46.082+08:00] Total tools prepared: 10
[2026-02-10T23:03:46.083+08:00] Registered 10 tools
[2026-02-11T10:45:32.909+08:00] Action space from connected agent: Tap, DoubleClick, Input, Scroll, DragAndDrop, KeyboardPress, LongPress, PullGesture, ClearInput, RunAdbShell, Launch, AndroidBackButton, AndroidHomeButton, AndroidRecentAppsButton, Sleep
[2026-02-11T10:45:32.913+08:00] Total tools prepared: 18
[2026-02-11T10:45:32.924+08:00] Registered 18 tools
[2026-02-11T10:45:33.028+08:00] Action space from connected agent: Tap, DoubleClick, Input, Scroll, DragAndDrop, KeyboardPress, LongPress, PullGesture, ClearInput, RunAdbShell, Launch, AndroidBackButton, AndroidHomeButton, AndroidRecentAppsButton, Sleep
[2026-02-11T10:45:33.031+08:00] Total tools prepared: 18
[2026-02-11T10:45:33.061+08:00] Registered 18 tools
[2026-02-11T10:45:36.251+08:00] Bridge mode detected - agent will be initialized on first web_connect call
[2026-02-11T10:45:36.277+08:00] Action space from temporary device: Tap, RightClick, Hover, Input, KeyboardPress, Scroll, DragAndDrop
[2026-02-11T10:45:36.280+08:00] Total tools prepared: 10
[2026-02-11T10:45:36.281+08:00] Registered 10 tools
[2026-02-11T10:45:36.258+08:00] Bridge mode detected - agent will be initialized on first web_connect call
[2026-02-11T10:45:36.283+08:00] Action space from temporary device: Tap, RightClick, Hover, Input, KeyboardPress, Scroll, DragAndDrop
[2026-02-11T10:45:36.287+08:00] Total tools prepared: 10
[2026-02-11T10:45:36.288+08:00] Registered 10 tools
[2026-02-11T13:24:23.660+08:00] Agent not available yet, using temporary device for action space
[2026-02-11T13:24:23.662+08:00] Action space from temporary device: Tap, DoubleClick, Input, Scroll, DragAndDrop, KeyboardPress, LongPress, PullGesture, ClearInput, RunAdbShell, Launch, AndroidBackButton, AndroidHomeButton, AndroidRecentAppsButton
[2026-02-11T13:24:23.668+08:00] Total tools prepared: 17
[2026-02-11T13:24:23.701+08:00] Registered 17 tools
[2026-02-11T13:24:23.833+08:00] Agent not available yet, using temporary device for action space
[2026-02-11T13:24:23.834+08:00] Action space from temporary device: Tap, DoubleClick, Input, Scroll, DragAndDrop, KeyboardPress, LongPress, PullGesture, ClearInput, RunAdbShell, Launch, AndroidBackButton, AndroidHomeButton, AndroidRecentAppsButton
[2026-02-11T13:24:23.839+08:00] Total tools prepared: 17
[2026-02-11T13:24:23.841+08:00] Registered 17 tools
[2026-02-11T13:25:36.287+08:00] Bridge mode detected - agent will be initialized on first web_connect call
[2026-02-11T13:25:36.314+08:00] Action space from temporary device: Tap, RightClick, Hover, Input, KeyboardPress, Scroll, DragAndDrop
[2026-02-11T13:25:36.318+08:00] Total tools prepared: 10
[2026-02-11T13:25:36.319+08:00] Registered 10 tools
[2026-02-11T13:25:36.280+08:00] Bridge mode detected - agent will be initialized on first web_connect call
[2026-02-11T13:25:36.317+08:00] Action space from temporary device: Tap, RightClick, Hover, Input, KeyboardPress, Scroll, DragAndDrop
[2026-02-11T13:25:36.321+08:00] Total tools prepared: 10
[2026-02-11T13:25:36.321+08:00] Registered 10 tools
[2026-02-11T13:28:10.591+08:00] Agent not available yet, using temporary device for action space
[2026-02-11T13:28:10.592+08:00] Action space from temporary device: Tap, DoubleClick, Input, Scroll, DragAndDrop, KeyboardPress, LongPress, PullGesture, ClearInput, RunAdbShell, Launch, AndroidBackButton, AndroidHomeButton, AndroidRecentAppsButton
[2026-02-11T13:28:10.599+08:00] Total tools prepared: 17
[2026-02-11T13:28:10.602+08:00] Registered 17 tools
[2026-02-11T13:28:10.730+08:00] Agent not available yet, using temporary device for action space
[2026-02-11T13:28:10.731+08:00] Action space from temporary device: Tap, DoubleClick, Input, Scroll, DragAndDrop, KeyboardPress, LongPress, PullGesture, ClearInput, RunAdbShell, Launch, AndroidBackButton, AndroidHomeButton, AndroidRecentAppsButton
[2026-02-11T13:28:10.739+08:00] Total tools prepared: 17
[2026-02-11T13:28:10.741+08:00] Registered 17 tools
[2026-02-11T13:28:13.843+08:00] Bridge mode detected - agent will be initialized on first web_connect call
[2026-02-11T13:28:13.869+08:00] Action space from temporary device: Tap, RightClick, Hover, Input, KeyboardPress, Scroll, DragAndDrop
[2026-02-11T13:28:13.872+08:00] Total tools prepared: 10
[2026-02-11T13:28:13.873+08:00] Registered 10 tools
[2026-02-11T13:28:13.853+08:00] Bridge mode detected - agent will be initialized on first web_connect call
[2026-02-11T13:28:13.874+08:00] Action space from temporary device: Tap, RightClick, Hover, Input, KeyboardPress, Scroll, DragAndDrop
[2026-02-11T13:28:13.878+08:00] Total tools prepared: 10
[2026-02-11T13:28:13.878+08:00] Registered 10 tools
[2026-02-11T15:27:12.346+08:00] Agent not available yet, using temporary device for action space
[2026-02-11T15:27:12.347+08:00] Action space from temporary device: Tap, DoubleClick, Input, Scroll, DragAndDrop, KeyboardPress, LongPress, PullGesture, ClearInput, RunAdbShell, Launch, AndroidBackButton, AndroidHomeButton, AndroidRecentAppsButton
[2026-02-11T15:27:12.350+08:00] Total tools prepared: 17
[2026-02-11T15:27:12.351+08:00] Registered 17 tools
[2026-02-11T15:27:12.583+08:00] Agent not available yet, using temporary device for action space
[2026-02-11T15:27:12.584+08:00] Action space from temporary device: Tap, DoubleClick, Input, Scroll, DragAndDrop, KeyboardPress, LongPress, PullGesture, ClearInput, RunAdbShell, Launch, AndroidBackButton, AndroidHomeButton, AndroidRecentAppsButton
[2026-02-11T15:27:12.587+08:00] Total tools prepared: 17
[2026-02-11T15:27:12.589+08:00] Registered 17 tools
[2026-02-11T15:27:16.090+08:00] Bridge mode detected - agent will be initialized on first web_connect call
[2026-02-11T15:27:16.121+08:00] Action space from temporary device: Tap, RightClick, Hover, Input, KeyboardPress, Scroll, DragAndDrop, Swipe
[2026-02-11T15:27:16.125+08:00] Total tools prepared: 11
[2026-02-11T15:27:16.126+08:00] Registered 11 tools
[2026-02-11T15:27:16.155+08:00] Bridge mode detected - agent will be initialized on first web_connect call
[2026-02-11T15:27:16.178+08:00] Action space from temporary device: Tap, RightClick, Hover, Input, KeyboardPress, Scroll, DragAndDrop, Swipe
[2026-02-11T15:27:16.181+08:00] Total tools prepared: 11
[2026-02-11T15:27:16.182+08:00] Registered 11 tools
[2026-02-11T15:42:08.164+08:00] Agent not available yet, using temporary device for action space
[2026-02-11T15:42:08.165+08:00] Action space from temporary device: Tap, DoubleClick, Input, Scroll, DragAndDrop, KeyboardPress, LongPress, PullGesture, ClearInput, RunAdbShell, Launch, AndroidBackButton, AndroidHomeButton, AndroidRecentAppsButton
[2026-02-11T15:42:08.170+08:00] Total tools prepared: 17
[2026-02-11T15:42:08.171+08:00] Registered 17 tools
[2026-02-11T15:42:08.511+08:00] Agent not available yet, using temporary device for action space
[2026-02-11T15:42:08.512+08:00] Action space from temporary device: Tap, DoubleClick, Input, Scroll, DragAndDrop, KeyboardPress, LongPress, PullGesture, ClearInput, RunAdbShell, Launch, AndroidBackButton, AndroidHomeButton, AndroidRecentAppsButton
[2026-02-11T15:42:08.516+08:00] Total tools prepared: 17
[2026-02-11T15:42:08.517+08:00] Registered 17 tools
[2026-02-11T15:42:11.433+08:00] Bridge mode detected - agent will be initialized on first web_connect call
[2026-02-11T15:42:11.479+08:00] Action space from temporary device: Tap, RightClick, Hover, Input, KeyboardPress, Scroll, DragAndDrop, Swipe
[2026-02-11T15:42:11.484+08:00] Total tools prepared: 11
[2026-02-11T15:42:11.485+08:00] Registered 11 tools
[2026-02-11T15:42:11.479+08:00] Bridge mode detected - agent will be initialized on first web_connect call
[2026-02-11T15:42:11.505+08:00] Action space from temporary device: Tap, RightClick, Hover, Input, KeyboardPress, Scroll, DragAndDrop, Swipe
[2026-02-11T15:42:11.509+08:00] Total tools prepared: 11
[2026-02-11T15:42:11.509+08:00] Registered 11 tools
[2026-02-11T15:49:59.788+08:00] Agent not available yet, using temporary device for action space
[2026-02-11T15:49:59.788+08:00] Action space from temporary device: Tap, DoubleClick, Input, Scroll, DragAndDrop, KeyboardPress, LongPress, PullGesture, ClearInput, RunAdbShell, Launch, AndroidBackButton, AndroidHomeButton, AndroidRecentAppsButton
[2026-02-11T15:49:59.793+08:00] Total tools prepared: 17
[2026-02-11T15:49:59.794+08:00] Registered 17 tools
[2026-02-11T15:49:59.900+08:00] Agent not available yet, using temporary device for action space
[2026-02-11T15:49:59.902+08:00] Action space from temporary device: Tap, DoubleClick, Input, Scroll, DragAndDrop, KeyboardPress, LongPress, PullGesture, ClearInput, RunAdbShell, Launch, AndroidBackButton, AndroidHomeButton, AndroidRecentAppsButton
[2026-02-11T15:49:59.906+08:00] Total tools prepared: 17
[2026-02-11T15:49:59.907+08:00] Registered 17 tools
[2026-02-11T15:50:02.976+08:00] Bridge mode detected - agent will be initialized on first web_connect call
[2026-02-11T15:50:02.999+08:00] Action space from temporary device: Tap, RightClick, Hover, Input, KeyboardPress, Scroll, DragAndDrop, Swipe
[2026-02-11T15:50:03.004+08:00] Total tools prepared: 11
[2026-02-11T15:50:03.004+08:00] Registered 11 tools
[2026-02-11T15:50:02.996+08:00] Bridge mode detected - agent will be initialized on first web_connect call
[2026-02-11T15:50:03.020+08:00] Action space from temporary device: Tap, RightClick, Hover, Input, KeyboardPress, Scroll, DragAndDrop, Swipe
[2026-02-11T15:50:03.024+08:00] Total tools prepared: 11
[2026-02-11T15:50:03.025+08:00] Registered 11 tools
[2026-02-11T16:07:01.487+08:00] Agent not available yet, using temporary device for action space
[2026-02-11T16:07:01.488+08:00] Action space from temporary device: Tap, DoubleClick, Input, Scroll, DragAndDrop, KeyboardPress, LongPress, PullGesture, ClearInput, RunAdbShell, Launch, AndroidBackButton, AndroidHomeButton, AndroidRecentAppsButton
[2026-02-11T16:07:01.492+08:00] Total tools prepared: 17
[2026-02-11T16:07:01.493+08:00] Registered 17 tools
[2026-02-11T16:07:01.834+08:00] Agent not available yet, using temporary device for action space
[2026-02-11T16:07:01.835+08:00] Action space from temporary device: Tap, DoubleClick, Input, Scroll, DragAndDrop, KeyboardPress, LongPress, PullGesture, ClearInput, RunAdbShell, Launch, AndroidBackButton, AndroidHomeButton, AndroidRecentAppsButton
[2026-02-11T16:07:01.840+08:00] Total tools prepared: 17
[2026-02-11T16:07:01.841+08:00] Registered 17 tools
[2026-02-11T16:07:04.800+08:00] Bridge mode detected - agent will be initialized on first web_connect call
[2026-02-11T16:07:04.822+08:00] Action space from temporary device: Tap, RightClick, Hover, Input, KeyboardPress, Scroll, DragAndDrop, Swipe
[2026-02-11T16:07:04.826+08:00] Total tools prepared: 11
[2026-02-11T16:07:04.826+08:00] Registered 11 tools
[2026-02-11T16:07:04.800+08:00] Bridge mode detected - agent will be initialized on first web_connect call
[2026-02-11T16:07:04.822+08:00] Action space from temporary device: Tap, RightClick, Hover, Input, KeyboardPress, Scroll, DragAndDrop, Swipe
[2026-02-11T16:07:04.826+08:00] Total tools prepared: 11
[2026-02-11T16:07:04.826+08:00] Registered 11 tools
[2026-02-11T16:09:46.354+08:00] Agent not available yet, using temporary device for action space
[2026-02-11T16:09:46.355+08:00] Action space from temporary device: Tap, DoubleClick, Input, Scroll, DragAndDrop, KeyboardPress, LongPress, PullGesture, ClearInput, RunAdbShell, Launch, AndroidBackButton, AndroidHomeButton, AndroidRecentAppsButton
[2026-02-11T16:09:46.368+08:00] Total tools prepared: 17
[2026-02-11T16:09:46.369+08:00] Registered 17 tools
[2026-02-11T16:09:46.550+08:00] Agent not available yet, using temporary device for action space
[2026-02-11T16:09:46.551+08:00] Action space from temporary device: Tap, DoubleClick, Input, Scroll, DragAndDrop, KeyboardPress, LongPress, PullGesture, ClearInput, RunAdbShell, Launch, AndroidBackButton, AndroidHomeButton, AndroidRecentAppsButton
[2026-02-11T16:09:46.555+08:00] Total tools prepared: 17
[2026-02-11T16:09:46.556+08:00] Registered 17 tools
[2026-02-11T16:09:49.391+08:00] Bridge mode detected - agent will be initialized on first web_connect call
[2026-02-11T16:09:49.412+08:00] Action space from temporary device: Tap, RightClick, Hover, Input, KeyboardPress, Scroll, DragAndDrop, Swipe
[2026-02-11T16:09:49.416+08:00] Total tools prepared: 11
[2026-02-11T16:09:49.416+08:00] Registered 11 tools
[2026-02-11T16:09:49.391+08:00] Bridge mode detected - agent will be initialized on first web_connect call
[2026-02-11T16:09:49.412+08:00] Action space from temporary device: Tap, RightClick, Hover, Input, KeyboardPress, Scroll, DragAndDrop, Swipe
[2026-02-11T16:09:49.416+08:00] Total tools prepared: 11
[2026-02-11T16:09:49.416+08:00] Registered 11 tools
[2026-02-11T16:16:21.813+08:00] Agent not available yet, using temporary device for action space
[2026-02-11T16:16:21.814+08:00] Action space from temporary device: Tap, DoubleClick, Input, Scroll, DragAndDrop, KeyboardPress, LongPress, PullGesture, ClearInput, RunAdbShell, Launch, AndroidBackButton, AndroidHomeButton, AndroidRecentAppsButton
[2026-02-11T16:16:21.827+08:00] Total tools prepared: 17
[2026-02-11T16:16:21.829+08:00] Registered 17 tools
[2026-02-11T16:16:22.067+08:00] Agent not available yet, using temporary device for action space
[2026-02-11T16:16:22.069+08:00] Action space from temporary device: Tap, DoubleClick, Input, Scroll, DragAndDrop, KeyboardPress, LongPress, PullGesture, ClearInput, RunAdbShell, Launch, AndroidBackButton, AndroidHomeButton, AndroidRecentAppsButton
[2026-02-11T16:16:22.079+08:00] Total tools prepared: 17
[2026-02-11T16:16:22.081+08:00] Registered 17 tools
[2026-02-11T16:16:24.859+08:00] Bridge mode detected - agent will be initialized on first web_connect call
[2026-02-11T16:16:24.884+08:00] Action space from temporary device: Tap, RightClick, Hover, Input, KeyboardPress, Scroll, DragAndDrop, Swipe
[2026-02-11T16:16:24.888+08:00] Total tools prepared: 11
[2026-02-11T16:16:24.889+08:00] Registered 11 tools
[2026-02-11T16:16:25.041+08:00] Bridge mode detected - agent will be initialized on first web_connect call
[2026-02-11T16:16:25.063+08:00] Action space from temporary device: Tap, RightClick, Hover, Input, KeyboardPress, Scroll, DragAndDrop, Swipe
[2026-02-11T16:16:25.067+08:00] Total tools prepared: 11
[2026-02-11T16:16:25.067+08:00] Registered 11 tools
[2026-02-12T14:48:16.299+08:00] Agent not available yet, using temporary device for action space
[2026-02-12T14:48:16.300+08:00] Action space from temporary device: Tap, DoubleClick, Input, Scroll, DragAndDrop, KeyboardPress, LongPress, PullGesture, ClearInput, RunAdbShell, Launch, AndroidBackButton, AndroidHomeButton, AndroidRecentAppsButton
[2026-02-12T14:48:16.304+08:00] Total tools prepared: 17
[2026-02-12T14:48:16.305+08:00] Registered 17 tools
[2026-02-12T14:48:16.299+08:00] Agent not available yet, using temporary device for action space
[2026-02-12T14:48:16.300+08:00] Action space from temporary device: Tap, DoubleClick, Input, Scroll, DragAndDrop, KeyboardPress, LongPress, PullGesture, ClearInput, RunAdbShell, Launch, AndroidBackButton, AndroidHomeButton, AndroidRecentAppsButton
[2026-02-12T14:48:16.304+08:00] Total tools prepared: 17
[2026-02-12T14:48:16.305+08:00] Registered 17 tools
[2026-02-12T14:48:16.629+08:00] Bridge mode detected - agent will be initialized on first web_connect call
[2026-02-12T14:48:16.657+08:00] Action space from temporary device: Tap, RightClick, Hover, Input, KeyboardPress, Scroll, DragAndDrop, Swipe
[2026-02-12T14:48:16.660+08:00] Total tools prepared: 11
[2026-02-12T14:48:16.661+08:00] Registered 11 tools
[2026-02-12T14:48:16.663+08:00] Bridge mode detected - agent will be initialized on first web_connect call
[2026-02-12T14:48:16.686+08:00] Action space from temporary device: Tap, RightClick, Hover, Input, KeyboardPress, Scroll, DragAndDrop, Swipe
[2026-02-12T14:48:16.690+08:00] Total tools prepared: 11
[2026-02-12T14:48:16.691+08:00] Registered 11 tools
[2026-02-12T14:48:34.631+08:00] Agent not available yet, using temporary device for action space
[2026-02-12T14:48:34.632+08:00] Action space from temporary device: Tap, DoubleClick, Input, Scroll, DragAndDrop, KeyboardPress, LongPress, PullGesture, ClearInput, RunAdbShell, Launch, AndroidBackButton, AndroidHomeButton, AndroidRecentAppsButton
[2026-02-12T14:48:34.636+08:00] Total tools prepared: 17
[2026-02-12T14:48:34.637+08:00] Registered 17 tools
[2026-02-12T14:48:34.938+08:00] Agent not available yet, using temporary device for action space
[2026-02-12T14:48:34.939+08:00] Action space from temporary device: Tap, DoubleClick, Input, Scroll, DragAndDrop, KeyboardPress, LongPress, PullGesture, ClearInput, RunAdbShell, Launch, AndroidBackButton, AndroidHomeButton, AndroidRecentAppsButton
[2026-02-12T14:48:34.946+08:00] Total tools prepared: 17
[2026-02-12T14:48:34.947+08:00] Registered 17 tools
[2026-02-12T14:48:38.079+08:00] Bridge mode detected - agent will be initialized on first web_connect call
[2026-02-12T14:48:38.103+08:00] Action space from temporary device: Tap, RightClick, Hover, Input, KeyboardPress, Scroll, DragAndDrop, Swipe
[2026-02-12T14:48:38.108+08:00] Total tools prepared: 11
[2026-02-12T14:48:38.108+08:00] Registered 11 tools
[2026-02-12T14:48:38.245+08:00] Bridge mode detected - agent will be initialized on first web_connect call
[2026-02-12T14:48:38.268+08:00] Action space from temporary device: Tap, RightClick, Hover, Input, KeyboardPress, Scroll, DragAndDrop, Swipe
[2026-02-12T14:48:38.271+08:00] Total tools prepared: 11
[2026-02-12T14:48:38.272+08:00] Registered 11 tools
[2026-02-12T14:50:08.059+08:00] Agent not available yet, using temporary device for action space
[2026-02-12T14:50:08.060+08:00] Action space from temporary device: Tap, DoubleClick, Input, Scroll, DragAndDrop, KeyboardPress, LongPress, PullGesture, ClearInput, RunAdbShell, Launch, AndroidBackButton, AndroidHomeButton, AndroidRecentAppsButton
[2026-02-12T14:50:08.063+08:00] Total tools prepared: 17
[2026-02-12T14:50:08.064+08:00] Registered 17 tools
[2026-02-12T14:50:08.263+08:00] Agent not available yet, using temporary device for action space
[2026-02-12T14:50:08.264+08:00] Action space from temporary device: Tap, DoubleClick, Input, Scroll, DragAndDrop, KeyboardPress, LongPress, PullGesture, ClearInput, RunAdbShell, Launch, AndroidBackButton, AndroidHomeButton, AndroidRecentAppsButton
[2026-02-12T14:50:08.268+08:00] Total tools prepared: 17
[2026-02-12T14:50:08.269+08:00] Registered 17 tools
[2026-02-12T14:50:12.326+08:00] Bridge mode detected - agent will be initialized on first web_connect call
[2026-02-12T14:50:12.347+08:00] Action space from temporary device: Tap, RightClick, Hover, Input, KeyboardPress, Scroll, DragAndDrop, Swipe
[2026-02-12T14:50:12.351+08:00] Total tools prepared: 11
[2026-02-12T14:50:12.352+08:00] Registered 11 tools
[2026-02-12T14:50:12.331+08:00] Bridge mode detected - agent will be initialized on first web_connect call
[2026-02-12T14:50:12.352+08:00] Action space from temporary device: Tap, RightClick, Hover, Input, KeyboardPress, Scroll, DragAndDrop, Swipe
[2026-02-12T14:50:12.356+08:00] Total tools prepared: 11
[2026-02-12T14:50:12.357+08:00] Registered 11 tools
[2026-02-12T15:23:13.217+08:00] Agent not available yet, using temporary device for action space
[2026-02-12T15:23:13.218+08:00] Action space from temporary device: Tap, DoubleClick, Input, Scroll, DragAndDrop, KeyboardPress, LongPress, PullGesture, ClearInput, RunAdbShell, Launch, AndroidBackButton, AndroidHomeButton, AndroidRecentAppsButton
[2026-02-12T15:23:13.221+08:00] Total tools prepared: 17
[2026-02-12T15:23:13.222+08:00] Registered 17 tools
[2026-02-12T15:23:13.332+08:00] Agent not available yet, using temporary device for action space
[2026-02-12T15:23:13.333+08:00] Action space from temporary device: Tap, DoubleClick, Input, Scroll, DragAndDrop, KeyboardPress, LongPress, PullGesture, ClearInput, RunAdbShell, Launch, AndroidBackButton, AndroidHomeButton, AndroidRecentAppsButton
[2026-02-12T15:23:13.339+08:00] Total tools prepared: 17
[2026-02-12T15:23:13.341+08:00] Registered 17 tools
[2026-02-12T15:23:16.661+08:00] Bridge mode detected - agent will be initialized on first web_connect call
[2026-02-12T15:23:16.683+08:00] Action space from temporary device: Tap, RightClick, Hover, Input, KeyboardPress, Scroll, DragAndDrop, Swipe
[2026-02-12T15:23:16.686+08:00] Total tools prepared: 11
[2026-02-12T15:23:16.687+08:00] Registered 11 tools
[2026-02-12T15:23:16.661+08:00] Bridge mode detected - agent will be initialized on first web_connect call
[2026-02-12T15:23:16.683+08:00] Action space from temporary device: Tap, RightClick, Hover, Input, KeyboardPress, Scroll, DragAndDrop, Swipe
[2026-02-12T15:23:16.686+08:00] Total tools prepared: 11
[2026-02-12T15:23:16.687+08:00] Registered 11 tools
[2026-02-12T15:24:03.897+08:00] Agent not available yet, using temporary device for action space
[2026-02-12T15:24:03.898+08:00] Action space from temporary device: Tap, DoubleClick, Input, Scroll, DragAndDrop, KeyboardPress, LongPress, PullGesture, ClearInput, RunAdbShell, Launch, AndroidBackButton, AndroidHomeButton, AndroidRecentAppsButton
[2026-02-12T15:24:04.010+08:00] Total tools prepared: 17
[2026-02-12T15:24:04.011+08:00] Registered 17 tools
[2026-02-12T15:24:04.132+08:00] Agent not available yet, using temporary device for action space
[2026-02-12T15:24:04.133+08:00] Action space from temporary device: Tap, DoubleClick, Input, Scroll, DragAndDrop, KeyboardPress, LongPress, PullGesture, ClearInput, RunAdbShell, Launch, AndroidBackButton, AndroidHomeButton, AndroidRecentAppsButton
[2026-02-12T15:24:04.142+08:00] Total tools prepared: 17
[2026-02-12T15:24:04.143+08:00] Registered 17 tools
[2026-02-12T15:24:07.272+08:00] Bridge mode detected - agent will be initialized on first web_connect call
[2026-02-12T15:24:07.296+08:00] Action space from temporary device: Tap, RightClick, Hover, Input, KeyboardPress, Scroll, DragAndDrop, Swipe
[2026-02-12T15:24:07.300+08:00] Total tools prepared: 11
[2026-02-12T15:24:07.301+08:00] Registered 11 tools
[2026-02-12T15:24:07.387+08:00] Bridge mode detected - agent will be initialized on first web_connect call
[2026-02-12T15:24:07.408+08:00] Action space from temporary device: Tap, RightClick, Hover, Input, KeyboardPress, Scroll, DragAndDrop, Swipe
[2026-02-12T15:24:07.412+08:00] Total tools prepared: 11
[2026-02-12T15:24:07.412+08:00] Registered 11 tools
[2026-02-12T19:22:56.613+08:00] Action space from connected agent: Tap, DoubleClick, Input, Scroll, DragAndDrop, KeyboardPress, LongPress, PullGesture, ClearInput, RunAdbShell, Launch, AndroidBackButton, AndroidHomeButton, AndroidRecentAppsButton, Sleep
[2026-02-12T19:22:56.617+08:00] Total tools prepared: 18
[2026-02-12T19:22:56.624+08:00] Registered 18 tools
[2026-02-12T19:22:56.619+08:00] Action space from connected agent: Tap, DoubleClick, Input, Scroll, DragAndDrop, KeyboardPress, LongPress, PullGesture, ClearInput, RunAdbShell, Launch, AndroidBackButton, AndroidHomeButton, AndroidRecentAppsButton, Sleep
[2026-02-12T19:22:56.622+08:00] Total tools prepared: 18
[2026-02-12T19:22:56.625+08:00] Registered 18 tools
[2026-02-12T19:22:59.693+08:00] Action space from temporary device: Tap, RightClick, Hover, Input, KeyboardPress, Scroll, DragAndDrop, Swipe
[2026-02-12T19:22:59.718+08:00] Total tools prepared: 12
[2026-02-12T19:22:59.719+08:00] Registered 12 tools
[2026-02-12T19:22:59.695+08:00] Action space from temporary device: Tap, RightClick, Hover, Input, KeyboardPress, Scroll, DragAndDrop, Swipe
[2026-02-12T19:22:59.723+08:00] Total tools prepared: 12
[2026-02-12T19:22:59.724+08:00] Registered 12 tools
[2026-02-12T20:11:28.426+08:00] Action space from connected agent: Tap, DoubleClick, Input, Scroll, DragAndDrop, KeyboardPress, LongPress, PullGesture, ClearInput, RunAdbShell, Launch, AndroidBackButton, AndroidHomeButton, AndroidRecentAppsButton, Sleep
[2026-02-12T20:11:28.429+08:00] Total tools prepared: 18
[2026-02-12T20:11:28.433+08:00] Registered 18 tools
[2026-02-12T20:11:28.565+08:00] Action space from connected agent: Tap, DoubleClick, Input, Scroll, DragAndDrop, KeyboardPress, LongPress, PullGesture, ClearInput, RunAdbShell, Launch, AndroidBackButton, AndroidHomeButton, AndroidRecentAppsButton, Sleep
[2026-02-12T20:11:28.569+08:00] Total tools prepared: 18
[2026-02-12T20:11:28.571+08:00] Registered 18 tools
[2026-02-12T20:11:31.556+08:00] Action space from temporary device: Tap, RightClick, Hover, Input, KeyboardPress, Scroll, DragAndDrop, Swipe
[2026-02-12T20:11:31.581+08:00] Total tools prepared: 12
[2026-02-12T20:11:31.581+08:00] Registered 12 tools
[2026-02-12T20:11:31.604+08:00] Action space from temporary device: Tap, RightClick, Hover, Input, KeyboardPress, Scroll, DragAndDrop, Swipe
[2026-02-12T20:11:31.629+08:00] Total tools prepared: 12
[2026-02-12T20:11:31.630+08:00] Registered 12 tools
[2026-02-12T20:26:41.067+08:00] Action space from connected agent: Tap, DoubleClick, Input, Scroll, DragAndDrop, KeyboardPress, LongPress, PullGesture, ClearInput, RunAdbShell, Launch, AndroidBackButton, AndroidHomeButton, AndroidRecentAppsButton, Sleep
[2026-02-12T20:26:41.071+08:00] Total tools prepared: 18
[2026-02-12T20:26:41.087+08:00] Registered 18 tools
[2026-02-12T20:26:41.221+08:00] Action space from connected agent: Tap, DoubleClick, Input, Scroll, DragAndDrop, KeyboardPress, LongPress, PullGesture, ClearInput, RunAdbShell, Launch, AndroidBackButton, AndroidHomeButton, AndroidRecentAppsButton, Sleep
[2026-02-12T20:26:41.225+08:00] Total tools prepared: 18
[2026-02-12T20:26:41.262+08:00] Registered 18 tools
[2026-02-12T20:26:44.088+08:00] Action space from temporary device: Tap, RightClick, Hover, Input, KeyboardPress, Scroll, DragAndDrop, Swipe
[2026-02-12T20:26:44.113+08:00] Total tools prepared: 12
[2026-02-12T20:26:44.114+08:00] Registered 12 tools
[2026-02-12T20:26:44.093+08:00] Action space from temporary device: Tap, RightClick, Hover, Input, KeyboardPress, Scroll, DragAndDrop, Swipe
[2026-02-12T20:26:44.119+08:00] Total tools prepared: 12
[2026-02-12T20:26:44.120+08:00] Registered 12 tools
[2026-02-12T20:36:05.917+08:00] Action space from connected agent: Tap, DoubleClick, Input, Scroll, DragAndDrop, KeyboardPress, LongPress, PullGesture, ClearInput, RunAdbShell, Launch, AndroidBackButton, AndroidHomeButton, AndroidRecentAppsButton, Sleep
[2026-02-12T20:36:05.926+08:00] Total tools prepared: 18
[2026-02-12T20:36:05.929+08:00] Registered 18 tools
[2026-02-12T20:36:06.017+08:00] Action space from connected agent: Tap, DoubleClick, Input, Scroll, DragAndDrop, KeyboardPress, LongPress, PullGesture, ClearInput, RunAdbShell, Launch, AndroidBackButton, AndroidHomeButton, AndroidRecentAppsButton, Sleep
[2026-02-12T20:36:06.021+08:00] Total tools prepared: 18
[2026-02-12T20:36:06.023+08:00] Registered 18 tools
[2026-02-12T20:36:09.159+08:00] Action space from temporary device: Tap, RightClick, Hover, Input, KeyboardPress, Scroll, DragAndDrop, Swipe
[2026-02-12T20:36:09.183+08:00] Total tools prepared: 12
[2026-02-12T20:36:09.184+08:00] Registered 12 tools
[2026-02-12T20:36:09.159+08:00] Action space from temporary device: Tap, RightClick, Hover, Input, KeyboardPress, Scroll, DragAndDrop, Swipe
[2026-02-12T20:36:09.184+08:00] Total tools prepared: 12
[2026-02-12T20:36:09.184+08:00] Registered 12 tools
[2026-02-12T21:12:19.068+08:00] Action space from connected agent: Tap, DoubleClick, Input, Scroll, DragAndDrop, KeyboardPress, LongPress, PullGesture, ClearInput, RunAdbShell, Launch, AndroidBackButton, AndroidHomeButton, AndroidRecentAppsButton, Sleep
[2026-02-12T21:12:19.073+08:00] Total tools prepared: 18
[2026-02-12T21:12:19.075+08:00] Registered 18 tools
[2026-02-12T21:12:19.079+08:00] Action space from connected agent: Tap, DoubleClick, Input, Scroll, DragAndDrop, KeyboardPress, LongPress, PullGesture, ClearInput, RunAdbShell, Launch, AndroidBackButton, AndroidHomeButton, AndroidRecentAppsButton, Sleep
[2026-02-12T21:12:19.083+08:00] Total tools prepared: 18
[2026-02-12T21:12:19.085+08:00] Registered 18 tools
[2026-02-12T21:12:22.184+08:00] Action space from temporary device: Tap, RightClick, Hover, Input, KeyboardPress, Scroll, DragAndDrop, Swipe
[2026-02-12T21:12:22.240+08:00] Total tools prepared: 12
[2026-02-12T21:12:22.241+08:00] Registered 12 tools
[2026-02-12T21:12:22.184+08:00] Action space from temporary device: Tap, RightClick, Hover, Input, KeyboardPress, Scroll, DragAndDrop, Swipe
[2026-02-12T21:12:22.240+08:00] Total tools prepared: 12
[2026-02-12T21:12:22.241+08:00] Registered 12 tools
[2026-02-12T22:08:34.480+08:00] Action space from connected agent: Tap, DoubleClick, Input, Scroll, DragAndDrop, KeyboardPress, LongPress, PullGesture, ClearInput, RunAdbShell, Launch, AndroidBackButton, AndroidHomeButton, AndroidRecentAppsButton, Sleep
[2026-02-12T22:08:34.484+08:00] Total tools prepared: 18
[2026-02-12T22:08:34.486+08:00] Registered 18 tools
[2026-02-12T22:08:34.478+08:00] Action space from connected agent: Tap, DoubleClick, Input, Scroll, DragAndDrop, KeyboardPress, LongPress, PullGesture, ClearInput, RunAdbShell, Launch, AndroidBackButton, AndroidHomeButton, AndroidRecentAppsButton, Sleep
[2026-02-12T22:08:34.483+08:00] Total tools prepared: 18
[2026-02-12T22:08:34.531+08:00] Registered 18 tools
[2026-02-12T22:08:37.781+08:00] Action space from temporary device: Tap, RightClick, Hover, Input, KeyboardPress, Scroll, DragAndDrop, Swipe
[2026-02-12T22:08:37.807+08:00] Total tools prepared: 12
[2026-02-12T22:08:37.807+08:00] Registered 12 tools
[2026-02-12T22:08:37.816+08:00] Action space from temporary device: Tap, RightClick, Hover, Input, KeyboardPress, Scroll, DragAndDrop, Swipe
[2026-02-12T22:08:37.842+08:00] Total tools prepared: 12
[2026-02-12T22:08:37.842+08:00] Registered 12 tools
[2026-02-12T23:17:08.320+08:00] Action space from connected agent: Tap, DoubleClick, Input, Scroll, DragAndDrop, KeyboardPress, LongPress, PullGesture, ClearInput, RunAdbShell, Launch, AndroidBackButton, AndroidHomeButton, AndroidRecentAppsButton, Sleep
[2026-02-12T23:17:08.325+08:00] Total tools prepared: 18
[2026-02-12T23:17:08.327+08:00] Registered 18 tools
[2026-02-12T23:17:08.486+08:00] Action space from connected agent: Tap, DoubleClick, Input, Scroll, DragAndDrop, KeyboardPress, LongPress, PullGesture, ClearInput, RunAdbShell, Launch, AndroidBackButton, AndroidHomeButton, AndroidRecentAppsButton, Sleep
[2026-02-12T23:17:08.492+08:00] Total tools prepared: 18
[2026-02-12T23:17:08.494+08:00] Registered 18 tools
[2026-02-12T23:17:12.237+08:00] Action space from temporary device: Tap, RightClick, Hover, Input, KeyboardPress, Scroll, DragAndDrop, Swipe
[2026-02-12T23:17:12.282+08:00] Total tools prepared: 12
[2026-02-12T23:17:12.284+08:00] Registered 12 tools
[2026-02-12T23:17:12.381+08:00] Action space from temporary device: Tap, RightClick, Hover, Input, KeyboardPress, Scroll, DragAndDrop, Swipe
[2026-02-12T23:17:12.413+08:00] Total tools prepared: 12
[2026-02-12T23:17:12.414+08:00] Registered 12 tools
[2026-02-12T23:44:30.243+08:00] Action space from connected agent: Tap, DoubleClick, Input, Scroll, DragAndDrop, KeyboardPress, LongPress, PullGesture, ClearInput, RunAdbShell, Launch, AndroidBackButton, AndroidHomeButton, AndroidRecentAppsButton, Sleep
[2026-02-12T23:44:30.246+08:00] Total tools prepared: 18
[2026-02-12T23:44:30.266+08:00] Registered 18 tools
[2026-02-12T23:44:30.419+08:00] Action space from connected agent: Tap, DoubleClick, Input, Scroll, DragAndDrop, KeyboardPress, LongPress, PullGesture, ClearInput, RunAdbShell, Launch, AndroidBackButton, AndroidHomeButton, AndroidRecentAppsButton, Sleep
[2026-02-12T23:44:30.425+08:00] Total tools prepared: 18
[2026-02-12T23:44:30.427+08:00] Registered 18 tools
[2026-02-12T23:44:33.242+08:00] Action space from temporary device: Tap, RightClick, Hover, Input, KeyboardPress, Scroll, DragAndDrop, Swipe
[2026-02-12T23:44:33.266+08:00] Total tools prepared: 12
[2026-02-12T23:44:33.267+08:00] Registered 12 tools
[2026-02-12T23:44:33.349+08:00] Action space from temporary device: Tap, RightClick, Hover, Input, KeyboardPress, Scroll, DragAndDrop, Swipe
[2026-02-12T23:44:33.374+08:00] Total tools prepared: 12
[2026-02-12T23:44:33.375+08:00] Registered 12 tools
[2026-02-12T23:50:31.621+08:00] Agent not available yet, using temporary device for action space
[2026-02-12T23:50:31.622+08:00] Action space from temporary device: Tap, DoubleClick, Input, Scroll, DragAndDrop, KeyboardPress, LongPress, PullGesture, ClearInput, RunAdbShell, Launch, AndroidBackButton, AndroidHomeButton, AndroidRecentAppsButton
[2026-02-12T23:50:31.626+08:00] Total tools prepared: 17
[2026-02-12T23:50:31.627+08:00] Registered 17 tools
[2026-02-12T23:50:31.844+08:00] Agent not available yet, using temporary device for action space
[2026-02-12T23:50:31.845+08:00] Action space from temporary device: Tap, DoubleClick, Input, Scroll, DragAndDrop, KeyboardPress, LongPress, PullGesture, ClearInput, RunAdbShell, Launch, AndroidBackButton, AndroidHomeButton, AndroidRecentAppsButton
[2026-02-12T23:50:31.849+08:00] Total tools prepared: 17
[2026-02-12T23:50:31.850+08:00] Registered 17 tools
[2026-02-12T23:50:34.807+08:00] Action space from temporary device: Tap, RightClick, Hover, Input, KeyboardPress, Scroll, DragAndDrop, Swipe
[2026-02-12T23:50:34.833+08:00] Total tools prepared: 12
[2026-02-12T23:50:34.834+08:00] Registered 12 tools
[2026-02-12T23:50:34.876+08:00] Action space from temporary device: Tap, RightClick, Hover, Input, KeyboardPress, Scroll, DragAndDrop, Swipe
[2026-02-12T23:50:34.902+08:00] Total tools prepared: 12
[2026-02-12T23:50:34.903+08:00] Registered 12 tools
[2026-02-13T00:00:51.703+08:00] Agent not available yet, using temporary device for action space
[2026-02-13T00:00:51.704+08:00] Action space from temporary device: Tap, DoubleClick, Input, Scroll, DragAndDrop, KeyboardPress, LongPress, PullGesture, ClearInput, RunAdbShell, Launch, AndroidBackButton, AndroidHomeButton, AndroidRecentAppsButton
[2026-02-13T00:00:51.708+08:00] Total tools prepared: 17
[2026-02-13T00:00:51.709+08:00] Registered 17 tools
[2026-02-13T00:00:51.952+08:00] Agent not available yet, using temporary device for action space
[2026-02-13T00:00:51.953+08:00] Action space from temporary device: Tap, DoubleClick, Input, Scroll, DragAndDrop, KeyboardPress, LongPress, PullGesture, ClearInput, RunAdbShell, Launch, AndroidBackButton, AndroidHomeButton, AndroidRecentAppsButton
[2026-02-13T00:00:51.957+08:00] Total tools prepared: 17
[2026-02-13T00:00:51.958+08:00] Registered 17 tools
[2026-02-13T00:00:54.991+08:00] Action space from temporary device: Tap, RightClick, Hover, Input, KeyboardPress, Scroll, DragAndDrop, Swipe
[2026-02-13T00:00:55.015+08:00] Total tools prepared: 12
[2026-02-13T00:00:55.016+08:00] Registered 12 tools
[2026-02-13T00:00:55.018+08:00] Action space from temporary device: Tap, RightClick, Hover, Input, KeyboardPress, Scroll, DragAndDrop, Swipe
[2026-02-13T00:00:55.043+08:00] Total tools prepared: 12
[2026-02-13T00:00:55.043+08:00] Registered 12 tools
[2026-02-13T12:48:45.581+08:00] Agent not available yet, using temporary device for action space
[2026-02-13T12:48:45.582+08:00] Action space from temporary device: Tap, DoubleClick, Input, Scroll, DragAndDrop, KeyboardPress, LongPress, PullGesture, ClearInput, RunAdbShell, Launch, AndroidBackButton, AndroidHomeButton, AndroidRecentAppsButton
[2026-02-13T12:48:45.587+08:00] Total tools prepared: 17
[2026-02-13T12:48:45.588+08:00] Registered 17 tools
[2026-02-13T12:48:45.813+08:00] Agent not available yet, using temporary device for action space
[2026-02-13T12:48:45.814+08:00] Action space from temporary device: Tap, DoubleClick, Input, Scroll, DragAndDrop, KeyboardPress, LongPress, PullGesture, ClearInput, RunAdbShell, Launch, AndroidBackButton, AndroidHomeButton, AndroidRecentAppsButton
[2026-02-13T12:48:45.818+08:00] Total tools prepared: 17
[2026-02-13T12:48:45.819+08:00] Registered 17 tools
[2026-02-13T12:48:48.622+08:00] Action space from temporary device: Tap, RightClick, Hover, Input, KeyboardPress, Scroll, DragAndDrop, Swipe
[2026-02-13T12:48:48.647+08:00] Total tools prepared: 12
[2026-02-13T12:48:48.648+08:00] Registered 12 tools
[2026-02-13T12:48:48.627+08:00] Action space from temporary device: Tap, RightClick, Hover, Input, KeyboardPress, Scroll, DragAndDrop, Swipe
[2026-02-13T12:48:48.652+08:00] Total tools prepared: 12
[2026-02-13T12:48:48.653+08:00] Registered 12 tools
[2026-02-13T13:33:30.094+08:00] Agent not available yet, using temporary device for action space
[2026-02-13T13:33:30.095+08:00] Action space from temporary device: Tap, DoubleClick, Input, Scroll, DragAndDrop, KeyboardPress, LongPress, PullGesture, ClearInput, RunAdbShell, Launch, AndroidBackButton, AndroidHomeButton, AndroidRecentAppsButton
[2026-02-13T13:33:30.099+08:00] Total tools prepared: 17
[2026-02-13T13:33:30.100+08:00] Registered 17 tools
[2026-02-13T13:33:30.139+08:00] Agent not available yet, using temporary device for action space
[2026-02-13T13:33:30.142+08:00] Action space from temporary device: Tap, DoubleClick, Input, Scroll, DragAndDrop, KeyboardPress, LongPress, PullGesture, ClearInput, RunAdbShell, Launch, AndroidBackButton, AndroidHomeButton, AndroidRecentAppsButton
[2026-02-13T13:33:30.153+08:00] Total tools prepared: 17
[2026-02-13T13:33:30.234+08:00] Registered 17 tools
[2026-02-13T13:33:33.274+08:00] Action space from temporary device: Tap, RightClick, Hover, Input, KeyboardPress, Scroll, DragAndDrop, Swipe
[2026-02-13T13:33:33.298+08:00] Total tools prepared: 12
[2026-02-13T13:33:33.299+08:00] Registered 12 tools
[2026-02-13T13:33:33.274+08:00] Action space from temporary device: Tap, RightClick, Hover, Input, KeyboardPress, Scroll, DragAndDrop, Swipe
[2026-02-13T13:33:33.298+08:00] Total tools prepared: 12
[2026-02-13T13:33:33.299+08:00] Registered 12 tools
[2026-02-13T13:33:42.869+08:00] Agent not available yet, using temporary device for action space
[2026-02-13T13:33:42.871+08:00] Action space from temporary device: Tap, DoubleClick, Input, Scroll, DragAndDrop, KeyboardPress, LongPress, PullGesture, ClearInput, RunAdbShell, Launch, AndroidBackButton, AndroidHomeButton, AndroidRecentAppsButton
[2026-02-13T13:33:42.876+08:00] Total tools prepared: 17
[2026-02-13T13:33:42.878+08:00] Registered 17 tools
[2026-02-13T13:33:42.996+08:00] Agent not available yet, using temporary device for action space
[2026-02-13T13:33:42.998+08:00] Action space from temporary device: Tap, DoubleClick, Input, Scroll, DragAndDrop, KeyboardPress, LongPress, PullGesture, ClearInput, RunAdbShell, Launch, AndroidBackButton, AndroidHomeButton, AndroidRecentAppsButton
[2026-02-13T13:33:43.007+08:00] Total tools prepared: 17
[2026-02-13T13:33:43.008+08:00] Registered 17 tools
[2026-02-13T13:33:46.106+08:00] Action space from temporary device: Tap, RightClick, Hover, Input, KeyboardPress, Scroll, DragAndDrop, Swipe
[2026-02-13T13:33:46.138+08:00] Total tools prepared: 12
[2026-02-13T13:33:46.138+08:00] Registered 12 tools
[2026-02-13T13:33:46.253+08:00] Action space from temporary device: Tap, RightClick, Hover, Input, KeyboardPress, Scroll, DragAndDrop, Swipe
[2026-02-13T13:33:46.279+08:00] Total tools prepared: 12
[2026-02-13T13:33:46.279+08:00] Registered 12 tools
[2026-02-13T13:35:00.941+08:00] Agent not available yet, using temporary device for action space
[2026-02-13T13:35:00.942+08:00] Action space from temporary device: Tap, DoubleClick, Input, Scroll, DragAndDrop, KeyboardPress, LongPress, PullGesture, ClearInput, RunAdbShell, Launch, AndroidBackButton, AndroidHomeButton, AndroidRecentAppsButton
[2026-02-13T13:35:00.946+08:00] Total tools prepared: 17
[2026-02-13T13:35:00.947+08:00] Registered 17 tools
[2026-02-13T13:35:01.264+08:00] Agent not available yet, using temporary device for action space
[2026-02-13T13:35:01.266+08:00] Action space from temporary device: Tap, DoubleClick, Input, Scroll, DragAndDrop, KeyboardPress, LongPress, PullGesture, ClearInput, RunAdbShell, Launch, AndroidBackButton, AndroidHomeButton, AndroidRecentAppsButton
[2026-02-13T13:35:01.273+08:00] Total tools prepared: 17
[2026-02-13T13:35:01.274+08:00] Registered 17 tools
[2026-02-13T13:35:03.901+08:00] Action space from temporary device: Tap, RightClick, Hover, Input, KeyboardPress, Scroll, DragAndDrop, Swipe
[2026-02-13T13:35:03.927+08:00] Total tools prepared: 12
[2026-02-13T13:35:03.928+08:00] Registered 12 tools
[2026-02-13T13:35:03.919+08:00] Action space from temporary device: Tap, RightClick, Hover, Input, KeyboardPress, Scroll, DragAndDrop, Swipe
[2026-02-13T13:35:03.944+08:00] Total tools prepared: 12
[2026-02-13T13:35:03.945+08:00] Registered 12 tools
[2026-02-13T13:45:05.495+08:00] Agent not available yet, using temporary device for action space
[2026-02-13T13:45:05.496+08:00] Action space from temporary device: Tap, DoubleClick, Input, Scroll, DragAndDrop, KeyboardPress, LongPress, PullGesture, ClearInput, RunAdbShell, Launch, AndroidBackButton, AndroidHomeButton, AndroidRecentAppsButton
[2026-02-13T13:45:05.504+08:00] Total tools prepared: 17
[2026-02-13T13:45:05.505+08:00] Registered 17 tools
[2026-02-13T13:45:05.655+08:00] Agent not available yet, using temporary device for action space
[2026-02-13T13:45:05.656+08:00] Action space from temporary device: Tap, DoubleClick, Input, Scroll, DragAndDrop, KeyboardPress, LongPress, PullGesture, ClearInput, RunAdbShell, Launch, AndroidBackButton, AndroidHomeButton, AndroidRecentAppsButton
[2026-02-13T13:45:05.660+08:00] Total tools prepared: 17
[2026-02-13T13:45:05.660+08:00] Registered 17 tools
[2026-02-13T13:45:08.883+08:00] Action space from temporary device: Tap, RightClick, Hover, Input, KeyboardPress, Scroll, DragAndDrop, Swipe
[2026-02-13T13:45:08.910+08:00] Total tools prepared: 12
[2026-02-13T13:45:08.910+08:00] Registered 12 tools
[2026-02-13T13:45:08.948+08:00] Action space from temporary device: Tap, RightClick, Hover, Input, KeyboardPress, Scroll, DragAndDrop, Swipe
[2026-02-13T13:45:08.973+08:00] Total tools prepared: 12
[2026-02-13T13:45:08.973+08:00] Registered 12 tools
[2026-02-13T13:50:45.925+08:00] Agent not available yet, using temporary device for action space
[2026-02-13T13:50:45.926+08:00] Action space from temporary device: Tap, DoubleClick, Input, Scroll, DragAndDrop, KeyboardPress, LongPress, PullGesture, ClearInput, RunAdbShell, Launch, AndroidBackButton, AndroidHomeButton, AndroidRecentAppsButton
[2026-02-13T13:50:45.931+08:00] Total tools prepared: 17
[2026-02-13T13:50:45.932+08:00] Registered 17 tools
[2026-02-13T13:50:46.049+08:00] Agent not available yet, using temporary device for action space
[2026-02-13T13:50:46.050+08:00] Action space from temporary device: Tap, DoubleClick, Input, Scroll, DragAndDrop, KeyboardPress, LongPress, PullGesture, ClearInput, RunAdbShell, Launch, AndroidBackButton, AndroidHomeButton, AndroidRecentAppsButton
[2026-02-13T13:50:46.054+08:00] Total tools prepared: 17
[2026-02-13T13:50:46.056+08:00] Registered 17 tools
[2026-02-13T13:50:49.094+08:00] Action space from temporary device: Tap, RightClick, Hover, Input, KeyboardPress, Scroll, DragAndDrop, Swipe
[2026-02-13T13:50:49.119+08:00] Total tools prepared: 12
[2026-02-13T13:50:49.120+08:00] Registered 12 tools
[2026-02-13T13:50:49.107+08:00] Action space from temporary device: Tap, RightClick, Hover, Input, KeyboardPress, Scroll, DragAndDrop, Swipe
[2026-02-13T13:50:49.133+08:00] Total tools prepared: 12
[2026-02-13T13:50:49.134+08:00] Registered 12 tools
[2026-02-13T13:51:02.148+08:00] Agent not available yet, using temporary device for action space
[2026-02-13T13:51:02.149+08:00] Action space from temporary device: Tap, DoubleClick, Input, Scroll, DragAndDrop, KeyboardPress, LongPress, PullGesture, ClearInput, RunAdbShell, Launch, AndroidBackButton, AndroidHomeButton, AndroidRecentAppsButton
[2026-02-13T13:51:02.153+08:00] Total tools prepared: 17
[2026-02-13T13:51:02.154+08:00] Registered 17 tools
[2026-02-13T13:51:02.301+08:00] Agent not available yet, using temporary device for action space
[2026-02-13T13:51:02.302+08:00] Action space from temporary device: Tap, DoubleClick, Input, Scroll, DragAndDrop, KeyboardPress, LongPress, PullGesture, ClearInput, RunAdbShell, Launch, AndroidBackButton, AndroidHomeButton, AndroidRecentAppsButton
[2026-02-13T13:51:02.306+08:00] Total tools prepared: 17
[2026-02-13T13:51:02.307+08:00] Registered 17 tools
[2026-02-13T13:51:04.980+08:00] Action space from temporary device: Tap, RightClick, Hover, Input, KeyboardPress, Scroll, DragAndDrop, Swipe
[2026-02-13T13:51:05.024+08:00] Total tools prepared: 12
[2026-02-13T13:51:05.025+08:00] Registered 12 tools
[2026-02-13T13:51:05.133+08:00] Action space from temporary device: Tap, RightClick, Hover, Input, KeyboardPress, Scroll, DragAndDrop, Swipe
[2026-02-13T13:51:05.159+08:00] Total tools prepared: 12
[2026-02-13T13:51:05.160+08:00] Registered 12 tools
[2026-02-13T13:58:26.525+08:00] Agent not available yet, using temporary device for action space
[2026-02-13T13:58:26.526+08:00] Action space from temporary device: Tap, DoubleClick, Input, Scroll, DragAndDrop, KeyboardPress, LongPress, PullGesture, ClearInput, RunAdbShell, Launch, AndroidBackButton, AndroidHomeButton, AndroidRecentAppsButton
[2026-02-13T13:58:26.530+08:00] Total tools prepared: 17
[2026-02-13T13:58:26.531+08:00] Registered 17 tools
[2026-02-13T13:58:26.620+08:00] Agent not available yet, using temporary device for action space
[2026-02-13T13:58:26.623+08:00] Action space from temporary device: Tap, DoubleClick, Input, Scroll, DragAndDrop, KeyboardPress, LongPress, PullGesture, ClearInput, RunAdbShell, Launch, AndroidBackButton, AndroidHomeButton, AndroidRecentAppsButton
[2026-02-13T13:58:26.632+08:00] Total tools prepared: 17
[2026-02-13T13:58:26.633+08:00] Registered 17 tools
[2026-02-13T13:58:29.719+08:00] Action space from temporary device: Tap, RightClick, Hover, Input, KeyboardPress, Scroll, DragAndDrop, Swipe
[2026-02-13T13:58:29.744+08:00] Total tools prepared: 12
[2026-02-13T13:58:29.745+08:00] Registered 12 tools
[2026-02-13T13:58:29.732+08:00] Action space from temporary device: Tap, RightClick, Hover, Input, KeyboardPress, Scroll, DragAndDrop, Swipe
[2026-02-13T13:58:29.757+08:00] Total tools prepared: 12
[2026-02-13T13:58:29.758+08:00] Registered 12 tools
[2026-02-13T13:59:02.114+08:00] Agent not available yet, using temporary device for action space
[2026-02-13T13:59:02.115+08:00] Action space from temporary device: Tap, DoubleClick, Input, Scroll, DragAndDrop, KeyboardPress, LongPress, PullGesture, ClearInput, RunAdbShell, Launch, AndroidBackButton, AndroidHomeButton, AndroidRecentAppsButton
[2026-02-13T13:59:02.119+08:00] Total tools prepared: 17
[2026-02-13T13:59:02.120+08:00] Registered 17 tools
[2026-02-13T13:59:02.252+08:00] Agent not available yet, using temporary device for action space
[2026-02-13T13:59:02.254+08:00] Action space from temporary device: Tap, DoubleClick, Input, Scroll, DragAndDrop, KeyboardPress, LongPress, PullGesture, ClearInput, RunAdbShell, Launch, AndroidBackButton, AndroidHomeButton, AndroidRecentAppsButton
[2026-02-13T13:59:02.258+08:00] Total tools prepared: 17
[2026-02-13T13:59:02.259+08:00] Registered 17 tools
[2026-02-13T13:59:04.947+08:00] Action space from temporary device: Tap, RightClick, Hover, Input, KeyboardPress, Scroll, DragAndDrop, Swipe
[2026-02-13T13:59:04.973+08:00] Total tools prepared: 12
[2026-02-13T13:59:04.974+08:00] Registered 12 tools
[2026-02-13T13:59:05.171+08:00] Action space from temporary device: Tap, RightClick, Hover, Input, KeyboardPress, Scroll, DragAndDrop, Swipe
[2026-02-13T13:59:05.196+08:00] Total tools prepared: 12
[2026-02-13T13:59:05.197+08:00] Registered 12 tools
[2026-02-13T14:00:13.836+08:00] Agent not available yet, using temporary device for action space
[2026-02-13T14:00:13.837+08:00] Action space from temporary device: Tap, DoubleClick, Input, Scroll, DragAndDrop, KeyboardPress, LongPress, PullGesture, ClearInput, RunAdbShell, Launch, AndroidBackButton, AndroidHomeButton, AndroidRecentAppsButton
[2026-02-13T14:00:13.842+08:00] Total tools prepared: 17
[2026-02-13T14:00:13.843+08:00] Registered 17 tools
[2026-02-13T14:00:14.113+08:00] Agent not available yet, using temporary device for action space
[2026-02-13T14:00:14.115+08:00] Action space from temporary device: Tap, DoubleClick, Input, Scroll, DragAndDrop, KeyboardPress, LongPress, PullGesture, ClearInput, RunAdbShell, Launch, AndroidBackButton, AndroidHomeButton, AndroidRecentAppsButton
[2026-02-13T14:00:14.133+08:00] Total tools prepared: 17
[2026-02-13T14:00:14.134+08:00] Registered 17 tools
[2026-02-13T14:00:21.473+08:00] Agent not available yet, using temporary device for action space
[2026-02-13T14:00:21.474+08:00] Action space from temporary device: Tap, DoubleClick, Input, Scroll, DragAndDrop, KeyboardPress, LongPress, PullGesture, ClearInput, RunAdbShell, Launch, AndroidBackButton, AndroidHomeButton, AndroidRecentAppsButton
[2026-02-13T14:00:21.482+08:00] Total tools prepared: 17
[2026-02-13T14:00:21.485+08:00] Registered 17 tools
[2026-02-13T14:00:21.699+08:00] Agent not available yet, using temporary device for action space
[2026-02-13T14:00:21.700+08:00] Action space from temporary device: Tap, DoubleClick, Input, Scroll, DragAndDrop, KeyboardPress, LongPress, PullGesture, ClearInput, RunAdbShell, Launch, AndroidBackButton, AndroidHomeButton, AndroidRecentAppsButton
[2026-02-13T14:00:21.704+08:00] Total tools prepared: 17
[2026-02-13T14:00:21.705+08:00] Registered 17 tools
[2026-02-13T14:00:24.529+08:00] Action space from temporary device: Tap, RightClick, Hover, Input, KeyboardPress, Scroll, DragAndDrop, Swipe
[2026-02-13T14:00:24.556+08:00] Total tools prepared: 12
[2026-02-13T14:00:24.557+08:00] Registered 12 tools
[2026-02-13T14:00:24.527+08:00] Action space from temporary device: Tap, RightClick, Hover, Input, KeyboardPress, Scroll, DragAndDrop, Swipe
[2026-02-13T14:00:24.556+08:00] Total tools prepared: 12
[2026-02-13T14:00:24.557+08:00] Registered 12 tools
[2026-02-13T14:02:19.363+08:00] Agent not available yet, using temporary device for action space
[2026-02-13T14:02:19.367+08:00] Action space from temporary device: Tap, DoubleClick, Input, Scroll, DragAndDrop, KeyboardPress, LongPress, PullGesture, ClearInput, RunAdbShell, Launch, AndroidBackButton, AndroidHomeButton, AndroidRecentAppsButton
[2026-02-13T14:02:19.375+08:00] Total tools prepared: 17
[2026-02-13T14:02:19.376+08:00] Registered 17 tools
[2026-02-13T14:02:19.568+08:00] Agent not available yet, using temporary device for action space
[2026-02-13T14:02:19.569+08:00] Action space from temporary device: Tap, DoubleClick, Input, Scroll, DragAndDrop, KeyboardPress, LongPress, PullGesture, ClearInput, RunAdbShell, Launch, AndroidBackButton, AndroidHomeButton, AndroidRecentAppsButton
[2026-02-13T14:02:19.573+08:00] Total tools prepared: 17
[2026-02-13T14:02:19.574+08:00] Registered 17 tools
[2026-02-13T14:02:22.306+08:00] Action space from temporary device: Tap, RightClick, Hover, Input, KeyboardPress, Scroll, DragAndDrop, Swipe
[2026-02-13T14:02:22.333+08:00] Total tools prepared: 12
[2026-02-13T14:02:22.334+08:00] Registered 12 tools
[2026-02-13T14:02:22.301+08:00] Action space from temporary device: Tap, RightClick, Hover, Input, KeyboardPress, Scroll, DragAndDrop, Swipe
[2026-02-13T14:02:22.337+08:00] Total tools prepared: 12
[2026-02-13T14:02:22.337+08:00] Registered 12 tools
[2026-02-13T14:02:28.977+08:00] Agent not available yet, using temporary device for action space
[2026-02-13T14:02:28.978+08:00] Action space from temporary device: Tap, DoubleClick, Input, Scroll, DragAndDrop, KeyboardPress, LongPress, PullGesture, ClearInput, RunAdbShell, Launch, AndroidBackButton, AndroidHomeButton, AndroidRecentAppsButton
[2026-02-13T14:02:28.983+08:00] Total tools prepared: 17
[2026-02-13T14:02:28.984+08:00] Registered 17 tools
[2026-02-13T14:02:29.048+08:00] Agent not available yet, using temporary device for action space
[2026-02-13T14:02:29.049+08:00] Action space from temporary device: Tap, DoubleClick, Input, Scroll, DragAndDrop, KeyboardPress, LongPress, PullGesture, ClearInput, RunAdbShell, Launch, AndroidBackButton, AndroidHomeButton, AndroidRecentAppsButton
[2026-02-13T14:02:29.052+08:00] Total tools prepared: 17
[2026-02-13T14:02:29.053+08:00] Registered 17 tools
[2026-02-13T14:02:31.673+08:00] Action space from temporary device: Tap, RightClick, Hover, Input, KeyboardPress, Scroll, DragAndDrop, Swipe
[2026-02-13T14:02:31.700+08:00] Total tools prepared: 12
[2026-02-13T14:02:31.700+08:00] Registered 12 tools
[2026-02-13T14:02:32.036+08:00] Action space from temporary device: Tap, RightClick, Hover, Input, KeyboardPress, Scroll, DragAndDrop, Swipe
[2026-02-13T14:02:32.065+08:00] Total tools prepared: 12
[2026-02-13T14:02:32.065+08:00] Registered 12 tools
[2026-02-13T14:11:14.256+08:00] Agent not available yet, using temporary device for action space
[2026-02-13T14:11:14.258+08:00] Action space from temporary device: Tap, DoubleClick, Input, Scroll, DragAndDrop, KeyboardPress, LongPress, PullGesture, ClearInput, RunAdbShell, Launch, AndroidBackButton, AndroidHomeButton, AndroidRecentAppsButton
[2026-02-13T14:11:14.265+08:00] Total tools prepared: 17
[2026-02-13T14:11:14.266+08:00] Registered 17 tools
[2026-02-13T14:11:14.302+08:00] Agent not available yet, using temporary device for action space
[2026-02-13T14:11:14.303+08:00] Action space from temporary device: Tap, DoubleClick, Input, Scroll, DragAndDrop, KeyboardPress, LongPress, PullGesture, ClearInput, RunAdbShell, Launch, AndroidBackButton, AndroidHomeButton, AndroidRecentAppsButton
[2026-02-13T14:11:14.307+08:00] Total tools prepared: 17
[2026-02-13T14:11:14.308+08:00] Registered 17 tools
[2026-02-13T14:11:17.417+08:00] Action space from temporary device: Tap, RightClick, Hover, Input, KeyboardPress, Scroll, DragAndDrop, Swipe
[2026-02-13T14:11:17.441+08:00] Total tools prepared: 12
[2026-02-13T14:11:17.442+08:00] Registered 12 tools
[2026-02-13T14:11:17.420+08:00] Action space from temporary device: Tap, RightClick, Hover, Input, KeyboardPress, Scroll, DragAndDrop, Swipe
[2026-02-13T14:11:17.445+08:00] Total tools prepared: 12
[2026-02-13T14:11:17.446+08:00] Registered 12 tools
[2026-02-13T14:11:23.212+08:00] Agent not available yet, using temporary device for action space
[2026-02-13T14:11:23.213+08:00] Action space from temporary device: Tap, DoubleClick, Input, Scroll, DragAndDrop, KeyboardPress, LongPress, PullGesture, ClearInput, RunAdbShell, Launch, AndroidBackButton, AndroidHomeButton, AndroidRecentAppsButton
[2026-02-13T14:11:23.273+08:00] Total tools prepared: 17
[2026-02-13T14:11:23.275+08:00] Registered 17 tools
[2026-02-13T14:11:23.356+08:00] Agent not available yet, using temporary device for action space
[2026-02-13T14:11:23.358+08:00] Action space from temporary device: Tap, DoubleClick, Input, Scroll, DragAndDrop, KeyboardPress, LongPress, PullGesture, ClearInput, RunAdbShell, Launch, AndroidBackButton, AndroidHomeButton, AndroidRecentAppsButton
[2026-02-13T14:11:23.362+08:00] Total tools prepared: 17
[2026-02-13T14:11:23.363+08:00] Registered 17 tools
[2026-02-13T14:11:26.195+08:00] Action space from temporary device: Tap, RightClick, Hover, Input, KeyboardPress, Scroll, DragAndDrop, Swipe
[2026-02-13T14:11:26.240+08:00] Total tools prepared: 12
[2026-02-13T14:11:26.241+08:00] Registered 12 tools
[2026-02-13T14:11:26.353+08:00] Action space from temporary device: Tap, RightClick, Hover, Input, KeyboardPress, Scroll, DragAndDrop, Swipe
[2026-02-13T14:11:26.379+08:00] Total tools prepared: 12
[2026-02-13T14:11:26.380+08:00] Registered 12 tools
[2026-02-13T14:12:19.460+08:00] Agent not available yet, using temporary device for action space
[2026-02-13T14:12:19.461+08:00] Action space from temporary device: Tap, DoubleClick, Input, Scroll, DragAndDrop, KeyboardPress, LongPress, PullGesture, ClearInput, RunAdbShell, Launch, AndroidBackButton, AndroidHomeButton, AndroidRecentAppsButton
[2026-02-13T14:12:19.465+08:00] Total tools prepared: 17
[2026-02-13T14:12:19.466+08:00] Registered 17 tools
[2026-02-13T14:12:19.606+08:00] Agent not available yet, using temporary device for action space
[2026-02-13T14:12:19.607+08:00] Action space from temporary device: Tap, DoubleClick, Input, Scroll, DragAndDrop, KeyboardPress, LongPress, PullGesture, ClearInput, RunAdbShell, Launch, AndroidBackButton, AndroidHomeButton, AndroidRecentAppsButton
[2026-02-13T14:12:19.611+08:00] Total tools prepared: 17
[2026-02-13T14:12:19.612+08:00] Registered 17 tools
[2026-02-13T14:12:22.856+08:00] Action space from temporary device: Tap, RightClick, Hover, Input, KeyboardPress, Scroll, DragAndDrop, Swipe
[2026-02-13T14:12:22.882+08:00] Total tools prepared: 12
[2026-02-13T14:12:22.882+08:00] Registered 12 tools
[2026-02-13T14:12:22.863+08:00] Action space from temporary device: Tap, RightClick, Hover, Input, KeyboardPress, Scroll, DragAndDrop, Swipe
[2026-02-13T14:12:22.888+08:00] Total tools prepared: 12
[2026-02-13T14:12:22.889+08:00] Registered 12 tools
[2026-02-13T14:15:16.116+08:00] Agent not available yet, using temporary device for action space
[2026-02-13T14:15:16.119+08:00] Action space from temporary device: Tap, DoubleClick, Input, Scroll, DragAndDrop, KeyboardPress, LongPress, PullGesture, ClearInput, RunAdbShell, Launch, AndroidBackButton, AndroidHomeButton, AndroidRecentAppsButton
[2026-02-13T14:15:16.125+08:00] Total tools prepared: 17
[2026-02-13T14:15:16.127+08:00] Registered 17 tools
[2026-02-13T14:15:16.331+08:00] Agent not available yet, using temporary device for action space
[2026-02-13T14:15:16.332+08:00] Action space from temporary device: Tap, DoubleClick, Input, Scroll, DragAndDrop, KeyboardPress, LongPress, PullGesture, ClearInput, RunAdbShell, Launch, AndroidBackButton, AndroidHomeButton, AndroidRecentAppsButton
[2026-02-13T14:15:16.353+08:00] Total tools prepared: 17
[2026-02-13T14:15:16.394+08:00] Registered 17 tools
[2026-02-13T14:15:19.383+08:00] Action space from temporary device: Tap, RightClick, Hover, Input, KeyboardPress, Scroll, DragAndDrop, Swipe
[2026-02-13T14:15:19.412+08:00] Total tools prepared: 12
[2026-02-13T14:15:19.412+08:00] Registered 12 tools
[2026-02-13T14:15:19.384+08:00] Action space from temporary device: Tap, RightClick, Hover, Input, KeyboardPress, Scroll, DragAndDrop, Swipe
[2026-02-13T14:15:19.419+08:00] Total tools prepared: 12
[2026-02-13T14:15:19.420+08:00] Registered 12 tools
[2026-02-13T14:20:30.816+08:00] Agent not available yet, using temporary device for action space
[2026-02-13T14:20:30.817+08:00] Action space from temporary device: Tap, DoubleClick, Input, Scroll, DragAndDrop, KeyboardPress, LongPress, PullGesture, ClearInput, RunAdbShell, Launch, AndroidBackButton, AndroidHomeButton, AndroidRecentAppsButton
[2026-02-13T14:20:30.821+08:00] Total tools prepared: 17
[2026-02-13T14:20:30.822+08:00] Registered 17 tools
[2026-02-13T14:20:30.875+08:00] Agent not available yet, using temporary device for action space
[2026-02-13T14:20:30.877+08:00] Action space from temporary device: Tap, DoubleClick, Input, Scroll, DragAndDrop, KeyboardPress, LongPress, PullGesture, ClearInput, RunAdbShell, Launch, AndroidBackButton, AndroidHomeButton, AndroidRecentAppsButton
[2026-02-13T14:20:30.883+08:00] Total tools prepared: 17
[2026-02-13T14:20:30.884+08:00] Registered 17 tools
[2026-02-13T14:20:33.539+08:00] Action space from temporary device: Tap, RightClick, Hover, Input, KeyboardPress, Scroll, DragAndDrop, Swipe
[2026-02-13T14:20:33.565+08:00] Total tools prepared: 12
[2026-02-13T14:20:33.566+08:00] Registered 12 tools
[2026-02-13T14:20:33.576+08:00] Action space from temporary device: Tap, RightClick, Hover, Input, KeyboardPress, Scroll, DragAndDrop, Swipe
[2026-02-13T14:20:33.600+08:00] Total tools prepared: 12
[2026-02-13T14:20:33.601+08:00] Registered 12 tools
[2026-02-13T14:25:04.087+08:00] Agent not available yet, using temporary device for action space
[2026-02-13T14:25:04.088+08:00] Action space from temporary device: Tap, DoubleClick, Input, Scroll, DragAndDrop, KeyboardPress, LongPress, PullGesture, ClearInput, RunAdbShell, Launch, AndroidBackButton, AndroidHomeButton, AndroidRecentAppsButton
[2026-02-13T14:25:04.092+08:00] Total tools prepared: 17
[2026-02-13T14:25:04.093+08:00] Registered 17 tools
[2026-02-13T14:25:04.327+08:00] Agent not available yet, using temporary device for action space
[2026-02-13T14:25:04.328+08:00] Action space from temporary device: Tap, DoubleClick, Input, Scroll, DragAndDrop, KeyboardPress, LongPress, PullGesture, ClearInput, RunAdbShell, Launch, AndroidBackButton, AndroidHomeButton, AndroidRecentAppsButton
[2026-02-13T14:25:04.332+08:00] Total tools prepared: 17
[2026-02-13T14:25:04.333+08:00] Registered 17 tools
[2026-02-13T14:25:07.337+08:00] Action space from temporary device: Tap, RightClick, Hover, Input, KeyboardPress, Scroll, DragAndDrop, Swipe
[2026-02-13T14:25:07.363+08:00] Total tools prepared: 12
[2026-02-13T14:25:07.364+08:00] Registered 12 tools
[2026-02-13T14:25:07.338+08:00] Action space from temporary device: Tap, RightClick, Hover, Input, KeyboardPress, Scroll, DragAndDrop, Swipe
[2026-02-13T14:25:07.363+08:00] Total tools prepared: 12
[2026-02-13T14:25:07.364+08:00] Registered 12 tools
[2026-02-13T14:34:11.002+08:00] Agent not available yet, using temporary device for action space
[2026-02-13T14:34:11.003+08:00] Action space from temporary device: Tap, DoubleClick, Input, Scroll, DragAndDrop, KeyboardPress, LongPress, PullGesture, ClearInput, RunAdbShell, Launch, AndroidBackButton, AndroidHomeButton, AndroidRecentAppsButton
[2026-02-13T14:34:11.007+08:00] Total tools prepared: 17
[2026-02-13T14:34:11.008+08:00] Registered 17 tools
[2026-02-13T14:34:11.164+08:00] Agent not available yet, using temporary device for action space
[2026-02-13T14:34:11.165+08:00] Action space from temporary device: Tap, DoubleClick, Input, Scroll, DragAndDrop, KeyboardPress, LongPress, PullGesture, ClearInput, RunAdbShell, Launch, AndroidBackButton, AndroidHomeButton, AndroidRecentAppsButton
[2026-02-13T14:34:11.169+08:00] Total tools prepared: 17
[2026-02-13T14:34:11.170+08:00] Registered 17 tools
[2026-02-13T14:34:14.078+08:00] Action space from temporary device: Tap, RightClick, Hover, Input, KeyboardPress, Scroll, DragAndDrop, Swipe
[2026-02-13T14:34:14.103+08:00] Total tools prepared: 12
[2026-02-13T14:34:14.104+08:00] Registered 12 tools
[2026-02-13T14:34:14.101+08:00] Action space from temporary device: Tap, RightClick, Hover, Input, KeyboardPress, Scroll, DragAndDrop, Swipe
[2026-02-13T14:34:14.126+08:00] Total tools prepared: 12
[2026-02-13T14:34:14.127+08:00] Registered 12 tools
[2026-02-13T14:35:14.664+08:00] Agent not available yet, using temporary device for action space
[2026-02-13T14:35:14.665+08:00] Action space from temporary device: Tap, DoubleClick, Input, Scroll, DragAndDrop, KeyboardPress, LongPress, PullGesture, ClearInput, RunAdbShell, Launch, AndroidBackButton, AndroidHomeButton, AndroidRecentAppsButton
[2026-02-13T14:35:14.669+08:00] Total tools prepared: 17
[2026-02-13T14:35:14.670+08:00] Registered 17 tools
[2026-02-13T14:35:14.894+08:00] Agent not available yet, using temporary device for action space
[2026-02-13T14:35:14.895+08:00] Action space from temporary device: Tap, DoubleClick, Input, Scroll, DragAndDrop, KeyboardPress, LongPress, PullGesture, ClearInput, RunAdbShell, Launch, AndroidBackButton, AndroidHomeButton, AndroidRecentAppsButton
[2026-02-13T14:35:14.899+08:00] Total tools prepared: 17
[2026-02-13T14:35:14.900+08:00] Registered 17 tools
[2026-02-13T14:35:23.228+08:00] Agent not available yet, using temporary device for action space
[2026-02-13T14:35:23.229+08:00] Action space from temporary device: Tap, DoubleClick, Input, Scroll, DragAndDrop, KeyboardPress, LongPress, PullGesture, ClearInput, RunAdbShell, Launch, AndroidBackButton, AndroidHomeButton, AndroidRecentAppsButton
[2026-02-13T14:35:23.233+08:00] Total tools prepared: 17
[2026-02-13T14:35:23.234+08:00] Registered 17 tools
[2026-02-13T14:35:23.457+08:00] Agent not available yet, using temporary device for action space
[2026-02-13T14:35:23.458+08:00] Action space from temporary device: Tap, DoubleClick, Input, Scroll, DragAndDrop, KeyboardPress, LongPress, PullGesture, ClearInput, RunAdbShell, Launch, AndroidBackButton, AndroidHomeButton, AndroidRecentAppsButton
[2026-02-13T14:35:23.462+08:00] Total tools prepared: 17
[2026-02-13T14:35:23.466+08:00] Registered 17 tools
[2026-02-13T14:35:26.594+08:00] Action space from temporary device: Tap, RightClick, Hover, Input, KeyboardPress, Scroll, DragAndDrop, Swipe
[2026-02-13T14:35:26.620+08:00] Total tools prepared: 12
[2026-02-13T14:35:26.621+08:00] Registered 12 tools
[2026-02-13T14:35:26.639+08:00] Action space from temporary device: Tap, RightClick, Hover, Input, KeyboardPress, Scroll, DragAndDrop, Swipe
[2026-02-13T14:35:26.664+08:00] Total tools prepared: 12
[2026-02-13T14:35:26.664+08:00] Registered 12 tools
[2026-02-13T14:37:27.097+08:00] Agent not available yet, using temporary device for action space
[2026-02-13T14:37:27.098+08:00] Action space from temporary device: Tap, DoubleClick, Input, Scroll, DragAndDrop, KeyboardPress, LongPress, PullGesture, ClearInput, RunAdbShell, Launch, AndroidBackButton, AndroidHomeButton, AndroidRecentAppsButton
[2026-02-13T14:37:27.103+08:00] Total tools prepared: 17
[2026-02-13T14:37:27.104+08:00] Registered 17 tools
[2026-02-13T14:37:27.155+08:00] Agent not available yet, using temporary device for action space
[2026-02-13T14:37:27.157+08:00] Action space from temporary device: Tap, DoubleClick, Input, Scroll, DragAndDrop, KeyboardPress, LongPress, PullGesture, ClearInput, RunAdbShell, Launch, AndroidBackButton, AndroidHomeButton, AndroidRecentAppsButton
[2026-02-13T14:37:27.161+08:00] Total tools prepared: 17
[2026-02-13T14:37:27.162+08:00] Registered 17 tools
[2026-02-13T14:37:30.159+08:00] Action space from temporary device: Tap, RightClick, Hover, Input, KeyboardPress, Scroll, DragAndDrop, Swipe
[2026-02-13T14:37:30.184+08:00] Total tools prepared: 12
[2026-02-13T14:37:30.185+08:00] Registered 12 tools
[2026-02-13T14:37:30.165+08:00] Action space from temporary device: Tap, RightClick, Hover, Input, KeyboardPress, Scroll, DragAndDrop, Swipe
[2026-02-13T14:37:30.189+08:00] Total tools prepared: 12
[2026-02-13T14:37:30.190+08:00] Registered 12 tools
[2026-02-13T14:39:58.503+08:00] Agent not available yet, using temporary device for action space
[2026-02-13T14:39:58.504+08:00] Action space from temporary device: Tap, DoubleClick, Input, Scroll, DragAndDrop, KeyboardPress, LongPress, PullGesture, ClearInput, RunAdbShell, Launch, AndroidBackButton, AndroidHomeButton, AndroidRecentAppsButton
[2026-02-13T14:39:58.508+08:00] Total tools prepared: 17
[2026-02-13T14:39:58.509+08:00] Registered 17 tools
[2026-02-13T14:39:58.768+08:00] Agent not available yet, using temporary device for action space
[2026-02-13T14:39:58.769+08:00] Action space from temporary device: Tap, DoubleClick, Input, Scroll, DragAndDrop, KeyboardPress, LongPress, PullGesture, ClearInput, RunAdbShell, Launch, AndroidBackButton, AndroidHomeButton, AndroidRecentAppsButton
[2026-02-13T14:39:58.773+08:00] Total tools prepared: 17
[2026-02-13T14:39:58.774+08:00] Registered 17 tools
[2026-02-13T14:40:01.510+08:00] Action space from temporary device: Tap, RightClick, Hover, Input, KeyboardPress, Scroll, DragAndDrop, Swipe
[2026-02-13T14:40:01.537+08:00] Total tools prepared: 12
[2026-02-13T14:40:01.537+08:00] Registered 12 tools
[2026-02-13T14:40:01.513+08:00] Action space from temporary device: Tap, RightClick, Hover, Input, KeyboardPress, Scroll, DragAndDrop, Swipe
[2026-02-13T14:40:01.540+08:00] Total tools prepared: 12
[2026-02-13T14:40:01.541+08:00] Registered 12 tools
[2026-02-13T14:44:12.948+08:00] Agent not available yet, using temporary device for action space
[2026-02-13T14:44:12.949+08:00] Action space from temporary device: Tap, DoubleClick, Input, Scroll, DragAndDrop, KeyboardPress, LongPress, PullGesture, ClearInput, RunAdbShell, Launch, AndroidBackButton, AndroidHomeButton, AndroidRecentAppsButton
[2026-02-13T14:44:12.953+08:00] Total tools prepared: 17
[2026-02-13T14:44:12.955+08:00] Registered 17 tools
[2026-02-13T14:44:13.182+08:00] Agent not available yet, using temporary device for action space
[2026-02-13T14:44:13.183+08:00] Action space from temporary device: Tap, DoubleClick, Input, Scroll, DragAndDrop, KeyboardPress, LongPress, PullGesture, ClearInput, RunAdbShell, Launch, AndroidBackButton, AndroidHomeButton, AndroidRecentAppsButton
[2026-02-13T14:44:13.187+08:00] Total tools prepared: 17
[2026-02-13T14:44:13.188+08:00] Registered 17 tools
[2026-02-13T14:44:16.087+08:00] Action space from temporary device: Tap, RightClick, Hover, Input, KeyboardPress, Scroll, DragAndDrop, Swipe
[2026-02-13T14:44:16.113+08:00] Total tools prepared: 12
[2026-02-13T14:44:16.113+08:00] Registered 12 tools
[2026-02-13T14:44:16.090+08:00] Action space from temporary device: Tap, RightClick, Hover, Input, KeyboardPress, Scroll, DragAndDrop, Swipe
[2026-02-13T14:44:16.115+08:00] Total tools prepared: 12
[2026-02-13T14:44:16.116+08:00] Registered 12 tools
[2026-02-13T14:44:28.277+08:00] Agent not available yet, using temporary device for action space
[2026-02-13T14:44:28.278+08:00] Action space from temporary device: Tap, DoubleClick, Input, Scroll, DragAndDrop, KeyboardPress, LongPress, PullGesture, ClearInput, RunAdbShell, Launch, AndroidBackButton, AndroidHomeButton, AndroidRecentAppsButton
[2026-02-13T14:44:28.282+08:00] Total tools prepared: 17
[2026-02-13T14:44:28.283+08:00] Registered 17 tools
[2026-02-13T14:44:28.399+08:00] Agent not available yet, using temporary device for action space
[2026-02-13T14:44:28.404+08:00] Action space from temporary device: Tap, DoubleClick, Input, Scroll, DragAndDrop, KeyboardPress, LongPress, PullGesture, ClearInput, RunAdbShell, Launch, AndroidBackButton, AndroidHomeButton, AndroidRecentAppsButton
[2026-02-13T14:44:28.453+08:00] Total tools prepared: 17
[2026-02-13T14:44:28.466+08:00] Registered 17 tools
[2026-02-13T14:44:31.176+08:00] Action space from temporary device: Tap, RightClick, Hover, Input, KeyboardPress, Scroll, DragAndDrop, Swipe
[2026-02-13T14:44:31.201+08:00] Total tools prepared: 12
[2026-02-13T14:44:31.202+08:00] Registered 12 tools
[2026-02-13T14:44:31.182+08:00] Action space from temporary device: Tap, RightClick, Hover, Input, KeyboardPress, Scroll, DragAndDrop, Swipe
[2026-02-13T14:44:31.209+08:00] Total tools prepared: 12
[2026-02-13T14:44:31.210+08:00] Registered 12 tools
[2026-02-13T14:47:57.937+08:00] Agent not available yet, using temporary device for action space
[2026-02-13T14:47:57.938+08:00] Action space from temporary device: Tap, DoubleClick, Input, Scroll, DragAndDrop, KeyboardPress, LongPress, PullGesture, ClearInput, RunAdbShell, Launch, AndroidBackButton, AndroidHomeButton, AndroidRecentAppsButton
[2026-02-13T14:47:57.942+08:00] Total tools prepared: 17
[2026-02-13T14:47:57.944+08:00] Registered 17 tools
[2026-02-13T14:47:58.106+08:00] Agent not available yet, using temporary device for action space
[2026-02-13T14:47:58.107+08:00] Action space from temporary device: Tap, DoubleClick, Input, Scroll, DragAndDrop, KeyboardPress, LongPress, PullGesture, ClearInput, RunAdbShell, Launch, AndroidBackButton, AndroidHomeButton, AndroidRecentAppsButton
[2026-02-13T14:47:58.111+08:00] Total tools prepared: 17
[2026-02-13T14:47:58.112+08:00] Registered 17 tools
[2026-02-13T14:48:01.097+08:00] Action space from temporary device: Tap, RightClick, Hover, Input, KeyboardPress, Scroll, DragAndDrop, Swipe
[2026-02-13T14:48:01.121+08:00] Total tools prepared: 12
[2026-02-13T14:48:01.122+08:00] Registered 12 tools
[2026-02-13T14:48:01.103+08:00] Action space from temporary device: Tap, RightClick, Hover, Input, KeyboardPress, Scroll, DragAndDrop, Swipe
[2026-02-13T14:48:01.128+08:00] Total tools prepared: 12
[2026-02-13T14:48:01.128+08:00] Registered 12 tools
[2026-02-13T14:52:07.648+08:00] Agent not available yet, using temporary device for action space
[2026-02-13T14:52:07.649+08:00] Action space from temporary device: Tap, DoubleClick, Input, Scroll, DragAndDrop, KeyboardPress, LongPress, PullGesture, ClearInput, RunAdbShell, Launch, AndroidBackButton, AndroidHomeButton, AndroidRecentAppsButton
[2026-02-13T14:52:07.653+08:00] Total tools prepared: 17
[2026-02-13T14:52:07.654+08:00] Registered 17 tools
[2026-02-13T14:52:07.963+08:00] Agent not available yet, using temporary device for action space
[2026-02-13T14:52:07.964+08:00] Action space from temporary device: Tap, DoubleClick, Input, Scroll, DragAndDrop, KeyboardPress, LongPress, PullGesture, ClearInput, RunAdbShell, Launch, AndroidBackButton, AndroidHomeButton, AndroidRecentAppsButton
[2026-02-13T14:52:07.968+08:00] Total tools prepared: 17
[2026-02-13T14:52:07.969+08:00] Registered 17 tools
[2026-02-13T14:52:10.917+08:00] Action space from temporary device: Tap, RightClick, Hover, Input, KeyboardPress, Scroll, DragAndDrop, Swipe
[2026-02-13T14:52:10.942+08:00] Total tools prepared: 12
[2026-02-13T14:52:10.943+08:00] Registered 12 tools
[2026-02-13T14:52:11.031+08:00] Action space from temporary device: Tap, RightClick, Hover, Input, KeyboardPress, Scroll, DragAndDrop, Swipe
[2026-02-13T14:52:11.058+08:00] Total tools prepared: 12
[2026-02-13T14:52:11.058+08:00] Registered 12 tools
[2026-02-13T14:55:40.250+08:00] Agent not available yet, using temporary device for action space
[2026-02-13T14:55:40.251+08:00] Action space from temporary device: Tap, DoubleClick, Input, Scroll, DragAndDrop, KeyboardPress, LongPress, PullGesture, ClearInput, RunAdbShell, Launch, AndroidBackButton, AndroidHomeButton, AndroidRecentAppsButton
[2026-02-13T14:55:40.254+08:00] Total tools prepared: 17
[2026-02-13T14:55:40.256+08:00] Registered 17 tools
[2026-02-13T14:55:40.358+08:00] Agent not available yet, using temporary device for action space
[2026-02-13T14:55:40.359+08:00] Action space from temporary device: Tap, DoubleClick, Input, Scroll, DragAndDrop, KeyboardPress, LongPress, PullGesture, ClearInput, RunAdbShell, Launch, AndroidBackButton, AndroidHomeButton, AndroidRecentAppsButton
[2026-02-13T14:55:40.363+08:00] Total tools prepared: 17
[2026-02-13T14:55:40.364+08:00] Registered 17 tools
[2026-02-13T14:55:43.175+08:00] Action space from temporary device: Tap, RightClick, Hover, Input, KeyboardPress, Scroll, DragAndDrop, Swipe
[2026-02-13T14:55:43.200+08:00] Total tools prepared: 12
[2026-02-13T14:55:43.201+08:00] Registered 12 tools
[2026-02-13T14:55:43.178+08:00] Action space from temporary device: Tap, RightClick, Hover, Input, KeyboardPress, Scroll, DragAndDrop, Swipe
[2026-02-13T14:55:43.203+08:00] Total tools prepared: 12
[2026-02-13T14:55:43.203+08:00] Registered 12 tools
[2026-02-13T14:57:33.174+08:00] Agent not available yet, using temporary device for action space
[2026-02-13T14:57:33.175+08:00] Action space from temporary device: Tap, DoubleClick, Input, Scroll, DragAndDrop, KeyboardPress, LongPress, PullGesture, ClearInput, RunAdbShell, Launch, AndroidBackButton, AndroidHomeButton, AndroidRecentAppsButton
[2026-02-13T14:57:33.179+08:00] Total tools prepared: 17
[2026-02-13T14:57:33.180+08:00] Registered 17 tools
[2026-02-13T14:57:33.388+08:00] Agent not available yet, using temporary device for action space
[2026-02-13T14:57:33.390+08:00] Action space from temporary device: Tap, DoubleClick, Input, Scroll, DragAndDrop, KeyboardPress, LongPress, PullGesture, ClearInput, RunAdbShell, Launch, AndroidBackButton, AndroidHomeButton, AndroidRecentAppsButton
[2026-02-13T14:57:33.393+08:00] Total tools prepared: 17
[2026-02-13T14:57:33.394+08:00] Registered 17 tools
[2026-02-13T14:57:36.127+08:00] Action space from temporary device: Tap, RightClick, Hover, Input, KeyboardPress, Scroll, DragAndDrop, Swipe
[2026-02-13T14:57:36.152+08:00] Total tools prepared: 12
[2026-02-13T14:57:36.153+08:00] Registered 12 tools
[2026-02-13T14:57:36.138+08:00] Action space from temporary device: Tap, RightClick, Hover, Input, KeyboardPress, Scroll, DragAndDrop, Swipe
[2026-02-13T14:57:36.163+08:00] Total tools prepared: 12
[2026-02-13T14:57:36.164+08:00] Registered 12 tools
[2026-02-13T15:00:07.178+08:00] Agent not available yet, using temporary device for action space
[2026-02-13T15:00:07.182+08:00] Action space from temporary device: Tap, DoubleClick, Input, Scroll, DragAndDrop, KeyboardPress, LongPress, PullGesture, ClearInput, RunAdbShell, Launch, AndroidBackButton, AndroidHomeButton, AndroidRecentAppsButton
[2026-02-13T15:00:07.186+08:00] Total tools prepared: 17
[2026-02-13T15:00:07.187+08:00] Registered 17 tools
[2026-02-13T15:00:07.407+08:00] Agent not available yet, using temporary device for action space
[2026-02-13T15:00:07.408+08:00] Action space from temporary device: Tap, DoubleClick, Input, Scroll, DragAndDrop, KeyboardPress, LongPress, PullGesture, ClearInput, RunAdbShell, Launch, AndroidBackButton, AndroidHomeButton, AndroidRecentAppsButton
[2026-02-13T15:00:07.413+08:00] Total tools prepared: 17
[2026-02-13T15:00:07.414+08:00] Registered 17 tools
[2026-02-13T15:00:09.998+08:00] Action space from temporary device: Tap, RightClick, Hover, Input, KeyboardPress, Scroll, DragAndDrop, Swipe
[2026-02-13T15:00:10.025+08:00] Total tools prepared: 12
[2026-02-13T15:00:10.026+08:00] Registered 12 tools
[2026-02-13T15:00:10.104+08:00] Action space from temporary device: Tap, RightClick, Hover, Input, KeyboardPress, Scroll, DragAndDrop, Swipe
[2026-02-13T15:00:10.132+08:00] Total tools prepared: 12
[2026-02-13T15:00:10.132+08:00] Registered 12 tools
[2026-02-13T16:04:36.196+08:00] Agent not available yet, using temporary device for action space
[2026-02-13T16:04:36.201+08:00] Action space from temporary device: Tap, DoubleClick, Input, Scroll, DragAndDrop, KeyboardPress, LongPress, PullGesture, ClearInput, RunAdbShell, Launch, AndroidBackButton, AndroidHomeButton, AndroidRecentAppsButton
[2026-02-13T16:04:36.211+08:00] Total tools prepared: 17
[2026-02-13T16:04:36.216+08:00] Registered 17 tools
[2026-02-13T16:04:36.230+08:00] Agent not available yet, using temporary device for action space
[2026-02-13T16:04:36.231+08:00] Action space from temporary device: Tap, DoubleClick, Input, Scroll, DragAndDrop, KeyboardPress, LongPress, PullGesture, ClearInput, RunAdbShell, Launch, AndroidBackButton, AndroidHomeButton, AndroidRecentAppsButton
[2026-02-13T16:04:36.235+08:00] Total tools prepared: 17
[2026-02-13T16:04:36.236+08:00] Registered 17 tools
[2026-02-13T16:05:18.419+08:00] Agent not available yet, using temporary device for action space
[2026-02-13T16:05:18.420+08:00] Action space from temporary device: Tap, DoubleClick, Input, Scroll, DragAndDrop, KeyboardPress, LongPress, PullGesture, ClearInput, RunAdbShell, Launch, AndroidBackButton, AndroidHomeButton, AndroidRecentAppsButton
[2026-02-13T16:05:18.424+08:00] Total tools prepared: 17
[2026-02-13T16:05:18.425+08:00] Registered 17 tools
[2026-02-13T16:05:18.511+08:00] Agent not available yet, using temporary device for action space
[2026-02-13T16:05:18.512+08:00] Action space from temporary device: Tap, DoubleClick, Input, Scroll, DragAndDrop, KeyboardPress, LongPress, PullGesture, ClearInput, RunAdbShell, Launch, AndroidBackButton, AndroidHomeButton, AndroidRecentAppsButton
[2026-02-13T16:05:18.518+08:00] Total tools prepared: 17
[2026-02-13T16:05:18.519+08:00] Registered 17 tools
[2026-02-13T16:05:52.239+08:00] Agent not available yet, using temporary device for action space
[2026-02-13T16:05:52.240+08:00] Action space from temporary device: Tap, DoubleClick, Input, Scroll, DragAndDrop, KeyboardPress, LongPress, PullGesture, ClearInput, RunAdbShell, Launch, AndroidBackButton, AndroidHomeButton, AndroidRecentAppsButton
[2026-02-13T16:05:52.247+08:00] Total tools prepared: 17
[2026-02-13T16:05:52.248+08:00] Registered 17 tools
[2026-02-13T16:05:52.460+08:00] Agent not available yet, using temporary device for action space
[2026-02-13T16:05:52.462+08:00] Action space from temporary device: Tap, DoubleClick, Input, Scroll, DragAndDrop, KeyboardPress, LongPress, PullGesture, ClearInput, RunAdbShell, Launch, AndroidBackButton, AndroidHomeButton, AndroidRecentAppsButton
[2026-02-13T16:05:52.469+08:00] Total tools prepared: 17
[2026-02-13T16:05:52.471+08:00] Registered 17 tools
[2026-02-13T16:05:55.391+08:00] Action space from temporary device: Tap, RightClick, Hover, Input, KeyboardPress, Scroll, DragAndDrop, Swipe
[2026-02-13T16:05:55.416+08:00] Total tools prepared: 12
[2026-02-13T16:05:55.416+08:00] Registered 12 tools
[2026-02-13T16:05:55.401+08:00] Action space from temporary device: Tap, RightClick, Hover, Input, KeyboardPress, Scroll, DragAndDrop, Swipe
[2026-02-13T16:05:55.426+08:00] Total tools prepared: 12
[2026-02-13T16:05:55.427+08:00] Registered 12 tools
[2026-02-13T16:12:36.283+08:00] Agent not available yet, using temporary device for action space
[2026-02-13T16:12:36.284+08:00] Action space from temporary device: Tap, DoubleClick, Input, Scroll, DragAndDrop, KeyboardPress, LongPress, PullGesture, ClearInput, RunAdbShell, Launch, AndroidBackButton, AndroidHomeButton, AndroidRecentAppsButton
[2026-02-13T16:12:36.288+08:00] Total tools prepared: 17
[2026-02-13T16:12:36.290+08:00] Registered 17 tools
[2026-02-13T16:12:36.426+08:00] Agent not available yet, using temporary device for action space
[2026-02-13T16:12:36.427+08:00] Action space from temporary device: Tap, DoubleClick, Input, Scroll, DragAndDrop, KeyboardPress, LongPress, PullGesture, ClearInput, RunAdbShell, Launch, AndroidBackButton, AndroidHomeButton, AndroidRecentAppsButton
[2026-02-13T16:12:36.431+08:00] Total tools prepared: 17
[2026-02-13T16:12:36.432+08:00] Registered 17 tools
[2026-02-13T16:12:39.439+08:00] Action space from temporary device: Tap, RightClick, Hover, Input, KeyboardPress, Scroll, DragAndDrop, Swipe
[2026-02-13T16:12:39.464+08:00] Total tools prepared: 12
[2026-02-13T16:12:39.465+08:00] Registered 12 tools
[2026-02-13T16:12:39.439+08:00] Action space from temporary device: Tap, RightClick, Hover, Input, KeyboardPress, Scroll, DragAndDrop, Swipe
[2026-02-13T16:12:39.464+08:00] Total tools prepared: 12
[2026-02-13T16:12:39.465+08:00] Registered 12 tools
[2026-02-13T16:29:37.160+08:00] Agent not available yet, using temporary device for action space
[2026-02-13T16:29:37.161+08:00] Action space from temporary device: Tap, DoubleClick, Input, Scroll, DragAndDrop, KeyboardPress, LongPress, PullGesture, ClearInput, RunAdbShell, Launch, AndroidBackButton, AndroidHomeButton, AndroidRecentAppsButton
[2026-02-13T16:29:37.165+08:00] Total tools prepared: 17
[2026-02-13T16:29:37.166+08:00] Registered 17 tools
[2026-02-13T16:29:37.243+08:00] Agent not available yet, using temporary device for action space
[2026-02-13T16:29:37.244+08:00] Action space from temporary device: Tap, DoubleClick, Input, Scroll, DragAndDrop, KeyboardPress, LongPress, PullGesture, ClearInput, RunAdbShell, Launch, AndroidBackButton, AndroidHomeButton, AndroidRecentAppsButton
[2026-02-13T16:29:37.248+08:00] Total tools prepared: 17
[2026-02-13T16:29:37.249+08:00] Registered 17 tools
[2026-02-13T16:29:40.414+08:00] Action space from temporary device: Tap, RightClick, Hover, Input, KeyboardPress, Scroll, DragAndDrop, Swipe
[2026-02-13T16:29:40.439+08:00] Total tools prepared: 12
[2026-02-13T16:29:40.439+08:00] Registered 12 tools
[2026-02-13T16:29:40.415+08:00] Action space from temporary device: Tap, RightClick, Hover, Input, KeyboardPress, Scroll, DragAndDrop, Swipe
[2026-02-13T16:29:40.439+08:00] Total tools prepared: 12
[2026-02-13T16:29:40.439+08:00] Registered 12 tools
[2026-02-13T16:45:10.928+08:00] Agent not available yet, using temporary device for action space
[2026-02-13T16:45:10.931+08:00] Action space from temporary device: Tap, DoubleClick, Input, Scroll, DragAndDrop, KeyboardPress, LongPress, PullGesture, ClearInput, RunAdbShell, Launch, AndroidBackButton, AndroidHomeButton, AndroidRecentAppsButton
[2026-02-13T16:45:10.943+08:00] Total tools prepared: 17
[2026-02-13T16:45:10.944+08:00] Registered 17 tools
[2026-02-13T16:45:11.053+08:00] Agent not available yet, using temporary device for action space
[2026-02-13T16:45:11.054+08:00] Action space from temporary device: Tap, DoubleClick, Input, Scroll, DragAndDrop, KeyboardPress, LongPress, PullGesture, ClearInput, RunAdbShell, Launch, AndroidBackButton, AndroidHomeButton, AndroidRecentAppsButton
[2026-02-13T16:45:11.058+08:00] Total tools prepared: 17
[2026-02-13T16:45:11.059+08:00] Registered 17 tools
[2026-02-13T17:05:01.359+08:00] Agent not available yet, using temporary device for action space
[2026-02-13T17:05:01.360+08:00] Action space from temporary device: Tap, DoubleClick, Input, Scroll, DragAndDrop, KeyboardPress, LongPress, PullGesture, ClearInput, RunAdbShell, Launch, AndroidBackButton, AndroidHomeButton, AndroidRecentAppsButton
[2026-02-13T17:05:01.365+08:00] Total tools prepared: 17
[2026-02-13T17:05:01.366+08:00] Registered 17 tools
[2026-02-13T17:05:01.484+08:00] Agent not available yet, using temporary device for action space
[2026-02-13T17:05:01.485+08:00] Action space from temporary device: Tap, DoubleClick, Input, Scroll, DragAndDrop, KeyboardPress, LongPress, PullGesture, ClearInput, RunAdbShell, Launch, AndroidBackButton, AndroidHomeButton, AndroidRecentAppsButton
[2026-02-13T17:05:01.489+08:00] Total tools prepared: 17
[2026-02-13T17:05:01.490+08:00] Registered 17 tools
[2026-02-13T17:05:05.742+08:00] Action space from temporary device: Tap, RightClick, Hover, Input, KeyboardPress, Scroll, DragAndDrop, Swipe
[2026-02-13T17:05:05.771+08:00] Total tools prepared: 12
[2026-02-13T17:05:05.772+08:00] Registered 12 tools
[2026-02-13T17:05:05.810+08:00] Action space from temporary device: Tap, RightClick, Hover, Input, KeyboardPress, Scroll, DragAndDrop, Swipe
[2026-02-13T17:05:05.838+08:00] Total tools prepared: 12
[2026-02-13T17:05:05.839+08:00] Registered 12 tools
[2026-02-13T17:06:52.368+08:00] Agent not available yet, using temporary device for action space
[2026-02-13T17:06:52.369+08:00] Action space from temporary device: Tap, DoubleClick, Input, Scroll, DragAndDrop, KeyboardPress, LongPress, PullGesture, ClearInput, RunAdbShell, Launch, AndroidBackButton, AndroidHomeButton, AndroidRecentAppsButton
[2026-02-13T17:06:52.373+08:00] Total tools prepared: 17
[2026-02-13T17:06:52.374+08:00] Registered 17 tools
[2026-02-13T17:06:52.478+08:00] Agent not available yet, using temporary device for action space
[2026-02-13T17:06:52.479+08:00] Action space from temporary device: Tap, DoubleClick, Input, Scroll, DragAndDrop, KeyboardPress, LongPress, PullGesture, ClearInput, RunAdbShell, Launch, AndroidBackButton, AndroidHomeButton, AndroidRecentAppsButton
[2026-02-13T17:06:52.483+08:00] Total tools prepared: 17
[2026-02-13T17:06:52.484+08:00] Registered 17 tools
[2026-02-13T17:07:47.504+08:00] Agent not available yet, using temporary device for action space
[2026-02-13T17:07:47.506+08:00] Action space from temporary device: Tap, DoubleClick, Input, Scroll, DragAndDrop, KeyboardPress, LongPress, PullGesture, ClearInput, RunAdbShell, Launch, AndroidBackButton, AndroidHomeButton, AndroidRecentAppsButton
[2026-02-13T17:07:47.511+08:00] Total tools prepared: 17
[2026-02-13T17:07:47.512+08:00] Registered 17 tools
[2026-02-13T17:07:47.714+08:00] Agent not available yet, using temporary device for action space
[2026-02-13T17:07:47.715+08:00] Action space from temporary device: Tap, DoubleClick, Input, Scroll, DragAndDrop, KeyboardPress, LongPress, PullGesture, ClearInput, RunAdbShell, Launch, AndroidBackButton, AndroidHomeButton, AndroidRecentAppsButton
[2026-02-13T17:07:47.719+08:00] Total tools prepared: 17
[2026-02-13T17:07:47.720+08:00] Registered 17 tools
[2026-02-13T17:07:51.664+08:00] Action space from temporary device: Tap, RightClick, Hover, Input, KeyboardPress, Scroll, DragAndDrop, Swipe
[2026-02-13T17:07:51.689+08:00] Total tools prepared: 12
[2026-02-13T17:07:51.689+08:00] Registered 12 tools
[2026-02-13T17:07:51.700+08:00] Action space from temporary device: Tap, RightClick, Hover, Input, KeyboardPress, Scroll, DragAndDrop, Swipe
[2026-02-13T17:07:51.726+08:00] Total tools prepared: 12
[2026-02-13T17:07:51.727+08:00] Registered 12 tools
[2026-02-13T17:12:14.779+08:00] Agent not available yet, using temporary device for action space
[2026-02-13T17:12:14.780+08:00] Action space from temporary device: Tap, DoubleClick, Input, Scroll, DragAndDrop, KeyboardPress, LongPress, PullGesture, ClearInput, RunAdbShell, Launch, AndroidBackButton, AndroidHomeButton, AndroidRecentAppsButton
[2026-02-13T17:12:14.783+08:00] Total tools prepared: 17
[2026-02-13T17:12:14.784+08:00] Registered 17 tools
[2026-02-13T17:12:14.918+08:00] Agent not available yet, using temporary device for action space
[2026-02-13T17:12:14.919+08:00] Action space from temporary device: Tap, DoubleClick, Input, Scroll, DragAndDrop, KeyboardPress, LongPress, PullGesture, ClearInput, RunAdbShell, Launch, AndroidBackButton, AndroidHomeButton, AndroidRecentAppsButton
[2026-02-13T17:12:14.923+08:00] Total tools prepared: 17
[2026-02-13T17:12:14.924+08:00] Registered 17 tools
[2026-02-13T17:12:18.899+08:00] Action space from temporary device: Tap, RightClick, Hover, Input, KeyboardPress, Scroll, DragAndDrop, Swipe
[2026-02-13T17:12:18.924+08:00] Total tools prepared: 12
[2026-02-13T17:12:18.925+08:00] Registered 12 tools
[2026-02-13T17:12:18.907+08:00] Action space from temporary device: Tap, RightClick, Hover, Input, KeyboardPress, Scroll, DragAndDrop, Swipe
[2026-02-13T17:12:18.932+08:00] Total tools prepared: 12
[2026-02-13T17:12:18.933+08:00] Registered 12 tools
[2026-02-13T17:54:28.933+08:00] Agent not available yet, using temporary device for action space
[2026-02-13T17:54:28.934+08:00] Action space from temporary device: Tap, DoubleClick, Input, Scroll, DragAndDrop, KeyboardPress, LongPress, PullGesture, ClearInput, RunAdbShell, Launch, AndroidBackButton, AndroidHomeButton, AndroidRecentAppsButton
[2026-02-13T17:54:28.939+08:00] Total tools prepared: 17
[2026-02-13T17:54:28.939+08:00] Registered 17 tools
[2026-02-13T17:54:28.961+08:00] Agent not available yet, using temporary device for action space
[2026-02-13T17:54:28.962+08:00] Action space from temporary device: Tap, DoubleClick, Input, Scroll, DragAndDrop, KeyboardPress, LongPress, PullGesture, ClearInput, RunAdbShell, Launch, AndroidBackButton, AndroidHomeButton, AndroidRecentAppsButton
[2026-02-13T17:54:28.968+08:00] Total tools prepared: 17
[2026-02-13T17:54:28.970+08:00] Registered 17 tools
[2026-02-13T17:54:33.091+08:00] Action space from temporary device: Tap, RightClick, Hover, Input, KeyboardPress, Scroll, DragAndDrop, Swipe
[2026-02-13T17:54:33.116+08:00] Total tools prepared: 12
[2026-02-13T17:54:33.117+08:00] Registered 12 tools
[2026-02-13T17:54:33.097+08:00] Action space from temporary device: Tap, RightClick, Hover, Input, KeyboardPress, Scroll, DragAndDrop, Swipe
[2026-02-13T17:54:33.122+08:00] Total tools prepared: 12
[2026-02-13T17:54:33.122+08:00] Registered 12 tools
