[2026-02-12T19:32:43.817+08:00] actionInActionSpace matched {
  name: 'Tap',
  description: 'Tap the element',
  interfaceAlias: 'aiTap',
  paramSchema: ZodObject {
    spa: [Function: bound safeParseAsync] AsyncFunction,
    _def: {
      shape: [Function: shape],
      unknownKeys: 'strip',
      catchall: [ZodNever],
      typeName: 'ZodObject'
    },
    parse: [Function: bound parse],
    safeParse: [Function: bound safeParse],
    parseAsync: [Function: bound parseAsync] AsyncFunction,
    safeParseAsync: [Function: bound safeParseAsync] AsyncFunction,
    refine: [Function: bound refine],
    refinement: [Function: bound refinement],
    superRefine: [Function: bound superRefine],
    optional: [Function: bound optional],
    nullable: [Function: bound nullable],
    nullish: [Function: bound nullish],
    array: [Function: bound array],
    promise: [Function: bound promise],
    or: [Function: bound or],
    and: [Function: bound and],
    transform: [Function: bound transform],
    brand: [Function: bound brand],
    default: [Function: bound default],
    catch: [Function: bound catch],
    describe: [Function: bound describe],
    pipe: [Function: bound pipe],
    readonly: [Function: bound readonly],
    isNullable: [Function: bound isNullable],
    isOptional: [Function: bound isOptional],
    '~standard': { version: 1, vendor: 'zod', validate: [Function: validate] },
    _cached: null,
    nonstrict: [Function: passthrough],
    augment: [Function: extend]
  },
  call: [AsyncFunction (anonymous)]
}
[2026-02-12T19:32:43.817+08:00] locateFields [ 'locate' ]
[2026-02-12T19:32:54.971+08:00] goal completed via complete-goal tag, stop planning
[2026-02-12T19:33:12.363+08:00] actionInActionSpace matched {
  name: 'Launch',
  description: 'Launch an Android app or URL',
  interfaceAlias: 'launch',
  paramSchema: ZodObject {
    spa: [Function: bound safeParseAsync] AsyncFunction,
    _def: {
      shape: [Function: shape],
      unknownKeys: 'strip',
      catchall: [ZodNever],
      typeName: 'ZodObject'
    },
    parse: [Function: bound parse],
    safeParse: [Function: bound safeParse],
    parseAsync: [Function: bound parseAsync] AsyncFunction,
    safeParseAsync: [Function: bound safeParseAsync] AsyncFunction,
    refine: [Function: bound refine],
    refinement: [Function: bound refinement],
    superRefine: [Function: bound superRefine],
    optional: [Function: bound optional],
    nullable: [Function: bound nullable],
    nullish: [Function: bound nullish],
    array: [Function: bound array],
    promise: [Function: bound promise],
    or: [Function: bound or],
    and: [Function: bound and],
    transform: [Function: bound transform],
    brand: [Function: bound brand],
    default: [Function: bound default],
    catch: [Function: bound catch],
    describe: [Function: bound describe],
    pipe: [Function: bound pipe],
    readonly: [Function: bound readonly],
    isNullable: [Function: bound isNullable],
    isOptional: [Function: bound isOptional],
    '~standard': { version: 1, vendor: 'zod', validate: [Function: validate] },
    _cached: null,
    nonstrict: [Function: passthrough],
    augment: [Function: extend]
  },
  call: [AsyncFunction: call]
}
[2026-02-12T19:33:12.363+08:00] locateFields []
[2026-02-12T19:33:19.137+08:00] goal completed via complete-goal tag, stop planning
[2026-02-12T19:33:33.370+08:00] actionInActionSpace matched {
  name: 'Tap',
  description: 'Tap the element',
  interfaceAlias: 'aiTap',
  paramSchema: ZodObject {
    spa: [Function: bound safeParseAsync] AsyncFunction,
    _def: {
      shape: [Function: shape],
      unknownKeys: 'strip',
      catchall: [ZodNever],
      typeName: 'ZodObject'
    },
    parse: [Function: bound parse],
    safeParse: [Function: bound safeParse],
    parseAsync: [Function: bound parseAsync] AsyncFunction,
    safeParseAsync: [Function: bound safeParseAsync] AsyncFunction,
    refine: [Function: bound refine],
    refinement: [Function: bound refinement],
    superRefine: [Function: bound superRefine],
    optional: [Function: bound optional],
    nullable: [Function: bound nullable],
    nullish: [Function: bound nullish],
    array: [Function: bound array],
    promise: [Function: bound promise],
    or: [Function: bound or],
    and: [Function: bound and],
    transform: [Function: bound transform],
    brand: [Function: bound brand],
    default: [Function: bound default],
    catch: [Function: bound catch],
    describe: [Function: bound describe],
    pipe: [Function: bound pipe],
    readonly: [Function: bound readonly],
    isNullable: [Function: bound isNullable],
    isOptional: [Function: bound isOptional],
    '~standard': { version: 1, vendor: 'zod', validate: [Function: validate] },
    _cached: { shape: [Object], keys: [Array] },
    nonstrict: [Function: passthrough],
    augment: [Function: extend]
  },
  call: [AsyncFunction (anonymous)]
}
[2026-02-12T19:33:33.371+08:00] locateFields [ 'locate' ]
[2026-02-12T19:33:38.849+08:00] actionInActionSpace matched {
  name: 'Tap',
  description: 'Tap the element',
  interfaceAlias: 'aiTap',
  paramSchema: ZodObject {
    spa: [Function: bound safeParseAsync] AsyncFunction,
    _def: {
      shape: [Function: shape],
      unknownKeys: 'strip',
      catchall: [ZodNever],
      typeName: 'ZodObject'
    },
    parse: [Function: bound parse],
    safeParse: [Function: bound safeParse],
    parseAsync: [Function: bound parseAsync] AsyncFunction,
    safeParseAsync: [Function: bound safeParseAsync] AsyncFunction,
    refine: [Function: bound refine],
    refinement: [Function: bound refinement],
    superRefine: [Function: bound superRefine],
    optional: [Function: bound optional],
    nullable: [Function: bound nullable],
    nullish: [Function: bound nullish],
    array: [Function: bound array],
    promise: [Function: bound promise],
    or: [Function: bound or],
    and: [Function: bound and],
    transform: [Function: bound transform],
    brand: [Function: bound brand],
    default: [Function: bound default],
    catch: [Function: bound catch],
    describe: [Function: bound describe],
    pipe: [Function: bound pipe],
    readonly: [Function: bound readonly],
    isNullable: [Function: bound isNullable],
    isOptional: [Function: bound isOptional],
    '~standard': { version: 1, vendor: 'zod', validate: [Function: validate] },
    _cached: { shape: [Object], keys: [Array] },
    nonstrict: [Function: passthrough],
    augment: [Function: extend]
  },
  call: [AsyncFunction (anonymous)]
}
[2026-02-12T19:33:38.849+08:00] locateFields [ 'locate' ]
[2026-02-12T19:33:45.660+08:00] actionInActionSpace matched {
  name: 'Tap',
  description: 'Tap the element',
  interfaceAlias: 'aiTap',
  paramSchema: ZodObject {
    spa: [Function: bound safeParseAsync] AsyncFunction,
    _def: {
      shape: [Function: shape],
      unknownKeys: 'strip',
      catchall: [ZodNever],
      typeName: 'ZodObject'
    },
    parse: [Function: bound parse],
    safeParse: [Function: bound safeParse],
    parseAsync: [Function: bound parseAsync] AsyncFunction,
    safeParseAsync: [Function: bound safeParseAsync] AsyncFunction,
    refine: [Function: bound refine],
    refinement: [Function: bound refinement],
    superRefine: [Function: bound superRefine],
    optional: [Function: bound optional],
    nullable: [Function: bound nullable],
    nullish: [Function: bound nullish],
    array: [Function: bound array],
    promise: [Function: bound promise],
    or: [Function: bound or],
    and: [Function: bound and],
    transform: [Function: bound transform],
    brand: [Function: bound brand],
    default: [Function: bound default],
    catch: [Function: bound catch],
    describe: [Function: bound describe],
    pipe: [Function: bound pipe],
    readonly: [Function: bound readonly],
    isNullable: [Function: bound isNullable],
    isOptional: [Function: bound isOptional],
    '~standard': { version: 1, vendor: 'zod', validate: [Function: validate] },
    _cached: { shape: [Object], keys: [Array] },
    nonstrict: [Function: passthrough],
    augment: [Function: extend]
  },
  call: [AsyncFunction (anonymous)]
}
[2026-02-12T19:33:45.660+08:00] locateFields [ 'locate' ]
[2026-02-12T19:33:57.334+08:00] actionInActionSpace matched {
  name: 'Tap',
  description: 'Tap the element',
  interfaceAlias: 'aiTap',
  paramSchema: ZodObject {
    spa: [Function: bound safeParseAsync] AsyncFunction,
    _def: {
      shape: [Function: shape],
      unknownKeys: 'strip',
      catchall: [ZodNever],
      typeName: 'ZodObject'
    },
    parse: [Function: bound parse],
    safeParse: [Function: bound safeParse],
    parseAsync: [Function: bound parseAsync] AsyncFunction,
    safeParseAsync: [Function: bound safeParseAsync] AsyncFunction,
    refine: [Function: bound refine],
    refinement: [Function: bound refinement],
    superRefine: [Function: bound superRefine],
    optional: [Function: bound optional],
    nullable: [Function: bound nullable],
    nullish: [Function: bound nullish],
    array: [Function: bound array],
    promise: [Function: bound promise],
    or: [Function: bound or],
    and: [Function: bound and],
    transform: [Function: bound transform],
    brand: [Function: bound brand],
    default: [Function: bound default],
    catch: [Function: bound catch],
    describe: [Function: bound describe],
    pipe: [Function: bound pipe],
    readonly: [Function: bound readonly],
    isNullable: [Function: bound isNullable],
    isOptional: [Function: bound isOptional],
    '~standard': { version: 1, vendor: 'zod', validate: [Function: validate] },
    _cached: { shape: [Object], keys: [Array] },
    nonstrict: [Function: passthrough],
    augment: [Function: extend]
  },
  call: [AsyncFunction (anonymous)]
}
[2026-02-12T19:33:57.334+08:00] locateFields [ 'locate' ]
[2026-02-12T19:34:03.066+08:00] actionInActionSpace matched {
  name: 'Tap',
  description: 'Tap the element',
  interfaceAlias: 'aiTap',
  paramSchema: ZodObject {
    spa: [Function: bound safeParseAsync] AsyncFunction,
    _def: {
      shape: [Function: shape],
      unknownKeys: 'strip',
      catchall: [ZodNever],
      typeName: 'ZodObject'
    },
    parse: [Function: bound parse],
    safeParse: [Function: bound safeParse],
    parseAsync: [Function: bound parseAsync] AsyncFunction,
    safeParseAsync: [Function: bound safeParseAsync] AsyncFunction,
    refine: [Function: bound refine],
    refinement: [Function: bound refinement],
    superRefine: [Function: bound superRefine],
    optional: [Function: bound optional],
    nullable: [Function: bound nullable],
    nullish: [Function: bound nullish],
    array: [Function: bound array],
    promise: [Function: bound promise],
    or: [Function: bound or],
    and: [Function: bound and],
    transform: [Function: bound transform],
    brand: [Function: bound brand],
    default: [Function: bound default],
    catch: [Function: bound catch],
    describe: [Function: bound describe],
    pipe: [Function: bound pipe],
    readonly: [Function: bound readonly],
    isNullable: [Function: bound isNullable],
    isOptional: [Function: bound isOptional],
    '~standard': { version: 1, vendor: 'zod', validate: [Function: validate] },
    _cached: { shape: [Object], keys: [Array] },
    nonstrict: [Function: passthrough],
    augment: [Function: extend]
  },
  call: [AsyncFunction (anonymous)]
}
[2026-02-12T19:34:03.066+08:00] locateFields [ 'locate' ]
[2026-02-12T19:34:07.777+08:00] actionInActionSpace matched {
  name: 'Tap',
  description: 'Tap the element',
  interfaceAlias: 'aiTap',
  paramSchema: ZodObject {
    spa: [Function: bound safeParseAsync] AsyncFunction,
    _def: {
      shape: [Function: shape],
      unknownKeys: 'strip',
      catchall: [ZodNever],
      typeName: 'ZodObject'
    },
    parse: [Function: bound parse],
    safeParse: [Function: bound safeParse],
    parseAsync: [Function: bound parseAsync] AsyncFunction,
    safeParseAsync: [Function: bound safeParseAsync] AsyncFunction,
    refine: [Function: bound refine],
    refinement: [Function: bound refinement],
    superRefine: [Function: bound superRefine],
    optional: [Function: bound optional],
    nullable: [Function: bound nullable],
    nullish: [Function: bound nullish],
    array: [Function: bound array],
    promise: [Function: bound promise],
    or: [Function: bound or],
    and: [Function: bound and],
    transform: [Function: bound transform],
    brand: [Function: bound brand],
    default: [Function: bound default],
    catch: [Function: bound catch],
    describe: [Function: bound describe],
    pipe: [Function: bound pipe],
    readonly: [Function: bound readonly],
    isNullable: [Function: bound isNullable],
    isOptional: [Function: bound isOptional],
    '~standard': { version: 1, vendor: 'zod', validate: [Function: validate] },
    _cached: { shape: [Object], keys: [Array] },
    nonstrict: [Function: passthrough],
    augment: [Function: extend]
  },
  call: [AsyncFunction (anonymous)]
}
[2026-02-12T19:34:07.778+08:00] locateFields [ 'locate' ]
[2026-02-12T19:34:13.306+08:00] actionInActionSpace matched {
  name: 'Tap',
  description: 'Tap the element',
  interfaceAlias: 'aiTap',
  paramSchema: ZodObject {
    spa: [Function: bound safeParseAsync] AsyncFunction,
    _def: {
      shape: [Function: shape],
      unknownKeys: 'strip',
      catchall: [ZodNever],
      typeName: 'ZodObject'
    },
    parse: [Function: bound parse],
    safeParse: [Function: bound safeParse],
    parseAsync: [Function: bound parseAsync] AsyncFunction,
    safeParseAsync: [Function: bound safeParseAsync] AsyncFunction,
    refine: [Function: bound refine],
    refinement: [Function: bound refinement],
    superRefine: [Function: bound superRefine],
    optional: [Function: bound optional],
    nullable: [Function: bound nullable],
    nullish: [Function: bound nullish],
    array: [Function: bound array],
    promise: [Function: bound promise],
    or: [Function: bound or],
    and: [Function: bound and],
    transform: [Function: bound transform],
    brand: [Function: bound brand],
    default: [Function: bound default],
    catch: [Function: bound catch],
    describe: [Function: bound describe],
    pipe: [Function: bound pipe],
    readonly: [Function: bound readonly],
    isNullable: [Function: bound isNullable],
    isOptional: [Function: bound isOptional],
    '~standard': { version: 1, vendor: 'zod', validate: [Function: validate] },
    _cached: { shape: [Object], keys: [Array] },
    nonstrict: [Function: passthrough],
    augment: [Function: extend]
  },
  call: [AsyncFunction (anonymous)]
}
[2026-02-12T19:34:13.306+08:00] locateFields [ 'locate' ]
[2026-02-12T19:34:19.513+08:00] actionInActionSpace matched {
  name: 'Tap',
  description: 'Tap the element',
  interfaceAlias: 'aiTap',
  paramSchema: ZodObject {
    spa: [Function: bound safeParseAsync] AsyncFunction,
    _def: {
      shape: [Function: shape],
      unknownKeys: 'strip',
      catchall: [ZodNever],
      typeName: 'ZodObject'
    },
    parse: [Function: bound parse],
    safeParse: [Function: bound safeParse],
    parseAsync: [Function: bound parseAsync] AsyncFunction,
    safeParseAsync: [Function: bound safeParseAsync] AsyncFunction,
    refine: [Function: bound refine],
    refinement: [Function: bound refinement],
    superRefine: [Function: bound superRefine],
    optional: [Function: bound optional],
    nullable: [Function: bound nullable],
    nullish: [Function: bound nullish],
    array: [Function: bound array],
    promise: [Function: bound promise],
    or: [Function: bound or],
    and: [Function: bound and],
    transform: [Function: bound transform],
    brand: [Function: bound brand],
    default: [Function: bound default],
    catch: [Function: bound catch],
    describe: [Function: bound describe],
    pipe: [Function: bound pipe],
    readonly: [Function: bound readonly],
    isNullable: [Function: bound isNullable],
    isOptional: [Function: bound isOptional],
    '~standard': { version: 1, vendor: 'zod', validate: [Function: validate] },
    _cached: { shape: [Object], keys: [Array] },
    nonstrict: [Function: passthrough],
    augment: [Function: extend]
  },
  call: [AsyncFunction (anonymous)]
}
[2026-02-12T19:34:19.513+08:00] locateFields [ 'locate' ]
[2026-02-12T19:34:31.229+08:00] actionInActionSpace matched {
  name: 'Tap',
  description: 'Tap the element',
  interfaceAlias: 'aiTap',
  paramSchema: ZodObject {
    spa: [Function: bound safeParseAsync] AsyncFunction,
    _def: {
      shape: [Function: shape],
      unknownKeys: 'strip',
      catchall: [ZodNever],
      typeName: 'ZodObject'
    },
    parse: [Function: bound parse],
    safeParse: [Function: bound safeParse],
    parseAsync: [Function: bound parseAsync] AsyncFunction,
    safeParseAsync: [Function: bound safeParseAsync] AsyncFunction,
    refine: [Function: bound refine],
    refinement: [Function: bound refinement],
    superRefine: [Function: bound superRefine],
    optional: [Function: bound optional],
    nullable: [Function: bound nullable],
    nullish: [Function: bound nullish],
    array: [Function: bound array],
    promise: [Function: bound promise],
    or: [Function: bound or],
    and: [Function: bound and],
    transform: [Function: bound transform],
    brand: [Function: bound brand],
    default: [Function: bound default],
    catch: [Function: bound catch],
    describe: [Function: bound describe],
    pipe: [Function: bound pipe],
    readonly: [Function: bound readonly],
    isNullable: [Function: bound isNullable],
    isOptional: [Function: bound isOptional],
    '~standard': { version: 1, vendor: 'zod', validate: [Function: validate] },
    _cached: { shape: [Object], keys: [Array] },
    nonstrict: [Function: passthrough],
    augment: [Function: extend]
  },
  call: [AsyncFunction (anonymous)]
}
[2026-02-12T19:34:31.229+08:00] locateFields [ 'locate' ]
[2026-02-12T19:34:36.242+08:00] actionInActionSpace matched {
  name: 'Tap',
  description: 'Tap the element',
  interfaceAlias: 'aiTap',
  paramSchema: ZodObject {
    spa: [Function: bound safeParseAsync] AsyncFunction,
    _def: {
      shape: [Function: shape],
      unknownKeys: 'strip',
      catchall: [ZodNever],
      typeName: 'ZodObject'
    },
    parse: [Function: bound parse],
    safeParse: [Function: bound safeParse],
    parseAsync: [Function: bound parseAsync] AsyncFunction,
    safeParseAsync: [Function: bound safeParseAsync] AsyncFunction,
    refine: [Function: bound refine],
    refinement: [Function: bound refinement],
    superRefine: [Function: bound superRefine],
    optional: [Function: bound optional],
    nullable: [Function: bound nullable],
    nullish: [Function: bound nullish],
    array: [Function: bound array],
    promise: [Function: bound promise],
    or: [Function: bound or],
    and: [Function: bound and],
    transform: [Function: bound transform],
    brand: [Function: bound brand],
    default: [Function: bound default],
    catch: [Function: bound catch],
    describe: [Function: bound describe],
    pipe: [Function: bound pipe],
    readonly: [Function: bound readonly],
    isNullable: [Function: bound isNullable],
    isOptional: [Function: bound isOptional],
    '~standard': { version: 1, vendor: 'zod', validate: [Function: validate] },
    _cached: { shape: [Object], keys: [Array] },
    nonstrict: [Function: passthrough],
    augment: [Function: extend]
  },
  call: [AsyncFunction (anonymous)]
}
[2026-02-12T19:34:36.242+08:00] locateFields [ 'locate' ]
[2026-02-12T19:34:41.468+08:00] actionInActionSpace matched {
  name: 'Tap',
  description: 'Tap the element',
  interfaceAlias: 'aiTap',
  paramSchema: ZodObject {
    spa: [Function: bound safeParseAsync] AsyncFunction,
    _def: {
      shape: [Function: shape],
      unknownKeys: 'strip',
      catchall: [ZodNever],
      typeName: 'ZodObject'
    },
    parse: [Function: bound parse],
    safeParse: [Function: bound safeParse],
    parseAsync: [Function: bound parseAsync] AsyncFunction,
    safeParseAsync: [Function: bound safeParseAsync] AsyncFunction,
    refine: [Function: bound refine],
    refinement: [Function: bound refinement],
    superRefine: [Function: bound superRefine],
    optional: [Function: bound optional],
    nullable: [Function: bound nullable],
    nullish: [Function: bound nullish],
    array: [Function: bound array],
    promise: [Function: bound promise],
    or: [Function: bound or],
    and: [Function: bound and],
    transform: [Function: bound transform],
    brand: [Function: bound brand],
    default: [Function: bound default],
    catch: [Function: bound catch],
    describe: [Function: bound describe],
    pipe: [Function: bound pipe],
    readonly: [Function: bound readonly],
    isNullable: [Function: bound isNullable],
    isOptional: [Function: bound isOptional],
    '~standard': { version: 1, vendor: 'zod', validate: [Function: validate] },
    _cached: { shape: [Object], keys: [Array] },
    nonstrict: [Function: passthrough],
    augment: [Function: extend]
  },
  call: [AsyncFunction (anonymous)]
}
[2026-02-12T19:34:41.468+08:00] locateFields [ 'locate' ]
[2026-02-12T19:34:47.085+08:00] actionInActionSpace matched {
  name: 'Tap',
  description: 'Tap the element',
  interfaceAlias: 'aiTap',
  paramSchema: ZodObject {
    spa: [Function: bound safeParseAsync] AsyncFunction,
    _def: {
      shape: [Function: shape],
      unknownKeys: 'strip',
      catchall: [ZodNever],
      typeName: 'ZodObject'
    },
    parse: [Function: bound parse],
    safeParse: [Function: bound safeParse],
    parseAsync: [Function: bound parseAsync] AsyncFunction,
    safeParseAsync: [Function: bound safeParseAsync] AsyncFunction,
    refine: [Function: bound refine],
    refinement: [Function: bound refinement],
    superRefine: [Function: bound superRefine],
    optional: [Function: bound optional],
    nullable: [Function: bound nullable],
    nullish: [Function: bound nullish],
    array: [Function: bound array],
    promise: [Function: bound promise],
    or: [Function: bound or],
    and: [Function: bound and],
    transform: [Function: bound transform],
    brand: [Function: bound brand],
    default: [Function: bound default],
    catch: [Function: bound catch],
    describe: [Function: bound describe],
    pipe: [Function: bound pipe],
    readonly: [Function: bound readonly],
    isNullable: [Function: bound isNullable],
    isOptional: [Function: bound isOptional],
    '~standard': { version: 1, vendor: 'zod', validate: [Function: validate] },
    _cached: { shape: [Object], keys: [Array] },
    nonstrict: [Function: passthrough],
    augment: [Function: extend]
  },
  call: [AsyncFunction (anonymous)]
}
[2026-02-12T19:34:47.085+08:00] locateFields [ 'locate' ]
[2026-02-12T19:34:51.514+08:00] actionInActionSpace matched {
  name: 'Tap',
  description: 'Tap the element',
  interfaceAlias: 'aiTap',
  paramSchema: ZodObject {
    spa: [Function: bound safeParseAsync] AsyncFunction,
    _def: {
      shape: [Function: shape],
      unknownKeys: 'strip',
      catchall: [ZodNever],
      typeName: 'ZodObject'
    },
    parse: [Function: bound parse],
    safeParse: [Function: bound safeParse],
    parseAsync: [Function: bound parseAsync] AsyncFunction,
    safeParseAsync: [Function: bound safeParseAsync] AsyncFunction,
    refine: [Function: bound refine],
    refinement: [Function: bound refinement],
    superRefine: [Function: bound superRefine],
    optional: [Function: bound optional],
    nullable: [Function: bound nullable],
    nullish: [Function: bound nullish],
    array: [Function: bound array],
    promise: [Function: bound promise],
    or: [Function: bound or],
    and: [Function: bound and],
    transform: [Function: bound transform],
    brand: [Function: bound brand],
    default: [Function: bound default],
    catch: [Function: bound catch],
    describe: [Function: bound describe],
    pipe: [Function: bound pipe],
    readonly: [Function: bound readonly],
    isNullable: [Function: bound isNullable],
    isOptional: [Function: bound isOptional],
    '~standard': { version: 1, vendor: 'zod', validate: [Function: validate] },
    _cached: { shape: [Object], keys: [Array] },
    nonstrict: [Function: passthrough],
    augment: [Function: extend]
  },
  call: [AsyncFunction (anonymous)]
}
[2026-02-12T19:34:51.514+08:00] locateFields [ 'locate' ]
[2026-02-12T19:34:58.873+08:00] actionInActionSpace matched {
  name: 'Tap',
  description: 'Tap the element',
  interfaceAlias: 'aiTap',
  paramSchema: ZodObject {
    spa: [Function: bound safeParseAsync] AsyncFunction,
    _def: {
      shape: [Function: shape],
      unknownKeys: 'strip',
      catchall: [ZodNever],
      typeName: 'ZodObject'
    },
    parse: [Function: bound parse],
    safeParse: [Function: bound safeParse],
    parseAsync: [Function: bound parseAsync] AsyncFunction,
    safeParseAsync: [Function: bound safeParseAsync] AsyncFunction,
    refine: [Function: bound refine],
    refinement: [Function: bound refinement],
    superRefine: [Function: bound superRefine],
    optional: [Function: bound optional],
    nullable: [Function: bound nullable],
    nullish: [Function: bound nullish],
    array: [Function: bound array],
    promise: [Function: bound promise],
    or: [Function: bound or],
    and: [Function: bound and],
    transform: [Function: bound transform],
    brand: [Function: bound brand],
    default: [Function: bound default],
    catch: [Function: bound catch],
    describe: [Function: bound describe],
    pipe: [Function: bound pipe],
    readonly: [Function: bound readonly],
    isNullable: [Function: bound isNullable],
    isOptional: [Function: bound isOptional],
    '~standard': { version: 1, vendor: 'zod', validate: [Function: validate] },
    _cached: { shape: [Object], keys: [Array] },
    nonstrict: [Function: passthrough],
    augment: [Function: extend]
  },
  call: [AsyncFunction (anonymous)]
}
[2026-02-12T19:34:58.873+08:00] locateFields [ 'locate' ]
[2026-02-12T19:35:00.308+08:00] actionInActionSpace matched {
  name: 'Tap',
  description: 'Tap the element',
  interfaceAlias: 'aiTap',
  paramSchema: ZodObject {
    spa: [Function: bound safeParseAsync] AsyncFunction,
    _def: {
      shape: [Function: shape],
      unknownKeys: 'strip',
      catchall: [ZodNever],
      typeName: 'ZodObject'
    },
    parse: [Function: bound parse],
    safeParse: [Function: bound safeParse],
    parseAsync: [Function: bound parseAsync] AsyncFunction,
    safeParseAsync: [Function: bound safeParseAsync] AsyncFunction,
    refine: [Function: bound refine],
    refinement: [Function: bound refinement],
    superRefine: [Function: bound superRefine],
    optional: [Function: bound optional],
    nullable: [Function: bound nullable],
    nullish: [Function: bound nullish],
    array: [Function: bound array],
    promise: [Function: bound promise],
    or: [Function: bound or],
    and: [Function: bound and],
    transform: [Function: bound transform],
    brand: [Function: bound brand],
    default: [Function: bound default],
    catch: [Function: bound catch],
    describe: [Function: bound describe],
    pipe: [Function: bound pipe],
    readonly: [Function: bound readonly],
    isNullable: [Function: bound isNullable],
    isOptional: [Function: bound isOptional],
    '~standard': { version: 1, vendor: 'zod', validate: [Function: validate] },
    _cached: { shape: [Object], keys: [Array] },
    nonstrict: [Function: passthrough],
    augment: [Function: extend]
  },
  call: [AsyncFunction (anonymous)]
}
[2026-02-12T19:35:00.308+08:00] locateFields [ 'locate' ]
[2026-02-12T19:35:06.552+08:00] actionInActionSpace matched {
  name: 'Tap',
  description: 'Tap the element',
  interfaceAlias: 'aiTap',
  paramSchema: ZodObject {
    spa: [Function: bound safeParseAsync] AsyncFunction,
    _def: {
      shape: [Function: shape],
      unknownKeys: 'strip',
      catchall: [ZodNever],
      typeName: 'ZodObject'
    },
    parse: [Function: bound parse],
    safeParse: [Function: bound safeParse],
    parseAsync: [Function: bound parseAsync] AsyncFunction,
    safeParseAsync: [Function: bound safeParseAsync] AsyncFunction,
    refine: [Function: bound refine],
    refinement: [Function: bound refinement],
    superRefine: [Function: bound superRefine],
    optional: [Function: bound optional],
    nullable: [Function: bound nullable],
    nullish: [Function: bound nullish],
    array: [Function: bound array],
    promise: [Function: bound promise],
    or: [Function: bound or],
    and: [Function: bound and],
    transform: [Function: bound transform],
    brand: [Function: bound brand],
    default: [Function: bound default],
    catch: [Function: bound catch],
    describe: [Function: bound describe],
    pipe: [Function: bound pipe],
    readonly: [Function: bound readonly],
    isNullable: [Function: bound isNullable],
    isOptional: [Function: bound isOptional],
    '~standard': { version: 1, vendor: 'zod', validate: [Function: validate] },
    _cached: { shape: [Object], keys: [Array] },
    nonstrict: [Function: passthrough],
    augment: [Function: extend]
  },
  call: [AsyncFunction (anonymous)]
}
[2026-02-12T19:35:06.552+08:00] locateFields [ 'locate' ]
[2026-02-12T19:35:07.270+08:00] actionInActionSpace matched {
  name: 'Tap',
  description: 'Tap the element',
  interfaceAlias: 'aiTap',
  paramSchema: ZodObject {
    spa: [Function: bound safeParseAsync] AsyncFunction,
    _def: {
      shape: [Function: shape],
      unknownKeys: 'strip',
      catchall: [ZodNever],
      typeName: 'ZodObject'
    },
    parse: [Function: bound parse],
    safeParse: [Function: bound safeParse],
    parseAsync: [Function: bound parseAsync] AsyncFunction,
    safeParseAsync: [Function: bound safeParseAsync] AsyncFunction,
    refine: [Function: bound refine],
    refinement: [Function: bound refinement],
    superRefine: [Function: bound superRefine],
    optional: [Function: bound optional],
    nullable: [Function: bound nullable],
    nullish: [Function: bound nullish],
    array: [Function: bound array],
    promise: [Function: bound promise],
    or: [Function: bound or],
    and: [Function: bound and],
    transform: [Function: bound transform],
    brand: [Function: bound brand],
    default: [Function: bound default],
    catch: [Function: bound catch],
    describe: [Function: bound describe],
    pipe: [Function: bound pipe],
    readonly: [Function: bound readonly],
    isNullable: [Function: bound isNullable],
    isOptional: [Function: bound isOptional],
    '~standard': { version: 1, vendor: 'zod', validate: [Function: validate] },
    _cached: { shape: [Object], keys: [Array] },
    nonstrict: [Function: passthrough],
    augment: [Function: extend]
  },
  call: [AsyncFunction (anonymous)]
}
[2026-02-12T19:35:07.270+08:00] locateFields [ 'locate' ]
[2026-02-12T19:35:15.465+08:00] actionInActionSpace matched {
  name: 'Tap',
  description: 'Tap the element',
  interfaceAlias: 'aiTap',
  paramSchema: ZodObject {
    spa: [Function: bound safeParseAsync] AsyncFunction,
    _def: {
      shape: [Function: shape],
      unknownKeys: 'strip',
      catchall: [ZodNever],
      typeName: 'ZodObject'
    },
    parse: [Function: bound parse],
    safeParse: [Function: bound safeParse],
    parseAsync: [Function: bound parseAsync] AsyncFunction,
    safeParseAsync: [Function: bound safeParseAsync] AsyncFunction,
    refine: [Function: bound refine],
    refinement: [Function: bound refinement],
    superRefine: [Function: bound superRefine],
    optional: [Function: bound optional],
    nullable: [Function: bound nullable],
    nullish: [Function: bound nullish],
    array: [Function: bound array],
    promise: [Function: bound promise],
    or: [Function: bound or],
    and: [Function: bound and],
    transform: [Function: bound transform],
    brand: [Function: bound brand],
    default: [Function: bound default],
    catch: [Function: bound catch],
    describe: [Function: bound describe],
    pipe: [Function: bound pipe],
    readonly: [Function: bound readonly],
    isNullable: [Function: bound isNullable],
    isOptional: [Function: bound isOptional],
    '~standard': { version: 1, vendor: 'zod', validate: [Function: validate] },
    _cached: { shape: [Object], keys: [Array] },
    nonstrict: [Function: passthrough],
    augment: [Function: extend]
  },
  call: [AsyncFunction (anonymous)]
}
[2026-02-12T19:35:15.466+08:00] locateFields [ 'locate' ]
[2026-02-12T19:35:15.770+08:00] actionInActionSpace matched {
  name: 'Tap',
  description: 'Tap the element',
  interfaceAlias: 'aiTap',
  paramSchema: ZodObject {
    spa: [Function: bound safeParseAsync] AsyncFunction,
    _def: {
      shape: [Function: shape],
      unknownKeys: 'strip',
      catchall: [ZodNever],
      typeName: 'ZodObject'
    },
    parse: [Function: bound parse],
    safeParse: [Function: bound safeParse],
    parseAsync: [Function: bound parseAsync] AsyncFunction,
    safeParseAsync: [Function: bound safeParseAsync] AsyncFunction,
    refine: [Function: bound refine],
    refinement: [Function: bound refinement],
    superRefine: [Function: bound superRefine],
    optional: [Function: bound optional],
    nullable: [Function: bound nullable],
    nullish: [Function: bound nullish],
    array: [Function: bound array],
    promise: [Function: bound promise],
    or: [Function: bound or],
    and: [Function: bound and],
    transform: [Function: bound transform],
    brand: [Function: bound brand],
    default: [Function: bound default],
    catch: [Function: bound catch],
    describe: [Function: bound describe],
    pipe: [Function: bound pipe],
    readonly: [Function: bound readonly],
    isNullable: [Function: bound isNullable],
    isOptional: [Function: bound isOptional],
    '~standard': { version: 1, vendor: 'zod', validate: [Function: validate] },
    _cached: { shape: [Object], keys: [Array] },
    nonstrict: [Function: passthrough],
    augment: [Function: extend]
  },
  call: [AsyncFunction (anonymous)]
}
[2026-02-12T19:35:15.770+08:00] locateFields [ 'locate' ]
[2026-02-12T19:35:20.379+08:00] actionInActionSpace matched {
  name: 'Tap',
  description: 'Tap the element',
  interfaceAlias: 'aiTap',
  paramSchema: ZodObject {
    spa: [Function: bound safeParseAsync] AsyncFunction,
    _def: {
      shape: [Function: shape],
      unknownKeys: 'strip',
      catchall: [ZodNever],
      typeName: 'ZodObject'
    },
    parse: [Function: bound parse],
    safeParse: [Function: bound safeParse],
    parseAsync: [Function: bound parseAsync] AsyncFunction,
    safeParseAsync: [Function: bound safeParseAsync] AsyncFunction,
    refine: [Function: bound refine],
    refinement: [Function: bound refinement],
    superRefine: [Function: bound superRefine],
    optional: [Function: bound optional],
    nullable: [Function: bound nullable],
    nullish: [Function: bound nullish],
    array: [Function: bound array],
    promise: [Function: bound promise],
    or: [Function: bound or],
    and: [Function: bound and],
    transform: [Function: bound transform],
    brand: [Function: bound brand],
    default: [Function: bound default],
    catch: [Function: bound catch],
    describe: [Function: bound describe],
    pipe: [Function: bound pipe],
    readonly: [Function: bound readonly],
    isNullable: [Function: bound isNullable],
    isOptional: [Function: bound isOptional],
    '~standard': { version: 1, vendor: 'zod', validate: [Function: validate] },
    _cached: { shape: [Object], keys: [Array] },
    nonstrict: [Function: passthrough],
    augment: [Function: extend]
  },
  call: [AsyncFunction (anonymous)]
}
[2026-02-12T19:35:20.379+08:00] locateFields [ 'locate' ]
[2026-02-12T19:35:20.754+08:00] actionInActionSpace matched {
  name: 'Tap',
  description: 'Tap the element',
  interfaceAlias: 'aiTap',
  paramSchema: ZodObject {
    spa: [Function: bound safeParseAsync] AsyncFunction,
    _def: {
      shape: [Function: shape],
      unknownKeys: 'strip',
      catchall: [ZodNever],
      typeName: 'ZodObject'
    },
    parse: [Function: bound parse],
    safeParse: [Function: bound safeParse],
    parseAsync: [Function: bound parseAsync] AsyncFunction,
    safeParseAsync: [Function: bound safeParseAsync] AsyncFunction,
    refine: [Function: bound refine],
    refinement: [Function: bound refinement],
    superRefine: [Function: bound superRefine],
    optional: [Function: bound optional],
    nullable: [Function: bound nullable],
    nullish: [Function: bound nullish],
    array: [Function: bound array],
    promise: [Function: bound promise],
    or: [Function: bound or],
    and: [Function: bound and],
    transform: [Function: bound transform],
    brand: [Function: bound brand],
    default: [Function: bound default],
    catch: [Function: bound catch],
    describe: [Function: bound describe],
    pipe: [Function: bound pipe],
    readonly: [Function: bound readonly],
    isNullable: [Function: bound isNullable],
    isOptional: [Function: bound isOptional],
    '~standard': { version: 1, vendor: 'zod', validate: [Function: validate] },
    _cached: { shape: [Object], keys: [Array] },
    nonstrict: [Function: passthrough],
    augment: [Function: extend]
  },
  call: [AsyncFunction (anonymous)]
}
[2026-02-12T19:35:20.754+08:00] locateFields [ 'locate' ]
[2026-02-12T19:35:25.293+08:00] actionInActionSpace matched {
  name: 'Tap',
  description: 'Tap the element',
  interfaceAlias: 'aiTap',
  paramSchema: ZodObject {
    spa: [Function: bound safeParseAsync] AsyncFunction,
    _def: {
      shape: [Function: shape],
      unknownKeys: 'strip',
      catchall: [ZodNever],
      typeName: 'ZodObject'
    },
    parse: [Function: bound parse],
    safeParse: [Function: bound safeParse],
    parseAsync: [Function: bound parseAsync] AsyncFunction,
    safeParseAsync: [Function: bound safeParseAsync] AsyncFunction,
    refine: [Function: bound refine],
    refinement: [Function: bound refinement],
    superRefine: [Function: bound superRefine],
    optional: [Function: bound optional],
    nullable: [Function: bound nullable],
    nullish: [Function: bound nullish],
    array: [Function: bound array],
    promise: [Function: bound promise],
    or: [Function: bound or],
    and: [Function: bound and],
    transform: [Function: bound transform],
    brand: [Function: bound brand],
    default: [Function: bound default],
    catch: [Function: bound catch],
    describe: [Function: bound describe],
    pipe: [Function: bound pipe],
    readonly: [Function: bound readonly],
    isNullable: [Function: bound isNullable],
    isOptional: [Function: bound isOptional],
    '~standard': { version: 1, vendor: 'zod', validate: [Function: validate] },
    _cached: { shape: [Object], keys: [Array] },
    nonstrict: [Function: passthrough],
    augment: [Function: extend]
  },
  call: [AsyncFunction (anonymous)]
}
[2026-02-12T19:35:25.293+08:00] locateFields [ 'locate' ]
[2026-02-12T19:35:26.223+08:00] actionInActionSpace matched {
  name: 'Tap',
  description: 'Tap the element',
  interfaceAlias: 'aiTap',
  paramSchema: ZodObject {
    spa: [Function: bound safeParseAsync] AsyncFunction,
    _def: {
      shape: [Function: shape],
      unknownKeys: 'strip',
      catchall: [ZodNever],
      typeName: 'ZodObject'
    },
    parse: [Function: bound parse],
    safeParse: [Function: bound safeParse],
    parseAsync: [Function: bound parseAsync] AsyncFunction,
    safeParseAsync: [Function: bound safeParseAsync] AsyncFunction,
    refine: [Function: bound refine],
    refinement: [Function: bound refinement],
    superRefine: [Function: bound superRefine],
    optional: [Function: bound optional],
    nullable: [Function: bound nullable],
    nullish: [Function: bound nullish],
    array: [Function: bound array],
    promise: [Function: bound promise],
    or: [Function: bound or],
    and: [Function: bound and],
    transform: [Function: bound transform],
    brand: [Function: bound brand],
    default: [Function: bound default],
    catch: [Function: bound catch],
    describe: [Function: bound describe],
    pipe: [Function: bound pipe],
    readonly: [Function: bound readonly],
    isNullable: [Function: bound isNullable],
    isOptional: [Function: bound isOptional],
    '~standard': { version: 1, vendor: 'zod', validate: [Function: validate] },
    _cached: { shape: [Object], keys: [Array] },
    nonstrict: [Function: passthrough],
    augment: [Function: extend]
  },
  call: [AsyncFunction (anonymous)]
}
[2026-02-12T19:35:26.223+08:00] locateFields [ 'locate' ]
[2026-02-12T19:35:31.642+08:00] actionInActionSpace matched {
  name: 'Tap',
  description: 'Tap the element',
  interfaceAlias: 'aiTap',
  paramSchema: ZodObject {
    spa: [Function: bound safeParseAsync] AsyncFunction,
    _def: {
      shape: [Function: shape],
      unknownKeys: 'strip',
      catchall: [ZodNever],
      typeName: 'ZodObject'
    },
    parse: [Function: bound parse],
    safeParse: [Function: bound safeParse],
    parseAsync: [Function: bound parseAsync] AsyncFunction,
    safeParseAsync: [Function: bound safeParseAsync] AsyncFunction,
    refine: [Function: bound refine],
    refinement: [Function: bound refinement],
    superRefine: [Function: bound superRefine],
    optional: [Function: bound optional],
    nullable: [Function: bound nullable],
    nullish: [Function: bound nullish],
    array: [Function: bound array],
    promise: [Function: bound promise],
    or: [Function: bound or],
    and: [Function: bound and],
    transform: [Function: bound transform],
    brand: [Function: bound brand],
    default: [Function: bound default],
    catch: [Function: bound catch],
    describe: [Function: bound describe],
    pipe: [Function: bound pipe],
    readonly: [Function: bound readonly],
    isNullable: [Function: bound isNullable],
    isOptional: [Function: bound isOptional],
    '~standard': { version: 1, vendor: 'zod', validate: [Function: validate] },
    _cached: { shape: [Object], keys: [Array] },
    nonstrict: [Function: passthrough],
    augment: [Function: extend]
  },
  call: [AsyncFunction (anonymous)]
}
[2026-02-12T19:35:31.642+08:00] locateFields [ 'locate' ]
[2026-02-12T19:35:33.384+08:00] actionInActionSpace matched {
  name: 'Tap',
  description: 'Tap the element',
  interfaceAlias: 'aiTap',
  paramSchema: ZodObject {
    spa: [Function: bound safeParseAsync] AsyncFunction,
    _def: {
      shape: [Function: shape],
      unknownKeys: 'strip',
      catchall: [ZodNever],
      typeName: 'ZodObject'
    },
    parse: [Function: bound parse],
    safeParse: [Function: bound safeParse],
    parseAsync: [Function: bound parseAsync] AsyncFunction,
    safeParseAsync: [Function: bound safeParseAsync] AsyncFunction,
    refine: [Function: bound refine],
    refinement: [Function: bound refinement],
    superRefine: [Function: bound superRefine],
    optional: [Function: bound optional],
    nullable: [Function: bound nullable],
    nullish: [Function: bound nullish],
    array: [Function: bound array],
    promise: [Function: bound promise],
    or: [Function: bound or],
    and: [Function: bound and],
    transform: [Function: bound transform],
    brand: [Function: bound brand],
    default: [Function: bound default],
    catch: [Function: bound catch],
    describe: [Function: bound describe],
    pipe: [Function: bound pipe],
    readonly: [Function: bound readonly],
    isNullable: [Function: bound isNullable],
    isOptional: [Function: bound isOptional],
    '~standard': { version: 1, vendor: 'zod', validate: [Function: validate] },
    _cached: { shape: [Object], keys: [Array] },
    nonstrict: [Function: passthrough],
    augment: [Function: extend]
  },
  call: [AsyncFunction (anonymous)]
}
[2026-02-12T19:35:33.384+08:00] locateFields [ 'locate' ]
[2026-02-12T19:35:36.968+08:00] actionInActionSpace matched {
  name: 'Tap',
  description: 'Tap the element',
  interfaceAlias: 'aiTap',
  paramSchema: ZodObject {
    spa: [Function: bound safeParseAsync] AsyncFunction,
    _def: {
      shape: [Function: shape],
      unknownKeys: 'strip',
      catchall: [ZodNever],
      typeName: 'ZodObject'
    },
    parse: [Function: bound parse],
    safeParse: [Function: bound safeParse],
    parseAsync: [Function: bound parseAsync] AsyncFunction,
    safeParseAsync: [Function: bound safeParseAsync] AsyncFunction,
    refine: [Function: bound refine],
    refinement: [Function: bound refinement],
    superRefine: [Function: bound superRefine],
    optional: [Function: bound optional],
    nullable: [Function: bound nullable],
    nullish: [Function: bound nullish],
    array: [Function: bound array],
    promise: [Function: bound promise],
    or: [Function: bound or],
    and: [Function: bound and],
    transform: [Function: bound transform],
    brand: [Function: bound brand],
    default: [Function: bound default],
    catch: [Function: bound catch],
    describe: [Function: bound describe],
    pipe: [Function: bound pipe],
    readonly: [Function: bound readonly],
    isNullable: [Function: bound isNullable],
    isOptional: [Function: bound isOptional],
    '~standard': { version: 1, vendor: 'zod', validate: [Function: validate] },
    _cached: { shape: [Object], keys: [Array] },
    nonstrict: [Function: passthrough],
    augment: [Function: extend]
  },
  call: [AsyncFunction (anonymous)]
}
[2026-02-12T19:35:36.969+08:00] locateFields [ 'locate' ]
[2026-02-12T19:35:38.870+08:00] actionInActionSpace matched {
  name: 'Tap',
  description: 'Tap the element',
  interfaceAlias: 'aiTap',
  paramSchema: ZodObject {
    spa: [Function: bound safeParseAsync] AsyncFunction,
    _def: {
      shape: [Function: shape],
      unknownKeys: 'strip',
      catchall: [ZodNever],
      typeName: 'ZodObject'
    },
    parse: [Function: bound parse],
    safeParse: [Function: bound safeParse],
    parseAsync: [Function: bound parseAsync] AsyncFunction,
    safeParseAsync: [Function: bound safeParseAsync] AsyncFunction,
    refine: [Function: bound refine],
    refinement: [Function: bound refinement],
    superRefine: [Function: bound superRefine],
    optional: [Function: bound optional],
    nullable: [Function: bound nullable],
    nullish: [Function: bound nullish],
    array: [Function: bound array],
    promise: [Function: bound promise],
    or: [Function: bound or],
    and: [Function: bound and],
    transform: [Function: bound transform],
    brand: [Function: bound brand],
    default: [Function: bound default],
    catch: [Function: bound catch],
    describe: [Function: bound describe],
    pipe: [Function: bound pipe],
    readonly: [Function: bound readonly],
    isNullable: [Function: bound isNullable],
    isOptional: [Function: bound isOptional],
    '~standard': { version: 1, vendor: 'zod', validate: [Function: validate] },
    _cached: { shape: [Object], keys: [Array] },
    nonstrict: [Function: passthrough],
    augment: [Function: extend]
  },
  call: [AsyncFunction (anonymous)]
}
[2026-02-12T19:35:38.870+08:00] locateFields [ 'locate' ]
[2026-02-12T19:35:41.984+08:00] actionInActionSpace matched {
  name: 'Tap',
  description: 'Tap the element',
  interfaceAlias: 'aiTap',
  paramSchema: ZodObject {
    spa: [Function: bound safeParseAsync] AsyncFunction,
    _def: {
      shape: [Function: shape],
      unknownKeys: 'strip',
      catchall: [ZodNever],
      typeName: 'ZodObject'
    },
    parse: [Function: bound parse],
    safeParse: [Function: bound safeParse],
    parseAsync: [Function: bound parseAsync] AsyncFunction,
    safeParseAsync: [Function: bound safeParseAsync] AsyncFunction,
    refine: [Function: bound refine],
    refinement: [Function: bound refinement],
    superRefine: [Function: bound superRefine],
    optional: [Function: bound optional],
    nullable: [Function: bound nullable],
    nullish: [Function: bound nullish],
    array: [Function: bound array],
    promise: [Function: bound promise],
    or: [Function: bound or],
    and: [Function: bound and],
    transform: [Function: bound transform],
    brand: [Function: bound brand],
    default: [Function: bound default],
    catch: [Function: bound catch],
    describe: [Function: bound describe],
    pipe: [Function: bound pipe],
    readonly: [Function: bound readonly],
    isNullable: [Function: bound isNullable],
    isOptional: [Function: bound isOptional],
    '~standard': { version: 1, vendor: 'zod', validate: [Function: validate] },
    _cached: { shape: [Object], keys: [Array] },
    nonstrict: [Function: passthrough],
    augment: [Function: extend]
  },
  call: [AsyncFunction (anonymous)]
}
[2026-02-12T19:35:41.984+08:00] locateFields [ 'locate' ]
[2026-02-12T19:35:44.829+08:00] actionInActionSpace matched {
  name: 'Tap',
  description: 'Tap the element',
  interfaceAlias: 'aiTap',
  paramSchema: ZodObject {
    spa: [Function: bound safeParseAsync] AsyncFunction,
    _def: {
      shape: [Function: shape],
      unknownKeys: 'strip',
      catchall: [ZodNever],
      typeName: 'ZodObject'
    },
    parse: [Function: bound parse],
    safeParse: [Function: bound safeParse],
    parseAsync: [Function: bound parseAsync] AsyncFunction,
    safeParseAsync: [Function: bound safeParseAsync] AsyncFunction,
    refine: [Function: bound refine],
    refinement: [Function: bound refinement],
    superRefine: [Function: bound superRefine],
    optional: [Function: bound optional],
    nullable: [Function: bound nullable],
    nullish: [Function: bound nullish],
    array: [Function: bound array],
    promise: [Function: bound promise],
    or: [Function: bound or],
    and: [Function: bound and],
    transform: [Function: bound transform],
    brand: [Function: bound brand],
    default: [Function: bound default],
    catch: [Function: bound catch],
    describe: [Function: bound describe],
    pipe: [Function: bound pipe],
    readonly: [Function: bound readonly],
    isNullable: [Function: bound isNullable],
    isOptional: [Function: bound isOptional],
    '~standard': { version: 1, vendor: 'zod', validate: [Function: validate] },
    _cached: { shape: [Object], keys: [Array] },
    nonstrict: [Function: passthrough],
    augment: [Function: extend]
  },
  call: [AsyncFunction (anonymous)]
}
[2026-02-12T19:35:44.829+08:00] locateFields [ 'locate' ]
[2026-02-12T19:35:48.842+08:00] actionInActionSpace matched {
  name: 'Tap',
  description: 'Tap the element',
  interfaceAlias: 'aiTap',
  paramSchema: ZodObject {
    spa: [Function: bound safeParseAsync] AsyncFunction,
    _def: {
      shape: [Function: shape],
      unknownKeys: 'strip',
      catchall: [ZodNever],
      typeName: 'ZodObject'
    },
    parse: [Function: bound parse],
    safeParse: [Function: bound safeParse],
    parseAsync: [Function: bound parseAsync] AsyncFunction,
    safeParseAsync: [Function: bound safeParseAsync] AsyncFunction,
    refine: [Function: bound refine],
    refinement: [Function: bound refinement],
    superRefine: [Function: bound superRefine],
    optional: [Function: bound optional],
    nullable: [Function: bound nullable],
    nullish: [Function: bound nullish],
    array: [Function: bound array],
    promise: [Function: bound promise],
    or: [Function: bound or],
    and: [Function: bound and],
    transform: [Function: bound transform],
    brand: [Function: bound brand],
    default: [Function: bound default],
    catch: [Function: bound catch],
    describe: [Function: bound describe],
    pipe: [Function: bound pipe],
    readonly: [Function: bound readonly],
    isNullable: [Function: bound isNullable],
    isOptional: [Function: bound isOptional],
    '~standard': { version: 1, vendor: 'zod', validate: [Function: validate] },
    _cached: { shape: [Object], keys: [Array] },
    nonstrict: [Function: passthrough],
    augment: [Function: extend]
  },
  call: [AsyncFunction (anonymous)]
}
[2026-02-12T19:35:48.842+08:00] locateFields [ 'locate' ]
[2026-02-12T19:35:58.267+08:00] actionInActionSpace matched {
  name: 'Tap',
  description: 'Tap the element',
  interfaceAlias: 'aiTap',
  paramSchema: ZodObject {
    spa: [Function: bound safeParseAsync] AsyncFunction,
    _def: {
      shape: [Function: shape],
      unknownKeys: 'strip',
      catchall: [ZodNever],
      typeName: 'ZodObject'
    },
    parse: [Function: bound parse],
    safeParse: [Function: bound safeParse],
    parseAsync: [Function: bound parseAsync] AsyncFunction,
    safeParseAsync: [Function: bound safeParseAsync] AsyncFunction,
    refine: [Function: bound refine],
    refinement: [Function: bound refinement],
    superRefine: [Function: bound superRefine],
    optional: [Function: bound optional],
    nullable: [Function: bound nullable],
    nullish: [Function: bound nullish],
    array: [Function: bound array],
    promise: [Function: bound promise],
    or: [Function: bound or],
    and: [Function: bound and],
    transform: [Function: bound transform],
    brand: [Function: bound brand],
    default: [Function: bound default],
    catch: [Function: bound catch],
    describe: [Function: bound describe],
    pipe: [Function: bound pipe],
    readonly: [Function: bound readonly],
    isNullable: [Function: bound isNullable],
    isOptional: [Function: bound isOptional],
    '~standard': { version: 1, vendor: 'zod', validate: [Function: validate] },
    _cached: { shape: [Object], keys: [Array] },
    nonstrict: [Function: passthrough],
    augment: [Function: extend]
  },
  call: [AsyncFunction (anonymous)]
}
[2026-02-12T19:35:58.267+08:00] locateFields [ 'locate' ]
[2026-02-12T19:36:06.235+08:00] actionInActionSpace matched {
  name: 'Tap',
  description: 'Tap the element',
  interfaceAlias: 'aiTap',
  paramSchema: ZodObject {
    spa: [Function: bound safeParseAsync] AsyncFunction,
    _def: {
      shape: [Function: shape],
      unknownKeys: 'strip',
      catchall: [ZodNever],
      typeName: 'ZodObject'
    },
    parse: [Function: bound parse],
    safeParse: [Function: bound safeParse],
    parseAsync: [Function: bound parseAsync] AsyncFunction,
    safeParseAsync: [Function: bound safeParseAsync] AsyncFunction,
    refine: [Function: bound refine],
    refinement: [Function: bound refinement],
    superRefine: [Function: bound superRefine],
    optional: [Function: bound optional],
    nullable: [Function: bound nullable],
    nullish: [Function: bound nullish],
    array: [Function: bound array],
    promise: [Function: bound promise],
    or: [Function: bound or],
    and: [Function: bound and],
    transform: [Function: bound transform],
    brand: [Function: bound brand],
    default: [Function: bound default],
    catch: [Function: bound catch],
    describe: [Function: bound describe],
    pipe: [Function: bound pipe],
    readonly: [Function: bound readonly],
    isNullable: [Function: bound isNullable],
    isOptional: [Function: bound isOptional],
    '~standard': { version: 1, vendor: 'zod', validate: [Function: validate] },
    _cached: { shape: [Object], keys: [Array] },
    nonstrict: [Function: passthrough],
    augment: [Function: extend]
  },
  call: [AsyncFunction (anonymous)]
}
[2026-02-12T19:36:06.235+08:00] locateFields [ 'locate' ]
[2026-02-12T19:36:12.192+08:00] actionInActionSpace matched {
  name: 'Tap',
  description: 'Tap the element',
  interfaceAlias: 'aiTap',
  paramSchema: ZodObject {
    spa: [Function: bound safeParseAsync] AsyncFunction,
    _def: {
      shape: [Function: shape],
      unknownKeys: 'strip',
      catchall: [ZodNever],
      typeName: 'ZodObject'
    },
    parse: [Function: bound parse],
    safeParse: [Function: bound safeParse],
    parseAsync: [Function: bound parseAsync] AsyncFunction,
    safeParseAsync: [Function: bound safeParseAsync] AsyncFunction,
    refine: [Function: bound refine],
    refinement: [Function: bound refinement],
    superRefine: [Function: bound superRefine],
    optional: [Function: bound optional],
    nullable: [Function: bound nullable],
    nullish: [Function: bound nullish],
    array: [Function: bound array],
    promise: [Function: bound promise],
    or: [Function: bound or],
    and: [Function: bound and],
    transform: [Function: bound transform],
    brand: [Function: bound brand],
    default: [Function: bound default],
    catch: [Function: bound catch],
    describe: [Function: bound describe],
    pipe: [Function: bound pipe],
    readonly: [Function: bound readonly],
    isNullable: [Function: bound isNullable],
    isOptional: [Function: bound isOptional],
    '~standard': { version: 1, vendor: 'zod', validate: [Function: validate] },
    _cached: { shape: [Object], keys: [Array] },
    nonstrict: [Function: passthrough],
    augment: [Function: extend]
  },
  call: [AsyncFunction (anonymous)]
}
[2026-02-12T19:36:12.192+08:00] locateFields [ 'locate' ]
[2026-02-12T19:36:18.590+08:00] actionInActionSpace matched {
  name: 'Tap',
  description: 'Tap the element',
  interfaceAlias: 'aiTap',
  paramSchema: ZodObject {
    spa: [Function: bound safeParseAsync] AsyncFunction,
    _def: {
      shape: [Function: shape],
      unknownKeys: 'strip',
      catchall: [ZodNever],
      typeName: 'ZodObject'
    },
    parse: [Function: bound parse],
    safeParse: [Function: bound safeParse],
    parseAsync: [Function: bound parseAsync] AsyncFunction,
    safeParseAsync: [Function: bound safeParseAsync] AsyncFunction,
    refine: [Function: bound refine],
    refinement: [Function: bound refinement],
    superRefine: [Function: bound superRefine],
    optional: [Function: bound optional],
    nullable: [Function: bound nullable],
    nullish: [Function: bound nullish],
    array: [Function: bound array],
    promise: [Function: bound promise],
    or: [Function: bound or],
    and: [Function: bound and],
    transform: [Function: bound transform],
    brand: [Function: bound brand],
    default: [Function: bound default],
    catch: [Function: bound catch],
    describe: [Function: bound describe],
    pipe: [Function: bound pipe],
    readonly: [Function: bound readonly],
    isNullable: [Function: bound isNullable],
    isOptional: [Function: bound isOptional],
    '~standard': { version: 1, vendor: 'zod', validate: [Function: validate] },
    _cached: { shape: [Object], keys: [Array] },
    nonstrict: [Function: passthrough],
    augment: [Function: extend]
  },
  call: [AsyncFunction (anonymous)]
}
[2026-02-12T19:36:18.590+08:00] locateFields [ 'locate' ]
[2026-02-12T19:36:24.582+08:00] actionInActionSpace matched {
  name: 'Tap',
  description: 'Tap the element',
  interfaceAlias: 'aiTap',
  paramSchema: ZodObject {
    spa: [Function: bound safeParseAsync] AsyncFunction,
    _def: {
      shape: [Function: shape],
      unknownKeys: 'strip',
      catchall: [ZodNever],
      typeName: 'ZodObject'
    },
    parse: [Function: bound parse],
    safeParse: [Function: bound safeParse],
    parseAsync: [Function: bound parseAsync] AsyncFunction,
    safeParseAsync: [Function: bound safeParseAsync] AsyncFunction,
    refine: [Function: bound refine],
    refinement: [Function: bound refinement],
    superRefine: [Function: bound superRefine],
    optional: [Function: bound optional],
    nullable: [Function: bound nullable],
    nullish: [Function: bound nullish],
    array: [Function: bound array],
    promise: [Function: bound promise],
    or: [Function: bound or],
    and: [Function: bound and],
    transform: [Function: bound transform],
    brand: [Function: bound brand],
    default: [Function: bound default],
    catch: [Function: bound catch],
    describe: [Function: bound describe],
    pipe: [Function: bound pipe],
    readonly: [Function: bound readonly],
    isNullable: [Function: bound isNullable],
    isOptional: [Function: bound isOptional],
    '~standard': { version: 1, vendor: 'zod', validate: [Function: validate] },
    _cached: { shape: [Object], keys: [Array] },
    nonstrict: [Function: passthrough],
    augment: [Function: extend]
  },
  call: [AsyncFunction (anonymous)]
}
[2026-02-12T19:36:24.582+08:00] locateFields [ 'locate' ]
[2026-02-12T19:36:29.368+08:00] actionInActionSpace matched {
  name: 'Tap',
  description: 'Tap the element',
  interfaceAlias: 'aiTap',
  paramSchema: ZodObject {
    spa: [Function: bound safeParseAsync] AsyncFunction,
    _def: {
      shape: [Function: shape],
      unknownKeys: 'strip',
      catchall: [ZodNever],
      typeName: 'ZodObject'
    },
    parse: [Function: bound parse],
    safeParse: [Function: bound safeParse],
    parseAsync: [Function: bound parseAsync] AsyncFunction,
    safeParseAsync: [Function: bound safeParseAsync] AsyncFunction,
    refine: [Function: bound refine],
    refinement: [Function: bound refinement],
    superRefine: [Function: bound superRefine],
    optional: [Function: bound optional],
    nullable: [Function: bound nullable],
    nullish: [Function: bound nullish],
    array: [Function: bound array],
    promise: [Function: bound promise],
    or: [Function: bound or],
    and: [Function: bound and],
    transform: [Function: bound transform],
    brand: [Function: bound brand],
    default: [Function: bound default],
    catch: [Function: bound catch],
    describe: [Function: bound describe],
    pipe: [Function: bound pipe],
    readonly: [Function: bound readonly],
    isNullable: [Function: bound isNullable],
    isOptional: [Function: bound isOptional],
    '~standard': { version: 1, vendor: 'zod', validate: [Function: validate] },
    _cached: { shape: [Object], keys: [Array] },
    nonstrict: [Function: passthrough],
    augment: [Function: extend]
  },
  call: [AsyncFunction (anonymous)]
}
[2026-02-12T19:36:29.368+08:00] locateFields [ 'locate' ]
[2026-02-12T19:36:30.520+08:00] actionInActionSpace matched {
  name: 'Tap',
  description: 'Tap the element',
  interfaceAlias: 'aiTap',
  paramSchema: ZodObject {
    spa: [Function: bound safeParseAsync] AsyncFunction,
    _def: {
      shape: [Function: shape],
      unknownKeys: 'strip',
      catchall: [ZodNever],
      typeName: 'ZodObject'
    },
    parse: [Function: bound parse],
    safeParse: [Function: bound safeParse],
    parseAsync: [Function: bound parseAsync] AsyncFunction,
    safeParseAsync: [Function: bound safeParseAsync] AsyncFunction,
    refine: [Function: bound refine],
    refinement: [Function: bound refinement],
    superRefine: [Function: bound superRefine],
    optional: [Function: bound optional],
    nullable: [Function: bound nullable],
    nullish: [Function: bound nullish],
    array: [Function: bound array],
    promise: [Function: bound promise],
    or: [Function: bound or],
    and: [Function: bound and],
    transform: [Function: bound transform],
    brand: [Function: bound brand],
    default: [Function: bound default],
    catch: [Function: bound catch],
    describe: [Function: bound describe],
    pipe: [Function: bound pipe],
    readonly: [Function: bound readonly],
    isNullable: [Function: bound isNullable],
    isOptional: [Function: bound isOptional],
    '~standard': { version: 1, vendor: 'zod', validate: [Function: validate] },
    _cached: { shape: [Object], keys: [Array] },
    nonstrict: [Function: passthrough],
    augment: [Function: extend]
  },
  call: [AsyncFunction (anonymous)]
}
[2026-02-12T19:36:30.520+08:00] locateFields [ 'locate' ]
[2026-02-12T19:36:34.870+08:00] actionInActionSpace matched {
  name: 'Tap',
  description: 'Tap the element',
  interfaceAlias: 'aiTap',
  paramSchema: ZodObject {
    spa: [Function: bound safeParseAsync] AsyncFunction,
    _def: {
      shape: [Function: shape],
      unknownKeys: 'strip',
      catchall: [ZodNever],
      typeName: 'ZodObject'
    },
    parse: [Function: bound parse],
    safeParse: [Function: bound safeParse],
    parseAsync: [Function: bound parseAsync] AsyncFunction,
    safeParseAsync: [Function: bound safeParseAsync] AsyncFunction,
    refine: [Function: bound refine],
    refinement: [Function: bound refinement],
    superRefine: [Function: bound superRefine],
    optional: [Function: bound optional],
    nullable: [Function: bound nullable],
    nullish: [Function: bound nullish],
    array: [Function: bound array],
    promise: [Function: bound promise],
    or: [Function: bound or],
    and: [Function: bound and],
    transform: [Function: bound transform],
    brand: [Function: bound brand],
    default: [Function: bound default],
    catch: [Function: bound catch],
    describe: [Function: bound describe],
    pipe: [Function: bound pipe],
    readonly: [Function: bound readonly],
    isNullable: [Function: bound isNullable],
    isOptional: [Function: bound isOptional],
    '~standard': { version: 1, vendor: 'zod', validate: [Function: validate] },
    _cached: { shape: [Object], keys: [Array] },
    nonstrict: [Function: passthrough],
    augment: [Function: extend]
  },
  call: [AsyncFunction (anonymous)]
}
[2026-02-12T19:36:34.870+08:00] locateFields [ 'locate' ]
[2026-02-12T19:36:37.691+08:00] actionInActionSpace matched {
  name: 'Tap',
  description: 'Tap the element',
  interfaceAlias: 'aiTap',
  paramSchema: ZodObject {
    spa: [Function: bound safeParseAsync] AsyncFunction,
    _def: {
      shape: [Function: shape],
      unknownKeys: 'strip',
      catchall: [ZodNever],
      typeName: 'ZodObject'
    },
    parse: [Function: bound parse],
    safeParse: [Function: bound safeParse],
    parseAsync: [Function: bound parseAsync] AsyncFunction,
    safeParseAsync: [Function: bound safeParseAsync] AsyncFunction,
    refine: [Function: bound refine],
    refinement: [Function: bound refinement],
    superRefine: [Function: bound superRefine],
    optional: [Function: bound optional],
    nullable: [Function: bound nullable],
    nullish: [Function: bound nullish],
    array: [Function: bound array],
    promise: [Function: bound promise],
    or: [Function: bound or],
    and: [Function: bound and],
    transform: [Function: bound transform],
    brand: [Function: bound brand],
    default: [Function: bound default],
    catch: [Function: bound catch],
    describe: [Function: bound describe],
    pipe: [Function: bound pipe],
    readonly: [Function: bound readonly],
    isNullable: [Function: bound isNullable],
    isOptional: [Function: bound isOptional],
    '~standard': { version: 1, vendor: 'zod', validate: [Function: validate] },
    _cached: { shape: [Object], keys: [Array] },
    nonstrict: [Function: passthrough],
    augment: [Function: extend]
  },
  call: [AsyncFunction (anonymous)]
}
[2026-02-12T19:36:37.692+08:00] locateFields [ 'locate' ]
[2026-02-12T19:36:40.762+08:00] actionInActionSpace matched {
  name: 'Tap',
  description: 'Tap the element',
  interfaceAlias: 'aiTap',
  paramSchema: ZodObject {
    spa: [Function: bound safeParseAsync] AsyncFunction,
    _def: {
      shape: [Function: shape],
      unknownKeys: 'strip',
      catchall: [ZodNever],
      typeName: 'ZodObject'
    },
    parse: [Function: bound parse],
    safeParse: [Function: bound safeParse],
    parseAsync: [Function: bound parseAsync] AsyncFunction,
    safeParseAsync: [Function: bound safeParseAsync] AsyncFunction,
    refine: [Function: bound refine],
    refinement: [Function: bound refinement],
    superRefine: [Function: bound superRefine],
    optional: [Function: bound optional],
    nullable: [Function: bound nullable],
    nullish: [Function: bound nullish],
    array: [Function: bound array],
    promise: [Function: bound promise],
    or: [Function: bound or],
    and: [Function: bound and],
    transform: [Function: bound transform],
    brand: [Function: bound brand],
    default: [Function: bound default],
    catch: [Function: bound catch],
    describe: [Function: bound describe],
    pipe: [Function: bound pipe],
    readonly: [Function: bound readonly],
    isNullable: [Function: bound isNullable],
    isOptional: [Function: bound isOptional],
    '~standard': { version: 1, vendor: 'zod', validate: [Function: validate] },
    _cached: { shape: [Object], keys: [Array] },
    nonstrict: [Function: passthrough],
    augment: [Function: extend]
  },
  call: [AsyncFunction (anonymous)]
}
[2026-02-12T19:36:40.762+08:00] locateFields [ 'locate' ]
[2026-02-12T19:36:43.095+08:00] actionInActionSpace matched {
  name: 'Tap',
  description: 'Tap the element',
  interfaceAlias: 'aiTap',
  paramSchema: ZodObject {
    spa: [Function: bound safeParseAsync] AsyncFunction,
    _def: {
      shape: [Function: shape],
      unknownKeys: 'strip',
      catchall: [ZodNever],
      typeName: 'ZodObject'
    },
    parse: [Function: bound parse],
    safeParse: [Function: bound safeParse],
    parseAsync: [Function: bound parseAsync] AsyncFunction,
    safeParseAsync: [Function: bound safeParseAsync] AsyncFunction,
    refine: [Function: bound refine],
    refinement: [Function: bound refinement],
    superRefine: [Function: bound superRefine],
    optional: [Function: bound optional],
    nullable: [Function: bound nullable],
    nullish: [Function: bound nullish],
    array: [Function: bound array],
    promise: [Function: bound promise],
    or: [Function: bound or],
    and: [Function: bound and],
    transform: [Function: bound transform],
    brand: [Function: bound brand],
    default: [Function: bound default],
    catch: [Function: bound catch],
    describe: [Function: bound describe],
    pipe: [Function: bound pipe],
    readonly: [Function: bound readonly],
    isNullable: [Function: bound isNullable],
    isOptional: [Function: bound isOptional],
    '~standard': { version: 1, vendor: 'zod', validate: [Function: validate] },
    _cached: { shape: [Object], keys: [Array] },
    nonstrict: [Function: passthrough],
    augment: [Function: extend]
  },
  call: [AsyncFunction (anonymous)]
}
[2026-02-12T19:36:43.096+08:00] locateFields [ 'locate' ]
[2026-02-12T19:36:45.884+08:00] actionInActionSpace matched {
  name: 'Tap',
  description: 'Tap the element',
  interfaceAlias: 'aiTap',
  paramSchema: ZodObject {
    spa: [Function: bound safeParseAsync] AsyncFunction,
    _def: {
      shape: [Function: shape],
      unknownKeys: 'strip',
      catchall: [ZodNever],
      typeName: 'ZodObject'
    },
    parse: [Function: bound parse],
    safeParse: [Function: bound safeParse],
    parseAsync: [Function: bound parseAsync] AsyncFunction,
    safeParseAsync: [Function: bound safeParseAsync] AsyncFunction,
    refine: [Function: bound refine],
    refinement: [Function: bound refinement],
    superRefine: [Function: bound superRefine],
    optional: [Function: bound optional],
    nullable: [Function: bound nullable],
    nullish: [Function: bound nullish],
    array: [Function: bound array],
    promise: [Function: bound promise],
    or: [Function: bound or],
    and: [Function: bound and],
    transform: [Function: bound transform],
    brand: [Function: bound brand],
    default: [Function: bound default],
    catch: [Function: bound catch],
    describe: [Function: bound describe],
    pipe: [Function: bound pipe],
    readonly: [Function: bound readonly],
    isNullable: [Function: bound isNullable],
    isOptional: [Function: bound isOptional],
    '~standard': { version: 1, vendor: 'zod', validate: [Function: validate] },
    _cached: { shape: [Object], keys: [Array] },
    nonstrict: [Function: passthrough],
    augment: [Function: extend]
  },
  call: [AsyncFunction (anonymous)]
}
[2026-02-12T19:36:45.884+08:00] locateFields [ 'locate' ]
[2026-02-12T19:36:49.466+08:00] actionInActionSpace matched {
  name: 'Tap',
  description: 'Tap the element',
  interfaceAlias: 'aiTap',
  paramSchema: ZodObject {
    spa: [Function: bound safeParseAsync] AsyncFunction,
    _def: {
      shape: [Function: shape],
      unknownKeys: 'strip',
      catchall: [ZodNever],
      typeName: 'ZodObject'
    },
    parse: [Function: bound parse],
    safeParse: [Function: bound safeParse],
    parseAsync: [Function: bound parseAsync] AsyncFunction,
    safeParseAsync: [Function: bound safeParseAsync] AsyncFunction,
    refine: [Function: bound refine],
    refinement: [Function: bound refinement],
    superRefine: [Function: bound superRefine],
    optional: [Function: bound optional],
    nullable: [Function: bound nullable],
    nullish: [Function: bound nullish],
    array: [Function: bound array],
    promise: [Function: bound promise],
    or: [Function: bound or],
    and: [Function: bound and],
    transform: [Function: bound transform],
    brand: [Function: bound brand],
    default: [Function: bound default],
    catch: [Function: bound catch],
    describe: [Function: bound describe],
    pipe: [Function: bound pipe],
    readonly: [Function: bound readonly],
    isNullable: [Function: bound isNullable],
    isOptional: [Function: bound isOptional],
    '~standard': { version: 1, vendor: 'zod', validate: [Function: validate] },
    _cached: { shape: [Object], keys: [Array] },
    nonstrict: [Function: passthrough],
    augment: [Function: extend]
  },
  call: [AsyncFunction (anonymous)]
}
[2026-02-12T19:36:49.466+08:00] locateFields [ 'locate' ]
[2026-02-12T19:36:51.101+08:00] actionInActionSpace matched {
  name: 'Tap',
  description: 'Tap the element',
  interfaceAlias: 'aiTap',
  paramSchema: ZodObject {
    spa: [Function: bound safeParseAsync] AsyncFunction,
    _def: {
      shape: [Function: shape],
      unknownKeys: 'strip',
      catchall: [ZodNever],
      typeName: 'ZodObject'
    },
    parse: [Function: bound parse],
    safeParse: [Function: bound safeParse],
    parseAsync: [Function: bound parseAsync] AsyncFunction,
    safeParseAsync: [Function: bound safeParseAsync] AsyncFunction,
    refine: [Function: bound refine],
    refinement: [Function: bound refinement],
    superRefine: [Function: bound superRefine],
    optional: [Function: bound optional],
    nullable: [Function: bound nullable],
    nullish: [Function: bound nullish],
    array: [Function: bound array],
    promise: [Function: bound promise],
    or: [Function: bound or],
    and: [Function: bound and],
    transform: [Function: bound transform],
    brand: [Function: bound brand],
    default: [Function: bound default],
    catch: [Function: bound catch],
    describe: [Function: bound describe],
    pipe: [Function: bound pipe],
    readonly: [Function: bound readonly],
    isNullable: [Function: bound isNullable],
    isOptional: [Function: bound isOptional],
    '~standard': { version: 1, vendor: 'zod', validate: [Function: validate] },
    _cached: { shape: [Object], keys: [Array] },
    nonstrict: [Function: passthrough],
    augment: [Function: extend]
  },
  call: [AsyncFunction (anonymous)]
}
[2026-02-12T19:36:51.102+08:00] locateFields [ 'locate' ]
[2026-02-12T19:36:55.612+08:00] actionInActionSpace matched {
  name: 'Tap',
  description: 'Tap the element',
  interfaceAlias: 'aiTap',
  paramSchema: ZodObject {
    spa: [Function: bound safeParseAsync] AsyncFunction,
    _def: {
      shape: [Function: shape],
      unknownKeys: 'strip',
      catchall: [ZodNever],
      typeName: 'ZodObject'
    },
    parse: [Function: bound parse],
    safeParse: [Function: bound safeParse],
    parseAsync: [Function: bound parseAsync] AsyncFunction,
    safeParseAsync: [Function: bound safeParseAsync] AsyncFunction,
    refine: [Function: bound refine],
    refinement: [Function: bound refinement],
    superRefine: [Function: bound superRefine],
    optional: [Function: bound optional],
    nullable: [Function: bound nullable],
    nullish: [Function: bound nullish],
    array: [Function: bound array],
    promise: [Function: bound promise],
    or: [Function: bound or],
    and: [Function: bound and],
    transform: [Function: bound transform],
    brand: [Function: bound brand],
    default: [Function: bound default],
    catch: [Function: bound catch],
    describe: [Function: bound describe],
    pipe: [Function: bound pipe],
    readonly: [Function: bound readonly],
    isNullable: [Function: bound isNullable],
    isOptional: [Function: bound isOptional],
    '~standard': { version: 1, vendor: 'zod', validate: [Function: validate] },
    _cached: { shape: [Object], keys: [Array] },
    nonstrict: [Function: passthrough],
    augment: [Function: extend]
  },
  call: [AsyncFunction (anonymous)]
}
[2026-02-12T19:36:55.612+08:00] locateFields [ 'locate' ]
[2026-02-12T19:36:56.529+08:00] actionInActionSpace matched {
  name: 'Tap',
  description: 'Tap the element',
  interfaceAlias: 'aiTap',
  paramSchema: ZodObject {
    spa: [Function: bound safeParseAsync] AsyncFunction,
    _def: {
      shape: [Function: shape],
      unknownKeys: 'strip',
      catchall: [ZodNever],
      typeName: 'ZodObject'
    },
    parse: [Function: bound parse],
    safeParse: [Function: bound safeParse],
    parseAsync: [Function: bound parseAsync] AsyncFunction,
    safeParseAsync: [Function: bound safeParseAsync] AsyncFunction,
    refine: [Function: bound refine],
    refinement: [Function: bound refinement],
    superRefine: [Function: bound superRefine],
    optional: [Function: bound optional],
    nullable: [Function: bound nullable],
    nullish: [Function: bound nullish],
    array: [Function: bound array],
    promise: [Function: bound promise],
    or: [Function: bound or],
    and: [Function: bound and],
    transform: [Function: bound transform],
    brand: [Function: bound brand],
    default: [Function: bound default],
    catch: [Function: bound catch],
    describe: [Function: bound describe],
    pipe: [Function: bound pipe],
    readonly: [Function: bound readonly],
    isNullable: [Function: bound isNullable],
    isOptional: [Function: bound isOptional],
    '~standard': { version: 1, vendor: 'zod', validate: [Function: validate] },
    _cached: { shape: [Object], keys: [Array] },
    nonstrict: [Function: passthrough],
    augment: [Function: extend]
  },
  call: [AsyncFunction (anonymous)]
}
[2026-02-12T19:36:56.529+08:00] locateFields [ 'locate' ]
[2026-02-12T19:37:00.798+08:00] actionInActionSpace matched {
  name: 'Tap',
  description: 'Tap the element',
  interfaceAlias: 'aiTap',
  paramSchema: ZodObject {
    spa: [Function: bound safeParseAsync] AsyncFunction,
    _def: {
      shape: [Function: shape],
      unknownKeys: 'strip',
      catchall: [ZodNever],
      typeName: 'ZodObject'
    },
    parse: [Function: bound parse],
    safeParse: [Function: bound safeParse],
    parseAsync: [Function: bound parseAsync] AsyncFunction,
    safeParseAsync: [Function: bound safeParseAsync] AsyncFunction,
    refine: [Function: bound refine],
    refinement: [Function: bound refinement],
    superRefine: [Function: bound superRefine],
    optional: [Function: bound optional],
    nullable: [Function: bound nullable],
    nullish: [Function: bound nullish],
    array: [Function: bound array],
    promise: [Function: bound promise],
    or: [Function: bound or],
    and: [Function: bound and],
    transform: [Function: bound transform],
    brand: [Function: bound brand],
    default: [Function: bound default],
    catch: [Function: bound catch],
    describe: [Function: bound describe],
    pipe: [Function: bound pipe],
    readonly: [Function: bound readonly],
    isNullable: [Function: bound isNullable],
    isOptional: [Function: bound isOptional],
    '~standard': { version: 1, vendor: 'zod', validate: [Function: validate] },
    _cached: { shape: [Object], keys: [Array] },
    nonstrict: [Function: passthrough],
    augment: [Function: extend]
  },
  call: [AsyncFunction (anonymous)]
}
[2026-02-12T19:37:00.798+08:00] locateFields [ 'locate' ]
[2026-02-12T19:37:03.086+08:00] actionInActionSpace matched {
  name: 'Tap',
  description: 'Tap the element',
  interfaceAlias: 'aiTap',
  paramSchema: ZodObject {
    spa: [Function: bound safeParseAsync] AsyncFunction,
    _def: {
      shape: [Function: shape],
      unknownKeys: 'strip',
      catchall: [ZodNever],
      typeName: 'ZodObject'
    },
    parse: [Function: bound parse],
    safeParse: [Function: bound safeParse],
    parseAsync: [Function: bound parseAsync] AsyncFunction,
    safeParseAsync: [Function: bound safeParseAsync] AsyncFunction,
    refine: [Function: bound refine],
    refinement: [Function: bound refinement],
    superRefine: [Function: bound superRefine],
    optional: [Function: bound optional],
    nullable: [Function: bound nullable],
    nullish: [Function: bound nullish],
    array: [Function: bound array],
    promise: [Function: bound promise],
    or: [Function: bound or],
    and: [Function: bound and],
    transform: [Function: bound transform],
    brand: [Function: bound brand],
    default: [Function: bound default],
    catch: [Function: bound catch],
    describe: [Function: bound describe],
    pipe: [Function: bound pipe],
    readonly: [Function: bound readonly],
    isNullable: [Function: bound isNullable],
    isOptional: [Function: bound isOptional],
    '~standard': { version: 1, vendor: 'zod', validate: [Function: validate] },
    _cached: { shape: [Object], keys: [Array] },
    nonstrict: [Function: passthrough],
    augment: [Function: extend]
  },
  call: [AsyncFunction (anonymous)]
}
[2026-02-12T19:37:03.086+08:00] locateFields [ 'locate' ]
[2026-02-12T19:37:08.002+08:00] actionInActionSpace matched {
  name: 'Tap',
  description: 'Tap the element',
  interfaceAlias: 'aiTap',
  paramSchema: ZodObject {
    spa: [Function: bound safeParseAsync] AsyncFunction,
    _def: {
      shape: [Function: shape],
      unknownKeys: 'strip',
      catchall: [ZodNever],
      typeName: 'ZodObject'
    },
    parse: [Function: bound parse],
    safeParse: [Function: bound safeParse],
    parseAsync: [Function: bound parseAsync] AsyncFunction,
    safeParseAsync: [Function: bound safeParseAsync] AsyncFunction,
    refine: [Function: bound refine],
    refinement: [Function: bound refinement],
    superRefine: [Function: bound superRefine],
    optional: [Function: bound optional],
    nullable: [Function: bound nullable],
    nullish: [Function: bound nullish],
    array: [Function: bound array],
    promise: [Function: bound promise],
    or: [Function: bound or],
    and: [Function: bound and],
    transform: [Function: bound transform],
    brand: [Function: bound brand],
    default: [Function: bound default],
    catch: [Function: bound catch],
    describe: [Function: bound describe],
    pipe: [Function: bound pipe],
    readonly: [Function: bound readonly],
    isNullable: [Function: bound isNullable],
    isOptional: [Function: bound isOptional],
    '~standard': { version: 1, vendor: 'zod', validate: [Function: validate] },
    _cached: { shape: [Object], keys: [Array] },
    nonstrict: [Function: passthrough],
    augment: [Function: extend]
  },
  call: [AsyncFunction (anonymous)]
}
[2026-02-12T19:37:08.002+08:00] locateFields [ 'locate' ]
[2026-02-12T19:37:09.457+08:00] actionInActionSpace matched {
  name: 'Tap',
  description: 'Tap the element',
  interfaceAlias: 'aiTap',
  paramSchema: ZodObject {
    spa: [Function: bound safeParseAsync] AsyncFunction,
    _def: {
      shape: [Function: shape],
      unknownKeys: 'strip',
      catchall: [ZodNever],
      typeName: 'ZodObject'
    },
    parse: [Function: bound parse],
    safeParse: [Function: bound safeParse],
    parseAsync: [Function: bound parseAsync] AsyncFunction,
    safeParseAsync: [Function: bound safeParseAsync] AsyncFunction,
    refine: [Function: bound refine],
    refinement: [Function: bound refinement],
    superRefine: [Function: bound superRefine],
    optional: [Function: bound optional],
    nullable: [Function: bound nullable],
    nullish: [Function: bound nullish],
    array: [Function: bound array],
    promise: [Function: bound promise],
    or: [Function: bound or],
    and: [Function: bound and],
    transform: [Function: bound transform],
    brand: [Function: bound brand],
    default: [Function: bound default],
    catch: [Function: bound catch],
    describe: [Function: bound describe],
    pipe: [Function: bound pipe],
    readonly: [Function: bound readonly],
    isNullable: [Function: bound isNullable],
    isOptional: [Function: bound isOptional],
    '~standard': { version: 1, vendor: 'zod', validate: [Function: validate] },
    _cached: { shape: [Object], keys: [Array] },
    nonstrict: [Function: passthrough],
    augment: [Function: extend]
  },
  call: [AsyncFunction (anonymous)]
}
[2026-02-12T19:37:09.457+08:00] locateFields [ 'locate' ]
[2026-02-12T19:37:13.015+08:00] actionInActionSpace matched {
  name: 'Tap',
  description: 'Tap the element',
  interfaceAlias: 'aiTap',
  paramSchema: ZodObject {
    spa: [Function: bound safeParseAsync] AsyncFunction,
    _def: {
      shape: [Function: shape],
      unknownKeys: 'strip',
      catchall: [ZodNever],
      typeName: 'ZodObject'
    },
    parse: [Function: bound parse],
    safeParse: [Function: bound safeParse],
    parseAsync: [Function: bound parseAsync] AsyncFunction,
    safeParseAsync: [Function: bound safeParseAsync] AsyncFunction,
    refine: [Function: bound refine],
    refinement: [Function: bound refinement],
    superRefine: [Function: bound superRefine],
    optional: [Function: bound optional],
    nullable: [Function: bound nullable],
    nullish: [Function: bound nullish],
    array: [Function: bound array],
    promise: [Function: bound promise],
    or: [Function: bound or],
    and: [Function: bound and],
    transform: [Function: bound transform],
    brand: [Function: bound brand],
    default: [Function: bound default],
    catch: [Function: bound catch],
    describe: [Function: bound describe],
    pipe: [Function: bound pipe],
    readonly: [Function: bound readonly],
    isNullable: [Function: bound isNullable],
    isOptional: [Function: bound isOptional],
    '~standard': { version: 1, vendor: 'zod', validate: [Function: validate] },
    _cached: { shape: [Object], keys: [Array] },
    nonstrict: [Function: passthrough],
    augment: [Function: extend]
  },
  call: [AsyncFunction (anonymous)]
}
[2026-02-12T19:37:13.015+08:00] locateFields [ 'locate' ]
[2026-02-12T19:37:15.549+08:00] actionInActionSpace matched {
  name: 'Tap',
  description: 'Tap the element',
  interfaceAlias: 'aiTap',
  paramSchema: ZodObject {
    spa: [Function: bound safeParseAsync] AsyncFunction,
    _def: {
      shape: [Function: shape],
      unknownKeys: 'strip',
      catchall: [ZodNever],
      typeName: 'ZodObject'
    },
    parse: [Function: bound parse],
    safeParse: [Function: bound safeParse],
    parseAsync: [Function: bound parseAsync] AsyncFunction,
    safeParseAsync: [Function: bound safeParseAsync] AsyncFunction,
    refine: [Function: bound refine],
    refinement: [Function: bound refinement],
    superRefine: [Function: bound superRefine],
    optional: [Function: bound optional],
    nullable: [Function: bound nullable],
    nullish: [Function: bound nullish],
    array: [Function: bound array],
    promise: [Function: bound promise],
    or: [Function: bound or],
    and: [Function: bound and],
    transform: [Function: bound transform],
    brand: [Function: bound brand],
    default: [Function: bound default],
    catch: [Function: bound catch],
    describe: [Function: bound describe],
    pipe: [Function: bound pipe],
    readonly: [Function: bound readonly],
    isNullable: [Function: bound isNullable],
    isOptional: [Function: bound isOptional],
    '~standard': { version: 1, vendor: 'zod', validate: [Function: validate] },
    _cached: { shape: [Object], keys: [Array] },
    nonstrict: [Function: passthrough],
    augment: [Function: extend]
  },
  call: [AsyncFunction (anonymous)]
}
[2026-02-12T19:37:15.549+08:00] locateFields [ 'locate' ]
[2026-02-12T19:37:18.854+08:00] actionInActionSpace matched {
  name: 'Tap',
  description: 'Tap the element',
  interfaceAlias: 'aiTap',
  paramSchema: ZodObject {
    spa: [Function: bound safeParseAsync] AsyncFunction,
    _def: {
      shape: [Function: shape],
      unknownKeys: 'strip',
      catchall: [ZodNever],
      typeName: 'ZodObject'
    },
    parse: [Function: bound parse],
    safeParse: [Function: bound safeParse],
    parseAsync: [Function: bound parseAsync] AsyncFunction,
    safeParseAsync: [Function: bound safeParseAsync] AsyncFunction,
    refine: [Function: bound refine],
    refinement: [Function: bound refinement],
    superRefine: [Function: bound superRefine],
    optional: [Function: bound optional],
    nullable: [Function: bound nullable],
    nullish: [Function: bound nullish],
    array: [Function: bound array],
    promise: [Function: bound promise],
    or: [Function: bound or],
    and: [Function: bound and],
    transform: [Function: bound transform],
    brand: [Function: bound brand],
    default: [Function: bound default],
    catch: [Function: bound catch],
    describe: [Function: bound describe],
    pipe: [Function: bound pipe],
    readonly: [Function: bound readonly],
    isNullable: [Function: bound isNullable],
    isOptional: [Function: bound isOptional],
    '~standard': { version: 1, vendor: 'zod', validate: [Function: validate] },
    _cached: { shape: [Object], keys: [Array] },
    nonstrict: [Function: passthrough],
    augment: [Function: extend]
  },
  call: [AsyncFunction (anonymous)]
}
[2026-02-12T19:37:18.854+08:00] locateFields [ 'locate' ]
[2026-02-12T19:37:22.538+08:00] actionInActionSpace matched {
  name: 'Tap',
  description: 'Tap the element',
  interfaceAlias: 'aiTap',
  paramSchema: ZodObject {
    spa: [Function: bound safeParseAsync] AsyncFunction,
    _def: {
      shape: [Function: shape],
      unknownKeys: 'strip',
      catchall: [ZodNever],
      typeName: 'ZodObject'
    },
    parse: [Function: bound parse],
    safeParse: [Function: bound safeParse],
    parseAsync: [Function: bound parseAsync] AsyncFunction,
    safeParseAsync: [Function: bound safeParseAsync] AsyncFunction,
    refine: [Function: bound refine],
    refinement: [Function: bound refinement],
    superRefine: [Function: bound superRefine],
    optional: [Function: bound optional],
    nullable: [Function: bound nullable],
    nullish: [Function: bound nullish],
    array: [Function: bound array],
    promise: [Function: bound promise],
    or: [Function: bound or],
    and: [Function: bound and],
    transform: [Function: bound transform],
    brand: [Function: bound brand],
    default: [Function: bound default],
    catch: [Function: bound catch],
    describe: [Function: bound describe],
    pipe: [Function: bound pipe],
    readonly: [Function: bound readonly],
    isNullable: [Function: bound isNullable],
    isOptional: [Function: bound isOptional],
    '~standard': { version: 1, vendor: 'zod', validate: [Function: validate] },
    _cached: { shape: [Object], keys: [Array] },
    nonstrict: [Function: passthrough],
    augment: [Function: extend]
  },
  call: [AsyncFunction (anonymous)]
}
[2026-02-12T19:37:22.538+08:00] locateFields [ 'locate' ]
[2026-02-12T19:37:26.945+08:00] actionInActionSpace matched {
  name: 'Tap',
  description: 'Tap the element',
  interfaceAlias: 'aiTap',
  paramSchema: ZodObject {
    spa: [Function: bound safeParseAsync] AsyncFunction,
    _def: {
      shape: [Function: shape],
      unknownKeys: 'strip',
      catchall: [ZodNever],
      typeName: 'ZodObject'
    },
    parse: [Function: bound parse],
    safeParse: [Function: bound safeParse],
    parseAsync: [Function: bound parseAsync] AsyncFunction,
    safeParseAsync: [Function: bound safeParseAsync] AsyncFunction,
    refine: [Function: bound refine],
    refinement: [Function: bound refinement],
    superRefine: [Function: bound superRefine],
    optional: [Function: bound optional],
    nullable: [Function: bound nullable],
    nullish: [Function: bound nullish],
    array: [Function: bound array],
    promise: [Function: bound promise],
    or: [Function: bound or],
    and: [Function: bound and],
    transform: [Function: bound transform],
    brand: [Function: bound brand],
    default: [Function: bound default],
    catch: [Function: bound catch],
    describe: [Function: bound describe],
    pipe: [Function: bound pipe],
    readonly: [Function: bound readonly],
    isNullable: [Function: bound isNullable],
    isOptional: [Function: bound isOptional],
    '~standard': { version: 1, vendor: 'zod', validate: [Function: validate] },
    _cached: { shape: [Object], keys: [Array] },
    nonstrict: [Function: passthrough],
    augment: [Function: extend]
  },
  call: [AsyncFunction (anonymous)]
}
[2026-02-12T19:37:26.945+08:00] locateFields [ 'locate' ]
[2026-02-12T19:37:27.351+08:00] actionInActionSpace matched {
  name: 'Tap',
  description: 'Tap the element',
  interfaceAlias: 'aiTap',
  paramSchema: ZodObject {
    spa: [Function: bound safeParseAsync] AsyncFunction,
    _def: {
      shape: [Function: shape],
      unknownKeys: 'strip',
      catchall: [ZodNever],
      typeName: 'ZodObject'
    },
    parse: [Function: bound parse],
    safeParse: [Function: bound safeParse],
    parseAsync: [Function: bound parseAsync] AsyncFunction,
    safeParseAsync: [Function: bound safeParseAsync] AsyncFunction,
    refine: [Function: bound refine],
    refinement: [Function: bound refinement],
    superRefine: [Function: bound superRefine],
    optional: [Function: bound optional],
    nullable: [Function: bound nullable],
    nullish: [Function: bound nullish],
    array: [Function: bound array],
    promise: [Function: bound promise],
    or: [Function: bound or],
    and: [Function: bound and],
    transform: [Function: bound transform],
    brand: [Function: bound brand],
    default: [Function: bound default],
    catch: [Function: bound catch],
    describe: [Function: bound describe],
    pipe: [Function: bound pipe],
    readonly: [Function: bound readonly],
    isNullable: [Function: bound isNullable],
    isOptional: [Function: bound isOptional],
    '~standard': { version: 1, vendor: 'zod', validate: [Function: validate] },
    _cached: { shape: [Object], keys: [Array] },
    nonstrict: [Function: passthrough],
    augment: [Function: extend]
  },
  call: [AsyncFunction (anonymous)]
}
[2026-02-12T19:37:27.352+08:00] locateFields [ 'locate' ]
[2026-02-12T19:37:32.374+08:00] actionInActionSpace matched {
  name: 'Tap',
  description: 'Tap the element',
  interfaceAlias: 'aiTap',
  paramSchema: ZodObject {
    spa: [Function: bound safeParseAsync] AsyncFunction,
    _def: {
      shape: [Function: shape],
      unknownKeys: 'strip',
      catchall: [ZodNever],
      typeName: 'ZodObject'
    },
    parse: [Function: bound parse],
    safeParse: [Function: bound safeParse],
    parseAsync: [Function: bound parseAsync] AsyncFunction,
    safeParseAsync: [Function: bound safeParseAsync] AsyncFunction,
    refine: [Function: bound refine],
    refinement: [Function: bound refinement],
    superRefine: [Function: bound superRefine],
    optional: [Function: bound optional],
    nullable: [Function: bound nullable],
    nullish: [Function: bound nullish],
    array: [Function: bound array],
    promise: [Function: bound promise],
    or: [Function: bound or],
    and: [Function: bound and],
    transform: [Function: bound transform],
    brand: [Function: bound brand],
    default: [Function: bound default],
    catch: [Function: bound catch],
    describe: [Function: bound describe],
    pipe: [Function: bound pipe],
    readonly: [Function: bound readonly],
    isNullable: [Function: bound isNullable],
    isOptional: [Function: bound isOptional],
    '~standard': { version: 1, vendor: 'zod', validate: [Function: validate] },
    _cached: { shape: [Object], keys: [Array] },
    nonstrict: [Function: passthrough],
    augment: [Function: extend]
  },
  call: [AsyncFunction (anonymous)]
}
[2026-02-12T19:37:32.374+08:00] locateFields [ 'locate' ]
[2026-02-12T19:37:32.376+08:00] actionInActionSpace matched {
  name: 'Tap',
  description: 'Tap the element',
  interfaceAlias: 'aiTap',
  paramSchema: ZodObject {
    spa: [Function: bound safeParseAsync] AsyncFunction,
    _def: {
      shape: [Function: shape],
      unknownKeys: 'strip',
      catchall: [ZodNever],
      typeName: 'ZodObject'
    },
    parse: [Function: bound parse],
    safeParse: [Function: bound safeParse],
    parseAsync: [Function: bound parseAsync] AsyncFunction,
    safeParseAsync: [Function: bound safeParseAsync] AsyncFunction,
    refine: [Function: bound refine],
    refinement: [Function: bound refinement],
    superRefine: [Function: bound superRefine],
    optional: [Function: bound optional],
    nullable: [Function: bound nullable],
    nullish: [Function: bound nullish],
    array: [Function: bound array],
    promise: [Function: bound promise],
    or: [Function: bound or],
    and: [Function: bound and],
    transform: [Function: bound transform],
    brand: [Function: bound brand],
    default: [Function: bound default],
    catch: [Function: bound catch],
    describe: [Function: bound describe],
    pipe: [Function: bound pipe],
    readonly: [Function: bound readonly],
    isNullable: [Function: bound isNullable],
    isOptional: [Function: bound isOptional],
    '~standard': { version: 1, vendor: 'zod', validate: [Function: validate] },
    _cached: { shape: [Object], keys: [Array] },
    nonstrict: [Function: passthrough],
    augment: [Function: extend]
  },
  call: [AsyncFunction (anonymous)]
}
[2026-02-12T19:37:32.377+08:00] locateFields [ 'locate' ]
[2026-02-12T19:37:37.697+08:00] actionInActionSpace matched {
  name: 'Tap',
  description: 'Tap the element',
  interfaceAlias: 'aiTap',
  paramSchema: ZodObject {
    spa: [Function: bound safeParseAsync] AsyncFunction,
    _def: {
      shape: [Function: shape],
      unknownKeys: 'strip',
      catchall: [ZodNever],
      typeName: 'ZodObject'
    },
    parse: [Function: bound parse],
    safeParse: [Function: bound safeParse],
    parseAsync: [Function: bound parseAsync] AsyncFunction,
    safeParseAsync: [Function: bound safeParseAsync] AsyncFunction,
    refine: [Function: bound refine],
    refinement: [Function: bound refinement],
    superRefine: [Function: bound superRefine],
    optional: [Function: bound optional],
    nullable: [Function: bound nullable],
    nullish: [Function: bound nullish],
    array: [Function: bound array],
    promise: [Function: bound promise],
    or: [Function: bound or],
    and: [Function: bound and],
    transform: [Function: bound transform],
    brand: [Function: bound brand],
    default: [Function: bound default],
    catch: [Function: bound catch],
    describe: [Function: bound describe],
    pipe: [Function: bound pipe],
    readonly: [Function: bound readonly],
    isNullable: [Function: bound isNullable],
    isOptional: [Function: bound isOptional],
    '~standard': { version: 1, vendor: 'zod', validate: [Function: validate] },
    _cached: { shape: [Object], keys: [Array] },
    nonstrict: [Function: passthrough],
    augment: [Function: extend]
  },
  call: [AsyncFunction (anonymous)]
}
[2026-02-12T19:37:37.697+08:00] locateFields [ 'locate' ]
[2026-02-12T19:37:39.026+08:00] actionInActionSpace matched {
  name: 'Tap',
  description: 'Tap the element',
  interfaceAlias: 'aiTap',
  paramSchema: ZodObject {
    spa: [Function: bound safeParseAsync] AsyncFunction,
    _def: {
      shape: [Function: shape],
      unknownKeys: 'strip',
      catchall: [ZodNever],
      typeName: 'ZodObject'
    },
    parse: [Function: bound parse],
    safeParse: [Function: bound safeParse],
    parseAsync: [Function: bound parseAsync] AsyncFunction,
    safeParseAsync: [Function: bound safeParseAsync] AsyncFunction,
    refine: [Function: bound refine],
    refinement: [Function: bound refinement],
    superRefine: [Function: bound superRefine],
    optional: [Function: bound optional],
    nullable: [Function: bound nullable],
    nullish: [Function: bound nullish],
    array: [Function: bound array],
    promise: [Function: bound promise],
    or: [Function: bound or],
    and: [Function: bound and],
    transform: [Function: bound transform],
    brand: [Function: bound brand],
    default: [Function: bound default],
    catch: [Function: bound catch],
    describe: [Function: bound describe],
    pipe: [Function: bound pipe],
    readonly: [Function: bound readonly],
    isNullable: [Function: bound isNullable],
    isOptional: [Function: bound isOptional],
    '~standard': { version: 1, vendor: 'zod', validate: [Function: validate] },
    _cached: { shape: [Object], keys: [Array] },
    nonstrict: [Function: passthrough],
    augment: [Function: extend]
  },
  call: [AsyncFunction (anonymous)]
}
[2026-02-12T19:37:39.026+08:00] locateFields [ 'locate' ]
[2026-02-12T19:37:44.086+08:00] actionInActionSpace matched {
  name: 'Tap',
  description: 'Tap the element',
  interfaceAlias: 'aiTap',
  paramSchema: ZodObject {
    spa: [Function: bound safeParseAsync] AsyncFunction,
    _def: {
      shape: [Function: shape],
      unknownKeys: 'strip',
      catchall: [ZodNever],
      typeName: 'ZodObject'
    },
    parse: [Function: bound parse],
    safeParse: [Function: bound safeParse],
    parseAsync: [Function: bound parseAsync] AsyncFunction,
    safeParseAsync: [Function: bound safeParseAsync] AsyncFunction,
    refine: [Function: bound refine],
    refinement: [Function: bound refinement],
    superRefine: [Function: bound superRefine],
    optional: [Function: bound optional],
    nullable: [Function: bound nullable],
    nullish: [Function: bound nullish],
    array: [Function: bound array],
    promise: [Function: bound promise],
    or: [Function: bound or],
    and: [Function: bound and],
    transform: [Function: bound transform],
    brand: [Function: bound brand],
    default: [Function: bound default],
    catch: [Function: bound catch],
    describe: [Function: bound describe],
    pipe: [Function: bound pipe],
    readonly: [Function: bound readonly],
    isNullable: [Function: bound isNullable],
    isOptional: [Function: bound isOptional],
    '~standard': { version: 1, vendor: 'zod', validate: [Function: validate] },
    _cached: { shape: [Object], keys: [Array] },
    nonstrict: [Function: passthrough],
    augment: [Function: extend]
  },
  call: [AsyncFunction (anonymous)]
}
[2026-02-12T19:37:44.086+08:00] locateFields [ 'locate' ]
[2026-02-12T19:37:44.279+08:00] actionInActionSpace matched {
  name: 'Tap',
  description: 'Tap the element',
  interfaceAlias: 'aiTap',
  paramSchema: ZodObject {
    spa: [Function: bound safeParseAsync] AsyncFunction,
    _def: {
      shape: [Function: shape],
      unknownKeys: 'strip',
      catchall: [ZodNever],
      typeName: 'ZodObject'
    },
    parse: [Function: bound parse],
    safeParse: [Function: bound safeParse],
    parseAsync: [Function: bound parseAsync] AsyncFunction,
    safeParseAsync: [Function: bound safeParseAsync] AsyncFunction,
    refine: [Function: bound refine],
    refinement: [Function: bound refinement],
    superRefine: [Function: bound superRefine],
    optional: [Function: bound optional],
    nullable: [Function: bound nullable],
    nullish: [Function: bound nullish],
    array: [Function: bound array],
    promise: [Function: bound promise],
    or: [Function: bound or],
    and: [Function: bound and],
    transform: [Function: bound transform],
    brand: [Function: bound brand],
    default: [Function: bound default],
    catch: [Function: bound catch],
    describe: [Function: bound describe],
    pipe: [Function: bound pipe],
    readonly: [Function: bound readonly],
    isNullable: [Function: bound isNullable],
    isOptional: [Function: bound isOptional],
    '~standard': { version: 1, vendor: 'zod', validate: [Function: validate] },
    _cached: { shape: [Object], keys: [Array] },
    nonstrict: [Function: passthrough],
    augment: [Function: extend]
  },
  call: [AsyncFunction (anonymous)]
}
[2026-02-12T19:37:44.279+08:00] locateFields [ 'locate' ]
[2026-02-12T19:37:49.403+08:00] actionInActionSpace matched {
  name: 'Tap',
  description: 'Tap the element',
  interfaceAlias: 'aiTap',
  paramSchema: ZodObject {
    spa: [Function: bound safeParseAsync] AsyncFunction,
    _def: {
      shape: [Function: shape],
      unknownKeys: 'strip',
      catchall: [ZodNever],
      typeName: 'ZodObject'
    },
    parse: [Function: bound parse],
    safeParse: [Function: bound safeParse],
    parseAsync: [Function: bound parseAsync] AsyncFunction,
    safeParseAsync: [Function: bound safeParseAsync] AsyncFunction,
    refine: [Function: bound refine],
    refinement: [Function: bound refinement],
    superRefine: [Function: bound superRefine],
    optional: [Function: bound optional],
    nullable: [Function: bound nullable],
    nullish: [Function: bound nullish],
    array: [Function: bound array],
    promise: [Function: bound promise],
    or: [Function: bound or],
    and: [Function: bound and],
    transform: [Function: bound transform],
    brand: [Function: bound brand],
    default: [Function: bound default],
    catch: [Function: bound catch],
    describe: [Function: bound describe],
    pipe: [Function: bound pipe],
    readonly: [Function: bound readonly],
    isNullable: [Function: bound isNullable],
    isOptional: [Function: bound isOptional],
    '~standard': { version: 1, vendor: 'zod', validate: [Function: validate] },
    _cached: { shape: [Object], keys: [Array] },
    nonstrict: [Function: passthrough],
    augment: [Function: extend]
  },
  call: [AsyncFunction (anonymous)]
}
[2026-02-12T19:37:49.403+08:00] locateFields [ 'locate' ]
[2026-02-12T19:37:50.599+08:00] actionInActionSpace matched {
  name: 'Tap',
  description: 'Tap the element',
  interfaceAlias: 'aiTap',
  paramSchema: ZodObject {
    spa: [Function: bound safeParseAsync] AsyncFunction,
    _def: {
      shape: [Function: shape],
      unknownKeys: 'strip',
      catchall: [ZodNever],
      typeName: 'ZodObject'
    },
    parse: [Function: bound parse],
    safeParse: [Function: bound safeParse],
    parseAsync: [Function: bound parseAsync] AsyncFunction,
    safeParseAsync: [Function: bound safeParseAsync] AsyncFunction,
    refine: [Function: bound refine],
    refinement: [Function: bound refinement],
    superRefine: [Function: bound superRefine],
    optional: [Function: bound optional],
    nullable: [Function: bound nullable],
    nullish: [Function: bound nullish],
    array: [Function: bound array],
    promise: [Function: bound promise],
    or: [Function: bound or],
    and: [Function: bound and],
    transform: [Function: bound transform],
    brand: [Function: bound brand],
    default: [Function: bound default],
    catch: [Function: bound catch],
    describe: [Function: bound describe],
    pipe: [Function: bound pipe],
    readonly: [Function: bound readonly],
    isNullable: [Function: bound isNullable],
    isOptional: [Function: bound isOptional],
    '~standard': { version: 1, vendor: 'zod', validate: [Function: validate] },
    _cached: { shape: [Object], keys: [Array] },
    nonstrict: [Function: passthrough],
    augment: [Function: extend]
  },
  call: [AsyncFunction (anonymous)]
}
[2026-02-12T19:37:50.599+08:00] locateFields [ 'locate' ]
[2026-02-12T19:37:55.249+08:00] actionInActionSpace matched {
  name: 'Tap',
  description: 'Tap the element',
  interfaceAlias: 'aiTap',
  paramSchema: ZodObject {
    spa: [Function: bound safeParseAsync] AsyncFunction,
    _def: {
      shape: [Function: shape],
      unknownKeys: 'strip',
      catchall: [ZodNever],
      typeName: 'ZodObject'
    },
    parse: [Function: bound parse],
    safeParse: [Function: bound safeParse],
    parseAsync: [Function: bound parseAsync] AsyncFunction,
    safeParseAsync: [Function: bound safeParseAsync] AsyncFunction,
    refine: [Function: bound refine],
    refinement: [Function: bound refinement],
    superRefine: [Function: bound superRefine],
    optional: [Function: bound optional],
    nullable: [Function: bound nullable],
    nullish: [Function: bound nullish],
    array: [Function: bound array],
    promise: [Function: bound promise],
    or: [Function: bound or],
    and: [Function: bound and],
    transform: [Function: bound transform],
    brand: [Function: bound brand],
    default: [Function: bound default],
    catch: [Function: bound catch],
    describe: [Function: bound describe],
    pipe: [Function: bound pipe],
    readonly: [Function: bound readonly],
    isNullable: [Function: bound isNullable],
    isOptional: [Function: bound isOptional],
    '~standard': { version: 1, vendor: 'zod', validate: [Function: validate] },
    _cached: { shape: [Object], keys: [Array] },
    nonstrict: [Function: passthrough],
    augment: [Function: extend]
  },
  call: [AsyncFunction (anonymous)]
}
[2026-02-12T19:37:55.249+08:00] locateFields [ 'locate' ]
[2026-02-12T19:37:56.742+08:00] actionInActionSpace matched {
  name: 'Tap',
  description: 'Tap the element',
  interfaceAlias: 'aiTap',
  paramSchema: ZodObject {
    spa: [Function: bound safeParseAsync] AsyncFunction,
    _def: {
      shape: [Function: shape],
      unknownKeys: 'strip',
      catchall: [ZodNever],
      typeName: 'ZodObject'
    },
    parse: [Function: bound parse],
    safeParse: [Function: bound safeParse],
    parseAsync: [Function: bound parseAsync] AsyncFunction,
    safeParseAsync: [Function: bound safeParseAsync] AsyncFunction,
    refine: [Function: bound refine],
    refinement: [Function: bound refinement],
    superRefine: [Function: bound superRefine],
    optional: [Function: bound optional],
    nullable: [Function: bound nullable],
    nullish: [Function: bound nullish],
    array: [Function: bound array],
    promise: [Function: bound promise],
    or: [Function: bound or],
    and: [Function: bound and],
    transform: [Function: bound transform],
    brand: [Function: bound brand],
    default: [Function: bound default],
    catch: [Function: bound catch],
    describe: [Function: bound describe],
    pipe: [Function: bound pipe],
    readonly: [Function: bound readonly],
    isNullable: [Function: bound isNullable],
    isOptional: [Function: bound isOptional],
    '~standard': { version: 1, vendor: 'zod', validate: [Function: validate] },
    _cached: { shape: [Object], keys: [Array] },
    nonstrict: [Function: passthrough],
    augment: [Function: extend]
  },
  call: [AsyncFunction (anonymous)]
}
[2026-02-12T19:37:56.742+08:00] locateFields [ 'locate' ]
[2026-02-12T19:38:01.863+08:00] actionInActionSpace matched {
  name: 'Tap',
  description: 'Tap the element',
  interfaceAlias: 'aiTap',
  paramSchema: ZodObject {
    spa: [Function: bound safeParseAsync] AsyncFunction,
    _def: {
      shape: [Function: shape],
      unknownKeys: 'strip',
      catchall: [ZodNever],
      typeName: 'ZodObject'
    },
    parse: [Function: bound parse],
    safeParse: [Function: bound safeParse],
    parseAsync: [Function: bound parseAsync] AsyncFunction,
    safeParseAsync: [Function: bound safeParseAsync] AsyncFunction,
    refine: [Function: bound refine],
    refinement: [Function: bound refinement],
    superRefine: [Function: bound superRefine],
    optional: [Function: bound optional],
    nullable: [Function: bound nullable],
    nullish: [Function: bound nullish],
    array: [Function: bound array],
    promise: [Function: bound promise],
    or: [Function: bound or],
    and: [Function: bound and],
    transform: [Function: bound transform],
    brand: [Function: bound brand],
    default: [Function: bound default],
    catch: [Function: bound catch],
    describe: [Function: bound describe],
    pipe: [Function: bound pipe],
    readonly: [Function: bound readonly],
    isNullable: [Function: bound isNullable],
    isOptional: [Function: bound isOptional],
    '~standard': { version: 1, vendor: 'zod', validate: [Function: validate] },
    _cached: { shape: [Object], keys: [Array] },
    nonstrict: [Function: passthrough],
    augment: [Function: extend]
  },
  call: [AsyncFunction (anonymous)]
}
[2026-02-12T19:38:01.863+08:00] locateFields [ 'locate' ]
[2026-02-12T19:38:04.830+08:00] goal completed via complete-goal tag, stop planning
[2026-02-12T19:38:05.550+08:00] actionInActionSpace matched {
  name: 'Input',
  description: 'Input text into the input field',
  interfaceAlias: 'aiInput',
  paramSchema: ZodObject {
    spa: [Function: bound safeParseAsync] AsyncFunction,
    _def: {
      shape: [Function: shape],
      unknownKeys: 'strip',
      catchall: [ZodNever],
      typeName: 'ZodObject'
    },
    parse: [Function: bound parse],
    safeParse: [Function: bound safeParse],
    parseAsync: [Function: bound parseAsync] AsyncFunction,
    safeParseAsync: [Function: bound safeParseAsync] AsyncFunction,
    refine: [Function: bound refine],
    refinement: [Function: bound refinement],
    superRefine: [Function: bound superRefine],
    optional: [Function: bound optional],
    nullable: [Function: bound nullable],
    nullish: [Function: bound nullish],
    array: [Function: bound array],
    promise: [Function: bound promise],
    or: [Function: bound or],
    and: [Function: bound and],
    transform: [Function: bound transform],
    brand: [Function: bound brand],
    default: [Function: bound default],
    catch: [Function: bound catch],
    describe: [Function: bound describe],
    pipe: [Function: bound pipe],
    readonly: [Function: bound readonly],
    isNullable: [Function: bound isNullable],
    isOptional: [Function: bound isOptional],
    '~standard': { version: 1, vendor: 'zod', validate: [Function: validate] },
    _cached: null,
    nonstrict: [Function: passthrough],
    augment: [Function: extend]
  },
  call: [AsyncFunction: call]
}
[2026-02-12T19:38:05.550+08:00] locateFields [ 'locate' ]
[2026-02-12T19:38:17.632+08:00] goal completed via complete-goal tag, stop planning
[2026-02-12T19:38:17.940+08:00] actionInActionSpace matched {
  name: 'Tap',
  description: 'Tap the element',
  interfaceAlias: 'aiTap',
  paramSchema: ZodObject {
    spa: [Function: bound safeParseAsync] AsyncFunction,
    _def: {
      shape: [Function: shape],
      unknownKeys: 'strip',
      catchall: [ZodNever],
      typeName: 'ZodObject'
    },
    parse: [Function: bound parse],
    safeParse: [Function: bound safeParse],
    parseAsync: [Function: bound parseAsync] AsyncFunction,
    safeParseAsync: [Function: bound safeParseAsync] AsyncFunction,
    refine: [Function: bound refine],
    refinement: [Function: bound refinement],
    superRefine: [Function: bound superRefine],
    optional: [Function: bound optional],
    nullable: [Function: bound nullable],
    nullish: [Function: bound nullish],
    array: [Function: bound array],
    promise: [Function: bound promise],
    or: [Function: bound or],
    and: [Function: bound and],
    transform: [Function: bound transform],
    brand: [Function: bound brand],
    default: [Function: bound default],
    catch: [Function: bound catch],
    describe: [Function: bound describe],
    pipe: [Function: bound pipe],
    readonly: [Function: bound readonly],
    isNullable: [Function: bound isNullable],
    isOptional: [Function: bound isOptional],
    '~standard': { version: 1, vendor: 'zod', validate: [Function: validate] },
    _cached: { shape: [Object], keys: [Array] },
    nonstrict: [Function: passthrough],
    augment: [Function: extend]
  },
  call: [AsyncFunction (anonymous)]
}
[2026-02-12T19:38:17.940+08:00] locateFields [ 'locate' ]
[2026-02-12T19:38:22.445+08:00] actionInActionSpace matched {
  name: 'Tap',
  description: 'Tap the element',
  interfaceAlias: 'aiTap',
  paramSchema: ZodObject {
    spa: [Function: bound safeParseAsync] AsyncFunction,
    _def: {
      shape: [Function: shape],
      unknownKeys: 'strip',
      catchall: [ZodNever],
      typeName: 'ZodObject'
    },
    parse: [Function: bound parse],
    safeParse: [Function: bound safeParse],
    parseAsync: [Function: bound parseAsync] AsyncFunction,
    safeParseAsync: [Function: bound safeParseAsync] AsyncFunction,
    refine: [Function: bound refine],
    refinement: [Function: bound refinement],
    superRefine: [Function: bound superRefine],
    optional: [Function: bound optional],
    nullable: [Function: bound nullable],
    nullish: [Function: bound nullish],
    array: [Function: bound array],
    promise: [Function: bound promise],
    or: [Function: bound or],
    and: [Function: bound and],
    transform: [Function: bound transform],
    brand: [Function: bound brand],
    default: [Function: bound default],
    catch: [Function: bound catch],
    describe: [Function: bound describe],
    pipe: [Function: bound pipe],
    readonly: [Function: bound readonly],
    isNullable: [Function: bound isNullable],
    isOptional: [Function: bound isOptional],
    '~standard': { version: 1, vendor: 'zod', validate: [Function: validate] },
    _cached: { shape: [Object], keys: [Array] },
    nonstrict: [Function: passthrough],
    augment: [Function: extend]
  },
  call: [AsyncFunction (anonymous)]
}
[2026-02-12T19:38:22.445+08:00] locateFields [ 'locate' ]
[2026-02-12T19:38:29.333+08:00] actionInActionSpace matched {
  name: 'Tap',
  description: 'Tap the element',
  interfaceAlias: 'aiTap',
  paramSchema: ZodObject {
    spa: [Function: bound safeParseAsync] AsyncFunction,
    _def: {
      shape: [Function: shape],
      unknownKeys: 'strip',
      catchall: [ZodNever],
      typeName: 'ZodObject'
    },
    parse: [Function: bound parse],
    safeParse: [Function: bound safeParse],
    parseAsync: [Function: bound parseAsync] AsyncFunction,
    safeParseAsync: [Function: bound safeParseAsync] AsyncFunction,
    refine: [Function: bound refine],
    refinement: [Function: bound refinement],
    superRefine: [Function: bound superRefine],
    optional: [Function: bound optional],
    nullable: [Function: bound nullable],
    nullish: [Function: bound nullish],
    array: [Function: bound array],
    promise: [Function: bound promise],
    or: [Function: bound or],
    and: [Function: bound and],
    transform: [Function: bound transform],
    brand: [Function: bound brand],
    default: [Function: bound default],
    catch: [Function: bound catch],
    describe: [Function: bound describe],
    pipe: [Function: bound pipe],
    readonly: [Function: bound readonly],
    isNullable: [Function: bound isNullable],
    isOptional: [Function: bound isOptional],
    '~standard': { version: 1, vendor: 'zod', validate: [Function: validate] },
    _cached: { shape: [Object], keys: [Array] },
    nonstrict: [Function: passthrough],
    augment: [Function: extend]
  },
  call: [AsyncFunction (anonymous)]
}
[2026-02-12T19:38:29.333+08:00] locateFields [ 'locate' ]
[2026-02-12T19:38:35.146+08:00] actionInActionSpace matched {
  name: 'Tap',
  description: 'Tap the element',
  interfaceAlias: 'aiTap',
  paramSchema: ZodObject {
    spa: [Function: bound safeParseAsync] AsyncFunction,
    _def: {
      shape: [Function: shape],
      unknownKeys: 'strip',
      catchall: [ZodNever],
      typeName: 'ZodObject'
    },
    parse: [Function: bound parse],
    safeParse: [Function: bound safeParse],
    parseAsync: [Function: bound parseAsync] AsyncFunction,
    safeParseAsync: [Function: bound safeParseAsync] AsyncFunction,
    refine: [Function: bound refine],
    refinement: [Function: bound refinement],
    superRefine: [Function: bound superRefine],
    optional: [Function: bound optional],
    nullable: [Function: bound nullable],
    nullish: [Function: bound nullish],
    array: [Function: bound array],
    promise: [Function: bound promise],
    or: [Function: bound or],
    and: [Function: bound and],
    transform: [Function: bound transform],
    brand: [Function: bound brand],
    default: [Function: bound default],
    catch: [Function: bound catch],
    describe: [Function: bound describe],
    pipe: [Function: bound pipe],
    readonly: [Function: bound readonly],
    isNullable: [Function: bound isNullable],
    isOptional: [Function: bound isOptional],
    '~standard': { version: 1, vendor: 'zod', validate: [Function: validate] },
    _cached: { shape: [Object], keys: [Array] },
    nonstrict: [Function: passthrough],
    augment: [Function: extend]
  },
  call: [AsyncFunction (anonymous)]
}
[2026-02-12T19:38:35.146+08:00] locateFields [ 'locate' ]
[2026-02-12T19:38:35.963+08:00] goal completed via complete-goal tag, stop planning
[2026-02-12T19:38:43.744+08:00] actionInActionSpace matched {
  name: 'Tap',
  description: 'Tap the element',
  interfaceAlias: 'aiTap',
  paramSchema: ZodObject {
    spa: [Function: bound safeParseAsync] AsyncFunction,
    _def: {
      shape: [Function: shape],
      unknownKeys: 'strip',
      catchall: [ZodNever],
      typeName: 'ZodObject'
    },
    parse: [Function: bound parse],
    safeParse: [Function: bound safeParse],
    parseAsync: [Function: bound parseAsync] AsyncFunction,
    safeParseAsync: [Function: bound safeParseAsync] AsyncFunction,
    refine: [Function: bound refine],
    refinement: [Function: bound refinement],
    superRefine: [Function: bound superRefine],
    optional: [Function: bound optional],
    nullable: [Function: bound nullable],
    nullish: [Function: bound nullish],
    array: [Function: bound array],
    promise: [Function: bound promise],
    or: [Function: bound or],
    and: [Function: bound and],
    transform: [Function: bound transform],
    brand: [Function: bound brand],
    default: [Function: bound default],
    catch: [Function: bound catch],
    describe: [Function: bound describe],
    pipe: [Function: bound pipe],
    readonly: [Function: bound readonly],
    isNullable: [Function: bound isNullable],
    isOptional: [Function: bound isOptional],
    '~standard': { version: 1, vendor: 'zod', validate: [Function: validate] },
    _cached: { shape: [Object], keys: [Array] },
    nonstrict: [Function: passthrough],
    augment: [Function: extend]
  },
  call: [AsyncFunction (anonymous)]
}
[2026-02-12T19:38:43.744+08:00] locateFields [ 'locate' ]
[2026-02-12T19:38:51.426+08:00] goal completed via complete-goal tag, stop planning
[2026-02-12T19:39:40.886+08:00] actionInActionSpace matched {
  name: 'Tap',
  description: 'Tap the element',
  interfaceAlias: 'aiTap',
  paramSchema: ZodObject {
    spa: [Function: bound safeParseAsync] AsyncFunction,
    _def: {
      shape: [Function: shape],
      unknownKeys: 'strip',
      catchall: [ZodNever],
      typeName: 'ZodObject'
    },
    parse: [Function: bound parse],
    safeParse: [Function: bound safeParse],
    parseAsync: [Function: bound parseAsync] AsyncFunction,
    safeParseAsync: [Function: bound safeParseAsync] AsyncFunction,
    refine: [Function: bound refine],
    refinement: [Function: bound refinement],
    superRefine: [Function: bound superRefine],
    optional: [Function: bound optional],
    nullable: [Function: bound nullable],
    nullish: [Function: bound nullish],
    array: [Function: bound array],
    promise: [Function: bound promise],
    or: [Function: bound or],
    and: [Function: bound and],
    transform: [Function: bound transform],
    brand: [Function: bound brand],
    default: [Function: bound default],
    catch: [Function: bound catch],
    describe: [Function: bound describe],
    pipe: [Function: bound pipe],
    readonly: [Function: bound readonly],
    isNullable: [Function: bound isNullable],
    isOptional: [Function: bound isOptional],
    '~standard': { version: 1, vendor: 'zod', validate: [Function: validate] },
    _cached: { shape: [Object], keys: [Array] },
    nonstrict: [Function: passthrough],
    augment: [Function: extend]
  },
  call: [AsyncFunction (anonymous)]
}
[2026-02-12T19:39:40.886+08:00] locateFields [ 'locate' ]
[2026-02-12T19:39:58.600+08:00] goal completed via complete-goal tag, stop planning
[2026-02-12T19:40:36.795+08:00] actionInActionSpace matched {
  name: 'Tap',
  description: 'Tap the element',
  interfaceAlias: 'aiTap',
  paramSchema: ZodObject {
    spa: [Function: bound safeParseAsync] AsyncFunction,
    _def: {
      shape: [Function: shape],
      unknownKeys: 'strip',
      catchall: [ZodNever],
      typeName: 'ZodObject'
    },
    parse: [Function: bound parse],
    safeParse: [Function: bound safeParse],
    parseAsync: [Function: bound parseAsync] AsyncFunction,
    safeParseAsync: [Function: bound safeParseAsync] AsyncFunction,
    refine: [Function: bound refine],
    refinement: [Function: bound refinement],
    superRefine: [Function: bound superRefine],
    optional: [Function: bound optional],
    nullable: [Function: bound nullable],
    nullish: [Function: bound nullish],
    array: [Function: bound array],
    promise: [Function: bound promise],
    or: [Function: bound or],
    and: [Function: bound and],
    transform: [Function: bound transform],
    brand: [Function: bound brand],
    default: [Function: bound default],
    catch: [Function: bound catch],
    describe: [Function: bound describe],
    pipe: [Function: bound pipe],
    readonly: [Function: bound readonly],
    isNullable: [Function: bound isNullable],
    isOptional: [Function: bound isOptional],
    '~standard': { version: 1, vendor: 'zod', validate: [Function: validate] },
    _cached: { shape: [Object], keys: [Array] },
    nonstrict: [Function: passthrough],
    augment: [Function: extend]
  },
  call: [AsyncFunction (anonymous)]
}
[2026-02-12T19:40:36.795+08:00] locateFields [ 'locate' ]
[2026-02-12T19:40:43.148+08:00] actionInActionSpace matched {
  name: 'Tap',
  description: 'Tap the element',
  interfaceAlias: 'aiTap',
  paramSchema: ZodObject {
    spa: [Function: bound safeParseAsync] AsyncFunction,
    _def: {
      shape: [Function: shape],
      unknownKeys: 'strip',
      catchall: [ZodNever],
      typeName: 'ZodObject'
    },
    parse: [Function: bound parse],
    safeParse: [Function: bound safeParse],
    parseAsync: [Function: bound parseAsync] AsyncFunction,
    safeParseAsync: [Function: bound safeParseAsync] AsyncFunction,
    refine: [Function: bound refine],
    refinement: [Function: bound refinement],
    superRefine: [Function: bound superRefine],
    optional: [Function: bound optional],
    nullable: [Function: bound nullable],
    nullish: [Function: bound nullish],
    array: [Function: bound array],
    promise: [Function: bound promise],
    or: [Function: bound or],
    and: [Function: bound and],
    transform: [Function: bound transform],
    brand: [Function: bound brand],
    default: [Function: bound default],
    catch: [Function: bound catch],
    describe: [Function: bound describe],
    pipe: [Function: bound pipe],
    readonly: [Function: bound readonly],
    isNullable: [Function: bound isNullable],
    isOptional: [Function: bound isOptional],
    '~standard': { version: 1, vendor: 'zod', validate: [Function: validate] },
    _cached: { shape: [Object], keys: [Array] },
    nonstrict: [Function: passthrough],
    augment: [Function: extend]
  },
  call: [AsyncFunction (anonymous)]
}
[2026-02-12T19:40:43.148+08:00] locateFields [ 'locate' ]
[2026-02-12T19:41:04.137+08:00] goal completed via complete-goal tag, stop planning
[2026-02-12T20:14:50.217+08:00] actionInActionSpace matched {
  name: 'Launch',
  description: 'Launch an Android app or URL',
  interfaceAlias: 'launch',
  paramSchema: ZodObject {
    spa: [Function: bound safeParseAsync] AsyncFunction,
    _def: {
      shape: [Function: shape],
      unknownKeys: 'strip',
      catchall: [ZodNever],
      typeName: 'ZodObject'
    },
    parse: [Function: bound parse],
    safeParse: [Function: bound safeParse],
    parseAsync: [Function: bound parseAsync] AsyncFunction,
    safeParseAsync: [Function: bound safeParseAsync] AsyncFunction,
    refine: [Function: bound refine],
    refinement: [Function: bound refinement],
    superRefine: [Function: bound superRefine],
    optional: [Function: bound optional],
    nullable: [Function: bound nullable],
    nullish: [Function: bound nullish],
    array: [Function: bound array],
    promise: [Function: bound promise],
    or: [Function: bound or],
    and: [Function: bound and],
    transform: [Function: bound transform],
    brand: [Function: bound brand],
    default: [Function: bound default],
    catch: [Function: bound catch],
    describe: [Function: bound describe],
    pipe: [Function: bound pipe],
    readonly: [Function: bound readonly],
    isNullable: [Function: bound isNullable],
    isOptional: [Function: bound isOptional],
    '~standard': { version: 1, vendor: 'zod', validate: [Function: validate] },
    _cached: null,
    nonstrict: [Function: passthrough],
    augment: [Function: extend]
  },
  call: [AsyncFunction: call]
}
[2026-02-12T20:14:50.217+08:00] locateFields []
[2026-02-12T20:14:56.524+08:00] goal completed via complete-goal tag, stop planning
[2026-02-12T20:15:23.942+08:00] actionInActionSpace matched {
  name: 'Tap',
  description: 'Tap the element',
  interfaceAlias: 'aiTap',
  paramSchema: ZodObject {
    spa: [Function: bound safeParseAsync] AsyncFunction,
    _def: {
      shape: [Function: shape],
      unknownKeys: 'strip',
      catchall: [ZodNever],
      typeName: 'ZodObject'
    },
    parse: [Function: bound parse],
    safeParse: [Function: bound safeParse],
    parseAsync: [Function: bound parseAsync] AsyncFunction,
    safeParseAsync: [Function: bound safeParseAsync] AsyncFunction,
    refine: [Function: bound refine],
    refinement: [Function: bound refinement],
    superRefine: [Function: bound superRefine],
    optional: [Function: bound optional],
    nullable: [Function: bound nullable],
    nullish: [Function: bound nullish],
    array: [Function: bound array],
    promise: [Function: bound promise],
    or: [Function: bound or],
    and: [Function: bound and],
    transform: [Function: bound transform],
    brand: [Function: bound brand],
    default: [Function: bound default],
    catch: [Function: bound catch],
    describe: [Function: bound describe],
    pipe: [Function: bound pipe],
    readonly: [Function: bound readonly],
    isNullable: [Function: bound isNullable],
    isOptional: [Function: bound isOptional],
    '~standard': { version: 1, vendor: 'zod', validate: [Function: validate] },
    _cached: null,
    nonstrict: [Function: passthrough],
    augment: [Function: extend]
  },
  call: [AsyncFunction (anonymous)]
}
[2026-02-12T20:15:23.942+08:00] locateFields [ 'locate' ]
[2026-02-12T20:15:31.188+08:00] goal completed via complete-goal tag, stop planning
[2026-02-12T20:15:49.674+08:00] actionInActionSpace matched {
  name: 'Input',
  description: 'Input text into the input field',
  interfaceAlias: 'aiInput',
  paramSchema: ZodObject {
    spa: [Function: bound safeParseAsync] AsyncFunction,
    _def: {
      shape: [Function: shape],
      unknownKeys: 'strip',
      catchall: [ZodNever],
      typeName: 'ZodObject'
    },
    parse: [Function: bound parse],
    safeParse: [Function: bound safeParse],
    parseAsync: [Function: bound parseAsync] AsyncFunction,
    safeParseAsync: [Function: bound safeParseAsync] AsyncFunction,
    refine: [Function: bound refine],
    refinement: [Function: bound refinement],
    superRefine: [Function: bound superRefine],
    optional: [Function: bound optional],
    nullable: [Function: bound nullable],
    nullish: [Function: bound nullish],
    array: [Function: bound array],
    promise: [Function: bound promise],
    or: [Function: bound or],
    and: [Function: bound and],
    transform: [Function: bound transform],
    brand: [Function: bound brand],
    default: [Function: bound default],
    catch: [Function: bound catch],
    describe: [Function: bound describe],
    pipe: [Function: bound pipe],
    readonly: [Function: bound readonly],
    isNullable: [Function: bound isNullable],
    isOptional: [Function: bound isOptional],
    '~standard': { version: 1, vendor: 'zod', validate: [Function: validate] },
    _cached: null,
    nonstrict: [Function: passthrough],
    augment: [Function: extend]
  },
  call: [AsyncFunction: call]
}
[2026-02-12T20:15:49.674+08:00] locateFields [ 'locate' ]
[2026-02-12T20:16:03.678+08:00] goal completed via complete-goal tag, stop planning
[2026-02-12T20:16:27.967+08:00] actionInActionSpace matched {
  name: 'Tap',
  description: 'Tap the element',
  interfaceAlias: 'aiTap',
  paramSchema: ZodObject {
    spa: [Function: bound safeParseAsync] AsyncFunction,
    _def: {
      shape: [Function: shape],
      unknownKeys: 'strip',
      catchall: [ZodNever],
      typeName: 'ZodObject'
    },
    parse: [Function: bound parse],
    safeParse: [Function: bound safeParse],
    parseAsync: [Function: bound parseAsync] AsyncFunction,
    safeParseAsync: [Function: bound safeParseAsync] AsyncFunction,
    refine: [Function: bound refine],
    refinement: [Function: bound refinement],
    superRefine: [Function: bound superRefine],
    optional: [Function: bound optional],
    nullable: [Function: bound nullable],
    nullish: [Function: bound nullish],
    array: [Function: bound array],
    promise: [Function: bound promise],
    or: [Function: bound or],
    and: [Function: bound and],
    transform: [Function: bound transform],
    brand: [Function: bound brand],
    default: [Function: bound default],
    catch: [Function: bound catch],
    describe: [Function: bound describe],
    pipe: [Function: bound pipe],
    readonly: [Function: bound readonly],
    isNullable: [Function: bound isNullable],
    isOptional: [Function: bound isOptional],
    '~standard': { version: 1, vendor: 'zod', validate: [Function: validate] },
    _cached: { shape: [Object], keys: [Array] },
    nonstrict: [Function: passthrough],
    augment: [Function: extend]
  },
  call: [AsyncFunction (anonymous)]
}
[2026-02-12T20:16:27.967+08:00] locateFields [ 'locate' ]
[2026-02-12T20:16:35.033+08:00] goal completed via complete-goal tag, stop planning
[2026-02-12T20:17:08.508+08:00] actionInActionSpace matched {
  name: 'Tap',
  description: 'Tap the element',
  interfaceAlias: 'aiTap',
  paramSchema: ZodObject {
    spa: [Function: bound safeParseAsync] AsyncFunction,
    _def: {
      shape: [Function: shape],
      unknownKeys: 'strip',
      catchall: [ZodNever],
      typeName: 'ZodObject'
    },
    parse: [Function: bound parse],
    safeParse: [Function: bound safeParse],
    parseAsync: [Function: bound parseAsync] AsyncFunction,
    safeParseAsync: [Function: bound safeParseAsync] AsyncFunction,
    refine: [Function: bound refine],
    refinement: [Function: bound refinement],
    superRefine: [Function: bound superRefine],
    optional: [Function: bound optional],
    nullable: [Function: bound nullable],
    nullish: [Function: bound nullish],
    array: [Function: bound array],
    promise: [Function: bound promise],
    or: [Function: bound or],
    and: [Function: bound and],
    transform: [Function: bound transform],
    brand: [Function: bound brand],
    default: [Function: bound default],
    catch: [Function: bound catch],
    describe: [Function: bound describe],
    pipe: [Function: bound pipe],
    readonly: [Function: bound readonly],
    isNullable: [Function: bound isNullable],
    isOptional: [Function: bound isOptional],
    '~standard': { version: 1, vendor: 'zod', validate: [Function: validate] },
    _cached: { shape: [Object], keys: [Array] },
    nonstrict: [Function: passthrough],
    augment: [Function: extend]
  },
  call: [AsyncFunction (anonymous)]
}
[2026-02-12T20:17:08.508+08:00] locateFields [ 'locate' ]
[2026-02-12T20:17:14.172+08:00] actionInActionSpace matched {
  name: 'Tap',
  description: 'Tap the element',
  interfaceAlias: 'aiTap',
  paramSchema: ZodObject {
    spa: [Function: bound safeParseAsync] AsyncFunction,
    _def: {
      shape: [Function: shape],
      unknownKeys: 'strip',
      catchall: [ZodNever],
      typeName: 'ZodObject'
    },
    parse: [Function: bound parse],
    safeParse: [Function: bound safeParse],
    parseAsync: [Function: bound parseAsync] AsyncFunction,
    safeParseAsync: [Function: bound safeParseAsync] AsyncFunction,
    refine: [Function: bound refine],
    refinement: [Function: bound refinement],
    superRefine: [Function: bound superRefine],
    optional: [Function: bound optional],
    nullable: [Function: bound nullable],
    nullish: [Function: bound nullish],
    array: [Function: bound array],
    promise: [Function: bound promise],
    or: [Function: bound or],
    and: [Function: bound and],
    transform: [Function: bound transform],
    brand: [Function: bound brand],
    default: [Function: bound default],
    catch: [Function: bound catch],
    describe: [Function: bound describe],
    pipe: [Function: bound pipe],
    readonly: [Function: bound readonly],
    isNullable: [Function: bound isNullable],
    isOptional: [Function: bound isOptional],
    '~standard': { version: 1, vendor: 'zod', validate: [Function: validate] },
    _cached: { shape: [Object], keys: [Array] },
    nonstrict: [Function: passthrough],
    augment: [Function: extend]
  },
  call: [AsyncFunction (anonymous)]
}
[2026-02-12T20:17:14.172+08:00] locateFields [ 'locate' ]
[2026-02-12T20:17:19.162+08:00] actionInActionSpace matched {
  name: 'Tap',
  description: 'Tap the element',
  interfaceAlias: 'aiTap',
  paramSchema: ZodObject {
    spa: [Function: bound safeParseAsync] AsyncFunction,
    _def: {
      shape: [Function: shape],
      unknownKeys: 'strip',
      catchall: [ZodNever],
      typeName: 'ZodObject'
    },
    parse: [Function: bound parse],
    safeParse: [Function: bound safeParse],
    parseAsync: [Function: bound parseAsync] AsyncFunction,
    safeParseAsync: [Function: bound safeParseAsync] AsyncFunction,
    refine: [Function: bound refine],
    refinement: [Function: bound refinement],
    superRefine: [Function: bound superRefine],
    optional: [Function: bound optional],
    nullable: [Function: bound nullable],
    nullish: [Function: bound nullish],
    array: [Function: bound array],
    promise: [Function: bound promise],
    or: [Function: bound or],
    and: [Function: bound and],
    transform: [Function: bound transform],
    brand: [Function: bound brand],
    default: [Function: bound default],
    catch: [Function: bound catch],
    describe: [Function: bound describe],
    pipe: [Function: bound pipe],
    readonly: [Function: bound readonly],
    isNullable: [Function: bound isNullable],
    isOptional: [Function: bound isOptional],
    '~standard': { version: 1, vendor: 'zod', validate: [Function: validate] },
    _cached: { shape: [Object], keys: [Array] },
    nonstrict: [Function: passthrough],
    augment: [Function: extend]
  },
  call: [AsyncFunction (anonymous)]
}
[2026-02-12T20:17:19.162+08:00] locateFields [ 'locate' ]
[2026-02-12T20:19:16.232+08:00] actionInActionSpace matched {
  name: 'Input',
  description: 'Input text into the input field',
  interfaceAlias: 'aiInput',
  paramSchema: ZodObject {
    spa: [Function: bound safeParseAsync] AsyncFunction,
    _def: {
      shape: [Function: shape],
      unknownKeys: 'strip',
      catchall: [ZodNever],
      typeName: 'ZodObject'
    },
    parse: [Function: bound parse],
    safeParse: [Function: bound safeParse],
    parseAsync: [Function: bound parseAsync] AsyncFunction,
    safeParseAsync: [Function: bound safeParseAsync] AsyncFunction,
    refine: [Function: bound refine],
    refinement: [Function: bound refinement],
    superRefine: [Function: bound superRefine],
    optional: [Function: bound optional],
    nullable: [Function: bound nullable],
    nullish: [Function: bound nullish],
    array: [Function: bound array],
    promise: [Function: bound promise],
    or: [Function: bound or],
    and: [Function: bound and],
    transform: [Function: bound transform],
    brand: [Function: bound brand],
    default: [Function: bound default],
    catch: [Function: bound catch],
    describe: [Function: bound describe],
    pipe: [Function: bound pipe],
    readonly: [Function: bound readonly],
    isNullable: [Function: bound isNullable],
    isOptional: [Function: bound isOptional],
    '~standard': { version: 1, vendor: 'zod', validate: [Function: validate] },
    _cached: { shape: [Object], keys: [Array] },
    nonstrict: [Function: passthrough],
    augment: [Function: extend]
  },
  call: [AsyncFunction: call]
}
[2026-02-12T20:19:16.232+08:00] locateFields [ 'locate' ]
[2026-02-12T20:19:24.189+08:00] goal completed via complete-goal tag, stop planning
[2026-02-12T20:19:47.022+08:00] actionInActionSpace matched {
  name: 'Tap',
  description: 'Tap the element',
  interfaceAlias: 'aiTap',
  paramSchema: ZodObject {
    spa: [Function: bound safeParseAsync] AsyncFunction,
    _def: {
      shape: [Function: shape],
      unknownKeys: 'strip',
      catchall: [ZodNever],
      typeName: 'ZodObject'
    },
    parse: [Function: bound parse],
    safeParse: [Function: bound safeParse],
    parseAsync: [Function: bound parseAsync] AsyncFunction,
    safeParseAsync: [Function: bound safeParseAsync] AsyncFunction,
    refine: [Function: bound refine],
    refinement: [Function: bound refinement],
    superRefine: [Function: bound superRefine],
    optional: [Function: bound optional],
    nullable: [Function: bound nullable],
    nullish: [Function: bound nullish],
    array: [Function: bound array],
    promise: [Function: bound promise],
    or: [Function: bound or],
    and: [Function: bound and],
    transform: [Function: bound transform],
    brand: [Function: bound brand],
    default: [Function: bound default],
    catch: [Function: bound catch],
    describe: [Function: bound describe],
    pipe: [Function: bound pipe],
    readonly: [Function: bound readonly],
    isNullable: [Function: bound isNullable],
    isOptional: [Function: bound isOptional],
    '~standard': { version: 1, vendor: 'zod', validate: [Function: validate] },
    _cached: { shape: [Object], keys: [Array] },
    nonstrict: [Function: passthrough],
    augment: [Function: extend]
  },
  call: [AsyncFunction (anonymous)]
}
[2026-02-12T20:19:47.022+08:00] locateFields [ 'locate' ]
[2026-02-12T20:19:58.083+08:00] goal completed via complete-goal tag, stop planning
[2026-02-12T20:20:16.617+08:00] actionInActionSpace matched {
  name: 'Sleep',
  description: 'Wait for a specified duration before continuing. Defaults to 1 second (1000ms) if not specified.',
  paramSchema: ZodObject {
    spa: [Function: bound safeParseAsync] AsyncFunction,
    _def: {
      shape: [Function: shape],
      unknownKeys: 'strip',
      catchall: [ZodNever],
      typeName: 'ZodObject'
    },
    parse: [Function: bound parse],
    safeParse: [Function: bound safeParse],
    parseAsync: [Function: bound parseAsync] AsyncFunction,
    safeParseAsync: [Function: bound safeParseAsync] AsyncFunction,
    refine: [Function: bound refine],
    refinement: [Function: bound refinement],
    superRefine: [Function: bound superRefine],
    optional: [Function: bound optional],
    nullable: [Function: bound nullable],
    nullish: [Function: bound nullish],
    array: [Function: bound array],
    promise: [Function: bound promise],
    or: [Function: bound or],
    and: [Function: bound and],
    transform: [Function: bound transform],
    brand: [Function: bound brand],
    default: [Function: bound default],
    catch: [Function: bound catch],
    describe: [Function: bound describe],
    pipe: [Function: bound pipe],
    readonly: [Function: bound readonly],
    isNullable: [Function: bound isNullable],
    isOptional: [Function: bound isOptional],
    '~standard': { version: 1, vendor: 'zod', validate: [Function: validate] },
    _cached: null,
    nonstrict: [Function: passthrough],
    augment: [Function: extend]
  },
  call: [AsyncFunction: call]
}
[2026-02-12T20:20:16.617+08:00] locateFields []
[2026-02-12T20:20:27.879+08:00] goal completed via complete-goal tag, stop planning
[2026-02-12T20:20:48.973+08:00] actionInActionSpace matched {
  name: 'Tap',
  description: 'Tap the element',
  interfaceAlias: 'aiTap',
  paramSchema: ZodObject {
    spa: [Function: bound safeParseAsync] AsyncFunction,
    _def: {
      shape: [Function: shape],
      unknownKeys: 'strip',
      catchall: [ZodNever],
      typeName: 'ZodObject'
    },
    parse: [Function: bound parse],
    safeParse: [Function: bound safeParse],
    parseAsync: [Function: bound parseAsync] AsyncFunction,
    safeParseAsync: [Function: bound safeParseAsync] AsyncFunction,
    refine: [Function: bound refine],
    refinement: [Function: bound refinement],
    superRefine: [Function: bound superRefine],
    optional: [Function: bound optional],
    nullable: [Function: bound nullable],
    nullish: [Function: bound nullish],
    array: [Function: bound array],
    promise: [Function: bound promise],
    or: [Function: bound or],
    and: [Function: bound and],
    transform: [Function: bound transform],
    brand: [Function: bound brand],
    default: [Function: bound default],
    catch: [Function: bound catch],
    describe: [Function: bound describe],
    pipe: [Function: bound pipe],
    readonly: [Function: bound readonly],
    isNullable: [Function: bound isNullable],
    isOptional: [Function: bound isOptional],
    '~standard': { version: 1, vendor: 'zod', validate: [Function: validate] },
    _cached: { shape: [Object], keys: [Array] },
    nonstrict: [Function: passthrough],
    augment: [Function: extend]
  },
  call: [AsyncFunction (anonymous)]
}
[2026-02-12T20:20:48.973+08:00] locateFields [ 'locate' ]
[2026-02-12T20:20:57.881+08:00] goal completed via complete-goal tag, stop planning
[2026-02-12T20:21:17.522+08:00] actionInActionSpace matched {
  name: 'KeyboardPress',
  description: 'Press a key or key combination, like "Enter", "Tab", "Escape", or "Control+A", "Shift+Enter". Do not use this to type text.',
  interfaceAlias: 'aiKeyboardPress',
  paramSchema: ZodObject {
    spa: [Function: bound safeParseAsync] AsyncFunction,
    _def: {
      shape: [Function: shape],
      unknownKeys: 'strip',
      catchall: [ZodNever],
      typeName: 'ZodObject'
    },
    parse: [Function: bound parse],
    safeParse: [Function: bound safeParse],
    parseAsync: [Function: bound parseAsync] AsyncFunction,
    safeParseAsync: [Function: bound safeParseAsync] AsyncFunction,
    refine: [Function: bound refine],
    refinement: [Function: bound refinement],
    superRefine: [Function: bound superRefine],
    optional: [Function: bound optional],
    nullable: [Function: bound nullable],
    nullish: [Function: bound nullish],
    array: [Function: bound array],
    promise: [Function: bound promise],
    or: [Function: bound or],
    and: [Function: bound and],
    transform: [Function: bound transform],
    brand: [Function: bound brand],
    default: [Function: bound default],
    catch: [Function: bound catch],
    describe: [Function: bound describe],
    pipe: [Function: bound pipe],
    readonly: [Function: bound readonly],
    isNullable: [Function: bound isNullable],
    isOptional: [Function: bound isOptional],
    '~standard': { version: 1, vendor: 'zod', validate: [Function: validate] },
    _cached: null,
    nonstrict: [Function: passthrough],
    augment: [Function: extend]
  },
  call: [AsyncFunction (anonymous)]
}
[2026-02-12T20:21:17.523+08:00] locateFields [ 'locate' ]
[2026-02-12T20:21:24.405+08:00] goal completed via complete-goal tag, stop planning
[2026-02-12T20:21:51.541+08:00] actionInActionSpace matched {
  name: 'Tap',
  description: 'Tap the element',
  interfaceAlias: 'aiTap',
  paramSchema: ZodObject {
    spa: [Function: bound safeParseAsync] AsyncFunction,
    _def: {
      shape: [Function: shape],
      unknownKeys: 'strip',
      catchall: [ZodNever],
      typeName: 'ZodObject'
    },
    parse: [Function: bound parse],
    safeParse: [Function: bound safeParse],
    parseAsync: [Function: bound parseAsync] AsyncFunction,
    safeParseAsync: [Function: bound safeParseAsync] AsyncFunction,
    refine: [Function: bound refine],
    refinement: [Function: bound refinement],
    superRefine: [Function: bound superRefine],
    optional: [Function: bound optional],
    nullable: [Function: bound nullable],
    nullish: [Function: bound nullish],
    array: [Function: bound array],
    promise: [Function: bound promise],
    or: [Function: bound or],
    and: [Function: bound and],
    transform: [Function: bound transform],
    brand: [Function: bound brand],
    default: [Function: bound default],
    catch: [Function: bound catch],
    describe: [Function: bound describe],
    pipe: [Function: bound pipe],
    readonly: [Function: bound readonly],
    isNullable: [Function: bound isNullable],
    isOptional: [Function: bound isOptional],
    '~standard': { version: 1, vendor: 'zod', validate: [Function: validate] },
    _cached: { shape: [Object], keys: [Array] },
    nonstrict: [Function: passthrough],
    augment: [Function: extend]
  },
  call: [AsyncFunction (anonymous)]
}
[2026-02-12T20:21:51.541+08:00] locateFields [ 'locate' ]
[2026-02-12T20:22:29.532+08:00] actionInActionSpace matched {
  name: 'Tap',
  description: 'Tap the element',
  interfaceAlias: 'aiTap',
  paramSchema: ZodObject {
    spa: [Function: bound safeParseAsync] AsyncFunction,
    _def: {
      shape: [Function: shape],
      unknownKeys: 'strip',
      catchall: [ZodNever],
      typeName: 'ZodObject'
    },
    parse: [Function: bound parse],
    safeParse: [Function: bound safeParse],
    parseAsync: [Function: bound parseAsync] AsyncFunction,
    safeParseAsync: [Function: bound safeParseAsync] AsyncFunction,
    refine: [Function: bound refine],
    refinement: [Function: bound refinement],
    superRefine: [Function: bound superRefine],
    optional: [Function: bound optional],
    nullable: [Function: bound nullable],
    nullish: [Function: bound nullish],
    array: [Function: bound array],
    promise: [Function: bound promise],
    or: [Function: bound or],
    and: [Function: bound and],
    transform: [Function: bound transform],
    brand: [Function: bound brand],
    default: [Function: bound default],
    catch: [Function: bound catch],
    describe: [Function: bound describe],
    pipe: [Function: bound pipe],
    readonly: [Function: bound readonly],
    isNullable: [Function: bound isNullable],
    isOptional: [Function: bound isOptional],
    '~standard': { version: 1, vendor: 'zod', validate: [Function: validate] },
    _cached: { shape: [Object], keys: [Array] },
    nonstrict: [Function: passthrough],
    augment: [Function: extend]
  },
  call: [AsyncFunction (anonymous)]
}
[2026-02-12T20:22:29.532+08:00] locateFields [ 'locate' ]
[2026-02-12T20:22:35.370+08:00] actionInActionSpace matched {
  name: 'Tap',
  description: 'Tap the element',
  interfaceAlias: 'aiTap',
  paramSchema: ZodObject {
    spa: [Function: bound safeParseAsync] AsyncFunction,
    _def: {
      shape: [Function: shape],
      unknownKeys: 'strip',
      catchall: [ZodNever],
      typeName: 'ZodObject'
    },
    parse: [Function: bound parse],
    safeParse: [Function: bound safeParse],
    parseAsync: [Function: bound parseAsync] AsyncFunction,
    safeParseAsync: [Function: bound safeParseAsync] AsyncFunction,
    refine: [Function: bound refine],
    refinement: [Function: bound refinement],
    superRefine: [Function: bound superRefine],
    optional: [Function: bound optional],
    nullable: [Function: bound nullable],
    nullish: [Function: bound nullish],
    array: [Function: bound array],
    promise: [Function: bound promise],
    or: [Function: bound or],
    and: [Function: bound and],
    transform: [Function: bound transform],
    brand: [Function: bound brand],
    default: [Function: bound default],
    catch: [Function: bound catch],
    describe: [Function: bound describe],
    pipe: [Function: bound pipe],
    readonly: [Function: bound readonly],
    isNullable: [Function: bound isNullable],
    isOptional: [Function: bound isOptional],
    '~standard': { version: 1, vendor: 'zod', validate: [Function: validate] },
    _cached: { shape: [Object], keys: [Array] },
    nonstrict: [Function: passthrough],
    augment: [Function: extend]
  },
  call: [AsyncFunction (anonymous)]
}
[2026-02-12T20:22:35.370+08:00] locateFields [ 'locate' ]
[2026-02-12T20:22:43.459+08:00] actionInActionSpace matched {
  name: 'Tap',
  description: 'Tap the element',
  interfaceAlias: 'aiTap',
  paramSchema: ZodObject {
    spa: [Function: bound safeParseAsync] AsyncFunction,
    _def: {
      shape: [Function: shape],
      unknownKeys: 'strip',
      catchall: [ZodNever],
      typeName: 'ZodObject'
    },
    parse: [Function: bound parse],
    safeParse: [Function: bound safeParse],
    parseAsync: [Function: bound parseAsync] AsyncFunction,
    safeParseAsync: [Function: bound safeParseAsync] AsyncFunction,
    refine: [Function: bound refine],
    refinement: [Function: bound refinement],
    superRefine: [Function: bound superRefine],
    optional: [Function: bound optional],
    nullable: [Function: bound nullable],
    nullish: [Function: bound nullish],
    array: [Function: bound array],
    promise: [Function: bound promise],
    or: [Function: bound or],
    and: [Function: bound and],
    transform: [Function: bound transform],
    brand: [Function: bound brand],
    default: [Function: bound default],
    catch: [Function: bound catch],
    describe: [Function: bound describe],
    pipe: [Function: bound pipe],
    readonly: [Function: bound readonly],
    isNullable: [Function: bound isNullable],
    isOptional: [Function: bound isOptional],
    '~standard': { version: 1, vendor: 'zod', validate: [Function: validate] },
    _cached: { shape: [Object], keys: [Array] },
    nonstrict: [Function: passthrough],
    augment: [Function: extend]
  },
  call: [AsyncFunction (anonymous)]
}
[2026-02-12T20:22:43.459+08:00] locateFields [ 'locate' ]
[2026-02-12T20:23:09.570+08:00] actionInActionSpace matched {
  name: 'Input',
  description: 'Input text into the input field',
  interfaceAlias: 'aiInput',
  paramSchema: ZodObject {
    spa: [Function: bound safeParseAsync] AsyncFunction,
    _def: {
      shape: [Function: shape],
      unknownKeys: 'strip',
      catchall: [ZodNever],
      typeName: 'ZodObject'
    },
    parse: [Function: bound parse],
    safeParse: [Function: bound safeParse],
    parseAsync: [Function: bound parseAsync] AsyncFunction,
    safeParseAsync: [Function: bound safeParseAsync] AsyncFunction,
    refine: [Function: bound refine],
    refinement: [Function: bound refinement],
    superRefine: [Function: bound superRefine],
    optional: [Function: bound optional],
    nullable: [Function: bound nullable],
    nullish: [Function: bound nullish],
    array: [Function: bound array],
    promise: [Function: bound promise],
    or: [Function: bound or],
    and: [Function: bound and],
    transform: [Function: bound transform],
    brand: [Function: bound brand],
    default: [Function: bound default],
    catch: [Function: bound catch],
    describe: [Function: bound describe],
    pipe: [Function: bound pipe],
    readonly: [Function: bound readonly],
    isNullable: [Function: bound isNullable],
    isOptional: [Function: bound isOptional],
    '~standard': { version: 1, vendor: 'zod', validate: [Function: validate] },
    _cached: { shape: [Object], keys: [Array] },
    nonstrict: [Function: passthrough],
    augment: [Function: extend]
  },
  call: [AsyncFunction: call]
}
[2026-02-12T20:23:09.570+08:00] locateFields [ 'locate' ]
[2026-02-12T20:23:25.646+08:00] goal completed via complete-goal tag, stop planning
[2026-02-12T20:24:16.773+08:00] actionInActionSpace matched {
  name: 'Tap',
  description: 'Tap the element',
  interfaceAlias: 'aiTap',
  paramSchema: ZodObject {
    spa: [Function: bound safeParseAsync] AsyncFunction,
    _def: {
      shape: [Function: shape],
      unknownKeys: 'strip',
      catchall: [ZodNever],
      typeName: 'ZodObject'
    },
    parse: [Function: bound parse],
    safeParse: [Function: bound safeParse],
    parseAsync: [Function: bound parseAsync] AsyncFunction,
    safeParseAsync: [Function: bound safeParseAsync] AsyncFunction,
    refine: [Function: bound refine],
    refinement: [Function: bound refinement],
    superRefine: [Function: bound superRefine],
    optional: [Function: bound optional],
    nullable: [Function: bound nullable],
    nullish: [Function: bound nullish],
    array: [Function: bound array],
    promise: [Function: bound promise],
    or: [Function: bound or],
    and: [Function: bound and],
    transform: [Function: bound transform],
    brand: [Function: bound brand],
    default: [Function: bound default],
    catch: [Function: bound catch],
    describe: [Function: bound describe],
    pipe: [Function: bound pipe],
    readonly: [Function: bound readonly],
    isNullable: [Function: bound isNullable],
    isOptional: [Function: bound isOptional],
    '~standard': { version: 1, vendor: 'zod', validate: [Function: validate] },
    _cached: { shape: [Object], keys: [Array] },
    nonstrict: [Function: passthrough],
    augment: [Function: extend]
  },
  call: [AsyncFunction (anonymous)]
}
[2026-02-12T20:24:16.773+08:00] locateFields [ 'locate' ]
[2026-02-12T20:24:28.317+08:00] actionInActionSpace matched {
  name: 'Tap',
  description: 'Tap the element',
  interfaceAlias: 'aiTap',
  paramSchema: ZodObject {
    spa: [Function: bound safeParseAsync] AsyncFunction,
    _def: {
      shape: [Function: shape],
      unknownKeys: 'strip',
      catchall: [ZodNever],
      typeName: 'ZodObject'
    },
    parse: [Function: bound parse],
    safeParse: [Function: bound safeParse],
    parseAsync: [Function: bound parseAsync] AsyncFunction,
    safeParseAsync: [Function: bound safeParseAsync] AsyncFunction,
    refine: [Function: bound refine],
    refinement: [Function: bound refinement],
    superRefine: [Function: bound superRefine],
    optional: [Function: bound optional],
    nullable: [Function: bound nullable],
    nullish: [Function: bound nullish],
    array: [Function: bound array],
    promise: [Function: bound promise],
    or: [Function: bound or],
    and: [Function: bound and],
    transform: [Function: bound transform],
    brand: [Function: bound brand],
    default: [Function: bound default],
    catch: [Function: bound catch],
    describe: [Function: bound describe],
    pipe: [Function: bound pipe],
    readonly: [Function: bound readonly],
    isNullable: [Function: bound isNullable],
    isOptional: [Function: bound isOptional],
    '~standard': { version: 1, vendor: 'zod', validate: [Function: validate] },
    _cached: { shape: [Object], keys: [Array] },
    nonstrict: [Function: passthrough],
    augment: [Function: extend]
  },
  call: [AsyncFunction (anonymous)]
}
[2026-02-12T20:24:28.317+08:00] locateFields [ 'locate' ]
[2026-02-12T20:24:38.147+08:00] actionInActionSpace matched {
  name: 'Tap',
  description: 'Tap the element',
  interfaceAlias: 'aiTap',
  paramSchema: ZodObject {
    spa: [Function: bound safeParseAsync] AsyncFunction,
    _def: {
      shape: [Function: shape],
      unknownKeys: 'strip',
      catchall: [ZodNever],
      typeName: 'ZodObject'
    },
    parse: [Function: bound parse],
    safeParse: [Function: bound safeParse],
    parseAsync: [Function: bound parseAsync] AsyncFunction,
    safeParseAsync: [Function: bound safeParseAsync] AsyncFunction,
    refine: [Function: bound refine],
    refinement: [Function: bound refinement],
    superRefine: [Function: bound superRefine],
    optional: [Function: bound optional],
    nullable: [Function: bound nullable],
    nullish: [Function: bound nullish],
    array: [Function: bound array],
    promise: [Function: bound promise],
    or: [Function: bound or],
    and: [Function: bound and],
    transform: [Function: bound transform],
    brand: [Function: bound brand],
    default: [Function: bound default],
    catch: [Function: bound catch],
    describe: [Function: bound describe],
    pipe: [Function: bound pipe],
    readonly: [Function: bound readonly],
    isNullable: [Function: bound isNullable],
    isOptional: [Function: bound isOptional],
    '~standard': { version: 1, vendor: 'zod', validate: [Function: validate] },
    _cached: { shape: [Object], keys: [Array] },
    nonstrict: [Function: passthrough],
    augment: [Function: extend]
  },
  call: [AsyncFunction (anonymous)]
}
[2026-02-12T20:24:38.147+08:00] locateFields [ 'locate' ]
[2026-02-12T20:24:47.726+08:00] actionInActionSpace matched {
  name: 'Tap',
  description: 'Tap the element',
  interfaceAlias: 'aiTap',
  paramSchema: ZodObject {
    spa: [Function: bound safeParseAsync] AsyncFunction,
    _def: {
      shape: [Function: shape],
      unknownKeys: 'strip',
      catchall: [ZodNever],
      typeName: 'ZodObject'
    },
    parse: [Function: bound parse],
    safeParse: [Function: bound safeParse],
    parseAsync: [Function: bound parseAsync] AsyncFunction,
    safeParseAsync: [Function: bound safeParseAsync] AsyncFunction,
    refine: [Function: bound refine],
    refinement: [Function: bound refinement],
    superRefine: [Function: bound superRefine],
    optional: [Function: bound optional],
    nullable: [Function: bound nullable],
    nullish: [Function: bound nullish],
    array: [Function: bound array],
    promise: [Function: bound promise],
    or: [Function: bound or],
    and: [Function: bound and],
    transform: [Function: bound transform],
    brand: [Function: bound brand],
    default: [Function: bound default],
    catch: [Function: bound catch],
    describe: [Function: bound describe],
    pipe: [Function: bound pipe],
    readonly: [Function: bound readonly],
    isNullable: [Function: bound isNullable],
    isOptional: [Function: bound isOptional],
    '~standard': { version: 1, vendor: 'zod', validate: [Function: validate] },
    _cached: { shape: [Object], keys: [Array] },
    nonstrict: [Function: passthrough],
    augment: [Function: extend]
  },
  call: [AsyncFunction (anonymous)]
}
[2026-02-12T20:24:47.726+08:00] locateFields [ 'locate' ]
[2026-02-12T20:24:58.218+08:00] actionInActionSpace matched {
  name: 'Tap',
  description: 'Tap the element',
  interfaceAlias: 'aiTap',
  paramSchema: ZodObject {
    spa: [Function: bound safeParseAsync] AsyncFunction,
    _def: {
      shape: [Function: shape],
      unknownKeys: 'strip',
      catchall: [ZodNever],
      typeName: 'ZodObject'
    },
    parse: [Function: bound parse],
    safeParse: [Function: bound safeParse],
    parseAsync: [Function: bound parseAsync] AsyncFunction,
    safeParseAsync: [Function: bound safeParseAsync] AsyncFunction,
    refine: [Function: bound refine],
    refinement: [Function: bound refinement],
    superRefine: [Function: bound superRefine],
    optional: [Function: bound optional],
    nullable: [Function: bound nullable],
    nullish: [Function: bound nullish],
    array: [Function: bound array],
    promise: [Function: bound promise],
    or: [Function: bound or],
    and: [Function: bound and],
    transform: [Function: bound transform],
    brand: [Function: bound brand],
    default: [Function: bound default],
    catch: [Function: bound catch],
    describe: [Function: bound describe],
    pipe: [Function: bound pipe],
    readonly: [Function: bound readonly],
    isNullable: [Function: bound isNullable],
    isOptional: [Function: bound isOptional],
    '~standard': { version: 1, vendor: 'zod', validate: [Function: validate] },
    _cached: { shape: [Object], keys: [Array] },
    nonstrict: [Function: passthrough],
    augment: [Function: extend]
  },
  call: [AsyncFunction (anonymous)]
}
[2026-02-12T20:24:58.218+08:00] locateFields [ 'locate' ]
[2026-02-12T20:25:06.406+08:00] actionInActionSpace matched {
  name: 'Tap',
  description: 'Tap the element',
  interfaceAlias: 'aiTap',
  paramSchema: ZodObject {
    spa: [Function: bound safeParseAsync] AsyncFunction,
    _def: {
      shape: [Function: shape],
      unknownKeys: 'strip',
      catchall: [ZodNever],
      typeName: 'ZodObject'
    },
    parse: [Function: bound parse],
    safeParse: [Function: bound safeParse],
    parseAsync: [Function: bound parseAsync] AsyncFunction,
    safeParseAsync: [Function: bound safeParseAsync] AsyncFunction,
    refine: [Function: bound refine],
    refinement: [Function: bound refinement],
    superRefine: [Function: bound superRefine],
    optional: [Function: bound optional],
    nullable: [Function: bound nullable],
    nullish: [Function: bound nullish],
    array: [Function: bound array],
    promise: [Function: bound promise],
    or: [Function: bound or],
    and: [Function: bound and],
    transform: [Function: bound transform],
    brand: [Function: bound brand],
    default: [Function: bound default],
    catch: [Function: bound catch],
    describe: [Function: bound describe],
    pipe: [Function: bound pipe],
    readonly: [Function: bound readonly],
    isNullable: [Function: bound isNullable],
    isOptional: [Function: bound isOptional],
    '~standard': { version: 1, vendor: 'zod', validate: [Function: validate] },
    _cached: { shape: [Object], keys: [Array] },
    nonstrict: [Function: passthrough],
    augment: [Function: extend]
  },
  call: [AsyncFunction (anonymous)]
}
[2026-02-12T20:25:06.406+08:00] locateFields [ 'locate' ]
[2026-02-12T20:25:21.139+08:00] actionInActionSpace matched {
  name: 'Tap',
  description: 'Tap the element',
  interfaceAlias: 'aiTap',
  paramSchema: ZodObject {
    spa: [Function: bound safeParseAsync] AsyncFunction,
    _def: {
      shape: [Function: shape],
      unknownKeys: 'strip',
      catchall: [ZodNever],
      typeName: 'ZodObject'
    },
    parse: [Function: bound parse],
    safeParse: [Function: bound safeParse],
    parseAsync: [Function: bound parseAsync] AsyncFunction,
    safeParseAsync: [Function: bound safeParseAsync] AsyncFunction,
    refine: [Function: bound refine],
    refinement: [Function: bound refinement],
    superRefine: [Function: bound superRefine],
    optional: [Function: bound optional],
    nullable: [Function: bound nullable],
    nullish: [Function: bound nullish],
    array: [Function: bound array],
    promise: [Function: bound promise],
    or: [Function: bound or],
    and: [Function: bound and],
    transform: [Function: bound transform],
    brand: [Function: bound brand],
    default: [Function: bound default],
    catch: [Function: bound catch],
    describe: [Function: bound describe],
    pipe: [Function: bound pipe],
    readonly: [Function: bound readonly],
    isNullable: [Function: bound isNullable],
    isOptional: [Function: bound isOptional],
    '~standard': { version: 1, vendor: 'zod', validate: [Function: validate] },
    _cached: { shape: [Object], keys: [Array] },
    nonstrict: [Function: passthrough],
    augment: [Function: extend]
  },
  call: [AsyncFunction (anonymous)]
}
[2026-02-12T20:25:21.139+08:00] locateFields [ 'locate' ]
[2026-02-12T20:25:32.524+08:00] actionInActionSpace matched {
  name: 'Tap',
  description: 'Tap the element',
  interfaceAlias: 'aiTap',
  paramSchema: ZodObject {
    spa: [Function: bound safeParseAsync] AsyncFunction,
    _def: {
      shape: [Function: shape],
      unknownKeys: 'strip',
      catchall: [ZodNever],
      typeName: 'ZodObject'
    },
    parse: [Function: bound parse],
    safeParse: [Function: bound safeParse],
    parseAsync: [Function: bound parseAsync] AsyncFunction,
    safeParseAsync: [Function: bound safeParseAsync] AsyncFunction,
    refine: [Function: bound refine],
    refinement: [Function: bound refinement],
    superRefine: [Function: bound superRefine],
    optional: [Function: bound optional],
    nullable: [Function: bound nullable],
    nullish: [Function: bound nullish],
    array: [Function: bound array],
    promise: [Function: bound promise],
    or: [Function: bound or],
    and: [Function: bound and],
    transform: [Function: bound transform],
    brand: [Function: bound brand],
    default: [Function: bound default],
    catch: [Function: bound catch],
    describe: [Function: bound describe],
    pipe: [Function: bound pipe],
    readonly: [Function: bound readonly],
    isNullable: [Function: bound isNullable],
    isOptional: [Function: bound isOptional],
    '~standard': { version: 1, vendor: 'zod', validate: [Function: validate] },
    _cached: { shape: [Object], keys: [Array] },
    nonstrict: [Function: passthrough],
    augment: [Function: extend]
  },
  call: [AsyncFunction (anonymous)]
}
[2026-02-12T20:25:32.524+08:00] locateFields [ 'locate' ]
[2026-02-12T20:25:39.522+08:00] actionInActionSpace matched {
  name: 'Tap',
  description: 'Tap the element',
  interfaceAlias: 'aiTap',
  paramSchema: ZodObject {
    spa: [Function: bound safeParseAsync] AsyncFunction,
    _def: {
      shape: [Function: shape],
      unknownKeys: 'strip',
      catchall: [ZodNever],
      typeName: 'ZodObject'
    },
    parse: [Function: bound parse],
    safeParse: [Function: bound safeParse],
    parseAsync: [Function: bound parseAsync] AsyncFunction,
    safeParseAsync: [Function: bound safeParseAsync] AsyncFunction,
    refine: [Function: bound refine],
    refinement: [Function: bound refinement],
    superRefine: [Function: bound superRefine],
    optional: [Function: bound optional],
    nullable: [Function: bound nullable],
    nullish: [Function: bound nullish],
    array: [Function: bound array],
    promise: [Function: bound promise],
    or: [Function: bound or],
    and: [Function: bound and],
    transform: [Function: bound transform],
    brand: [Function: bound brand],
    default: [Function: bound default],
    catch: [Function: bound catch],
    describe: [Function: bound describe],
    pipe: [Function: bound pipe],
    readonly: [Function: bound readonly],
    isNullable: [Function: bound isNullable],
    isOptional: [Function: bound isOptional],
    '~standard': { version: 1, vendor: 'zod', validate: [Function: validate] },
    _cached: { shape: [Object], keys: [Array] },
    nonstrict: [Function: passthrough],
    augment: [Function: extend]
  },
  call: [AsyncFunction (anonymous)]
}
[2026-02-12T20:25:39.522+08:00] locateFields [ 'locate' ]
[2026-02-12T20:25:51.569+08:00] actionInActionSpace matched {
  name: 'Tap',
  description: 'Tap the element',
  interfaceAlias: 'aiTap',
  paramSchema: ZodObject {
    spa: [Function: bound safeParseAsync] AsyncFunction,
    _def: {
      shape: [Function: shape],
      unknownKeys: 'strip',
      catchall: [ZodNever],
      typeName: 'ZodObject'
    },
    parse: [Function: bound parse],
    safeParse: [Function: bound safeParse],
    parseAsync: [Function: bound parseAsync] AsyncFunction,
    safeParseAsync: [Function: bound safeParseAsync] AsyncFunction,
    refine: [Function: bound refine],
    refinement: [Function: bound refinement],
    superRefine: [Function: bound superRefine],
    optional: [Function: bound optional],
    nullable: [Function: bound nullable],
    nullish: [Function: bound nullish],
    array: [Function: bound array],
    promise: [Function: bound promise],
    or: [Function: bound or],
    and: [Function: bound and],
    transform: [Function: bound transform],
    brand: [Function: bound brand],
    default: [Function: bound default],
    catch: [Function: bound catch],
    describe: [Function: bound describe],
    pipe: [Function: bound pipe],
    readonly: [Function: bound readonly],
    isNullable: [Function: bound isNullable],
    isOptional: [Function: bound isOptional],
    '~standard': { version: 1, vendor: 'zod', validate: [Function: validate] },
    _cached: { shape: [Object], keys: [Array] },
    nonstrict: [Function: passthrough],
    augment: [Function: extend]
  },
  call: [AsyncFunction (anonymous)]
}
[2026-02-12T20:25:51.569+08:00] locateFields [ 'locate' ]
[2026-02-12T20:26:03.471+08:00] actionInActionSpace matched {
  name: 'Tap',
  description: 'Tap the element',
  interfaceAlias: 'aiTap',
  paramSchema: ZodObject {
    spa: [Function: bound safeParseAsync] AsyncFunction,
    _def: {
      shape: [Function: shape],
      unknownKeys: 'strip',
      catchall: [ZodNever],
      typeName: 'ZodObject'
    },
    parse: [Function: bound parse],
    safeParse: [Function: bound safeParse],
    parseAsync: [Function: bound parseAsync] AsyncFunction,
    safeParseAsync: [Function: bound safeParseAsync] AsyncFunction,
    refine: [Function: bound refine],
    refinement: [Function: bound refinement],
    superRefine: [Function: bound superRefine],
    optional: [Function: bound optional],
    nullable: [Function: bound nullable],
    nullish: [Function: bound nullish],
    array: [Function: bound array],
    promise: [Function: bound promise],
    or: [Function: bound or],
    and: [Function: bound and],
    transform: [Function: bound transform],
    brand: [Function: bound brand],
    default: [Function: bound default],
    catch: [Function: bound catch],
    describe: [Function: bound describe],
    pipe: [Function: bound pipe],
    readonly: [Function: bound readonly],
    isNullable: [Function: bound isNullable],
    isOptional: [Function: bound isOptional],
    '~standard': { version: 1, vendor: 'zod', validate: [Function: validate] },
    _cached: { shape: [Object], keys: [Array] },
    nonstrict: [Function: passthrough],
    augment: [Function: extend]
  },
  call: [AsyncFunction (anonymous)]
}
[2026-02-12T20:26:03.472+08:00] locateFields [ 'locate' ]
[2026-02-12T20:26:18.196+08:00] actionInActionSpace matched {
  name: 'Tap',
  description: 'Tap the element',
  interfaceAlias: 'aiTap',
  paramSchema: ZodObject {
    spa: [Function: bound safeParseAsync] AsyncFunction,
    _def: {
      shape: [Function: shape],
      unknownKeys: 'strip',
      catchall: [ZodNever],
      typeName: 'ZodObject'
    },
    parse: [Function: bound parse],
    safeParse: [Function: bound safeParse],
    parseAsync: [Function: bound parseAsync] AsyncFunction,
    safeParseAsync: [Function: bound safeParseAsync] AsyncFunction,
    refine: [Function: bound refine],
    refinement: [Function: bound refinement],
    superRefine: [Function: bound superRefine],
    optional: [Function: bound optional],
    nullable: [Function: bound nullable],
    nullish: [Function: bound nullish],
    array: [Function: bound array],
    promise: [Function: bound promise],
    or: [Function: bound or],
    and: [Function: bound and],
    transform: [Function: bound transform],
    brand: [Function: bound brand],
    default: [Function: bound default],
    catch: [Function: bound catch],
    describe: [Function: bound describe],
    pipe: [Function: bound pipe],
    readonly: [Function: bound readonly],
    isNullable: [Function: bound isNullable],
    isOptional: [Function: bound isOptional],
    '~standard': { version: 1, vendor: 'zod', validate: [Function: validate] },
    _cached: { shape: [Object], keys: [Array] },
    nonstrict: [Function: passthrough],
    augment: [Function: extend]
  },
  call: [AsyncFunction (anonymous)]
}
[2026-02-12T20:26:18.196+08:00] locateFields [ 'locate' ]
[2026-02-12T20:26:25.487+08:00] actionInActionSpace matched {
  name: 'Tap',
  description: 'Tap the element',
  interfaceAlias: 'aiTap',
  paramSchema: ZodObject {
    spa: [Function: bound safeParseAsync] AsyncFunction,
    _def: {
      shape: [Function: shape],
      unknownKeys: 'strip',
      catchall: [ZodNever],
      typeName: 'ZodObject'
    },
    parse: [Function: bound parse],
    safeParse: [Function: bound safeParse],
    parseAsync: [Function: bound parseAsync] AsyncFunction,
    safeParseAsync: [Function: bound safeParseAsync] AsyncFunction,
    refine: [Function: bound refine],
    refinement: [Function: bound refinement],
    superRefine: [Function: bound superRefine],
    optional: [Function: bound optional],
    nullable: [Function: bound nullable],
    nullish: [Function: bound nullish],
    array: [Function: bound array],
    promise: [Function: bound promise],
    or: [Function: bound or],
    and: [Function: bound and],
    transform: [Function: bound transform],
    brand: [Function: bound brand],
    default: [Function: bound default],
    catch: [Function: bound catch],
    describe: [Function: bound describe],
    pipe: [Function: bound pipe],
    readonly: [Function: bound readonly],
    isNullable: [Function: bound isNullable],
    isOptional: [Function: bound isOptional],
    '~standard': { version: 1, vendor: 'zod', validate: [Function: validate] },
    _cached: { shape: [Object], keys: [Array] },
    nonstrict: [Function: passthrough],
    augment: [Function: extend]
  },
  call: [AsyncFunction (anonymous)]
}
[2026-02-12T20:26:25.487+08:00] locateFields [ 'locate' ]
[2026-02-12T20:26:36.218+08:00] actionInActionSpace matched {
  name: 'Tap',
  description: 'Tap the element',
  interfaceAlias: 'aiTap',
  paramSchema: ZodObject {
    spa: [Function: bound safeParseAsync] AsyncFunction,
    _def: {
      shape: [Function: shape],
      unknownKeys: 'strip',
      catchall: [ZodNever],
      typeName: 'ZodObject'
    },
    parse: [Function: bound parse],
    safeParse: [Function: bound safeParse],
    parseAsync: [Function: bound parseAsync] AsyncFunction,
    safeParseAsync: [Function: bound safeParseAsync] AsyncFunction,
    refine: [Function: bound refine],
    refinement: [Function: bound refinement],
    superRefine: [Function: bound superRefine],
    optional: [Function: bound optional],
    nullable: [Function: bound nullable],
    nullish: [Function: bound nullish],
    array: [Function: bound array],
    promise: [Function: bound promise],
    or: [Function: bound or],
    and: [Function: bound and],
    transform: [Function: bound transform],
    brand: [Function: bound brand],
    default: [Function: bound default],
    catch: [Function: bound catch],
    describe: [Function: bound describe],
    pipe: [Function: bound pipe],
    readonly: [Function: bound readonly],
    isNullable: [Function: bound isNullable],
    isOptional: [Function: bound isOptional],
    '~standard': { version: 1, vendor: 'zod', validate: [Function: validate] },
    _cached: { shape: [Object], keys: [Array] },
    nonstrict: [Function: passthrough],
    augment: [Function: extend]
  },
  call: [AsyncFunction (anonymous)]
}
[2026-02-12T20:26:36.218+08:00] locateFields [ 'locate' ]
[2026-02-12T20:37:28.833+08:00] actionInActionSpace matched {
  name: 'Launch',
  description: 'Launch an Android app or URL',
  interfaceAlias: 'launch',
  paramSchema: ZodObject {
    spa: [Function: bound safeParseAsync] AsyncFunction,
    _def: {
      shape: [Function: shape],
      unknownKeys: 'strip',
      catchall: [ZodNever],
      typeName: 'ZodObject'
    },
    parse: [Function: bound parse],
    safeParse: [Function: bound safeParse],
    parseAsync: [Function: bound parseAsync] AsyncFunction,
    safeParseAsync: [Function: bound safeParseAsync] AsyncFunction,
    refine: [Function: bound refine],
    refinement: [Function: bound refinement],
    superRefine: [Function: bound superRefine],
    optional: [Function: bound optional],
    nullable: [Function: bound nullable],
    nullish: [Function: bound nullish],
    array: [Function: bound array],
    promise: [Function: bound promise],
    or: [Function: bound or],
    and: [Function: bound and],
    transform: [Function: bound transform],
    brand: [Function: bound brand],
    default: [Function: bound default],
    catch: [Function: bound catch],
    describe: [Function: bound describe],
    pipe: [Function: bound pipe],
    readonly: [Function: bound readonly],
    isNullable: [Function: bound isNullable],
    isOptional: [Function: bound isOptional],
    '~standard': { version: 1, vendor: 'zod', validate: [Function: validate] },
    _cached: null,
    nonstrict: [Function: passthrough],
    augment: [Function: extend]
  },
  call: [AsyncFunction: call]
}
[2026-02-12T20:37:28.833+08:00] locateFields []
[2026-02-12T20:37:35.370+08:00] goal completed via complete-goal tag, stop planning
[2026-02-12T20:37:55.266+08:00] actionInActionSpace matched {
  name: 'Tap',
  description: 'Tap the element',
  interfaceAlias: 'aiTap',
  paramSchema: ZodObject {
    spa: [Function: bound safeParseAsync] AsyncFunction,
    _def: {
      shape: [Function: shape],
      unknownKeys: 'strip',
      catchall: [ZodNever],
      typeName: 'ZodObject'
    },
    parse: [Function: bound parse],
    safeParse: [Function: bound safeParse],
    parseAsync: [Function: bound parseAsync] AsyncFunction,
    safeParseAsync: [Function: bound safeParseAsync] AsyncFunction,
    refine: [Function: bound refine],
    refinement: [Function: bound refinement],
    superRefine: [Function: bound superRefine],
    optional: [Function: bound optional],
    nullable: [Function: bound nullable],
    nullish: [Function: bound nullish],
    array: [Function: bound array],
    promise: [Function: bound promise],
    or: [Function: bound or],
    and: [Function: bound and],
    transform: [Function: bound transform],
    brand: [Function: bound brand],
    default: [Function: bound default],
    catch: [Function: bound catch],
    describe: [Function: bound describe],
    pipe: [Function: bound pipe],
    readonly: [Function: bound readonly],
    isNullable: [Function: bound isNullable],
    isOptional: [Function: bound isOptional],
    '~standard': { version: 1, vendor: 'zod', validate: [Function: validate] },
    _cached: null,
    nonstrict: [Function: passthrough],
    augment: [Function: extend]
  },
  call: [AsyncFunction (anonymous)]
}
[2026-02-12T20:37:55.266+08:00] locateFields [ 'locate' ]
[2026-02-12T20:38:02.648+08:00] actionInActionSpace matched {
  name: 'Tap',
  description: 'Tap the element',
  interfaceAlias: 'aiTap',
  paramSchema: ZodObject {
    spa: [Function: bound safeParseAsync] AsyncFunction,
    _def: {
      shape: [Function: shape],
      unknownKeys: 'strip',
      catchall: [ZodNever],
      typeName: 'ZodObject'
    },
    parse: [Function: bound parse],
    safeParse: [Function: bound safeParse],
    parseAsync: [Function: bound parseAsync] AsyncFunction,
    safeParseAsync: [Function: bound safeParseAsync] AsyncFunction,
    refine: [Function: bound refine],
    refinement: [Function: bound refinement],
    superRefine: [Function: bound superRefine],
    optional: [Function: bound optional],
    nullable: [Function: bound nullable],
    nullish: [Function: bound nullish],
    array: [Function: bound array],
    promise: [Function: bound promise],
    or: [Function: bound or],
    and: [Function: bound and],
    transform: [Function: bound transform],
    brand: [Function: bound brand],
    default: [Function: bound default],
    catch: [Function: bound catch],
    describe: [Function: bound describe],
    pipe: [Function: bound pipe],
    readonly: [Function: bound readonly],
    isNullable: [Function: bound isNullable],
    isOptional: [Function: bound isOptional],
    '~standard': { version: 1, vendor: 'zod', validate: [Function: validate] },
    _cached: { shape: [Object], keys: [Array] },
    nonstrict: [Function: passthrough],
    augment: [Function: extend]
  },
  call: [AsyncFunction (anonymous)]
}
[2026-02-12T20:38:02.648+08:00] locateFields [ 'locate' ]
[2026-02-12T20:38:14.794+08:00] actionInActionSpace matched {
  name: 'Tap',
  description: 'Tap the element',
  interfaceAlias: 'aiTap',
  paramSchema: ZodObject {
    spa: [Function: bound safeParseAsync] AsyncFunction,
    _def: {
      shape: [Function: shape],
      unknownKeys: 'strip',
      catchall: [ZodNever],
      typeName: 'ZodObject'
    },
    parse: [Function: bound parse],
    safeParse: [Function: bound safeParse],
    parseAsync: [Function: bound parseAsync] AsyncFunction,
    safeParseAsync: [Function: bound safeParseAsync] AsyncFunction,
    refine: [Function: bound refine],
    refinement: [Function: bound refinement],
    superRefine: [Function: bound superRefine],
    optional: [Function: bound optional],
    nullable: [Function: bound nullable],
    nullish: [Function: bound nullish],
    array: [Function: bound array],
    promise: [Function: bound promise],
    or: [Function: bound or],
    and: [Function: bound and],
    transform: [Function: bound transform],
    brand: [Function: bound brand],
    default: [Function: bound default],
    catch: [Function: bound catch],
    describe: [Function: bound describe],
    pipe: [Function: bound pipe],
    readonly: [Function: bound readonly],
    isNullable: [Function: bound isNullable],
    isOptional: [Function: bound isOptional],
    '~standard': { version: 1, vendor: 'zod', validate: [Function: validate] },
    _cached: { shape: [Object], keys: [Array] },
    nonstrict: [Function: passthrough],
    augment: [Function: extend]
  },
  call: [AsyncFunction (anonymous)]
}
[2026-02-12T20:38:14.794+08:00] locateFields [ 'locate' ]
[2026-02-12T20:38:23.892+08:00] actionInActionSpace matched {
  name: 'Tap',
  description: 'Tap the element',
  interfaceAlias: 'aiTap',
  paramSchema: ZodObject {
    spa: [Function: bound safeParseAsync] AsyncFunction,
    _def: {
      shape: [Function: shape],
      unknownKeys: 'strip',
      catchall: [ZodNever],
      typeName: 'ZodObject'
    },
    parse: [Function: bound parse],
    safeParse: [Function: bound safeParse],
    parseAsync: [Function: bound parseAsync] AsyncFunction,
    safeParseAsync: [Function: bound safeParseAsync] AsyncFunction,
    refine: [Function: bound refine],
    refinement: [Function: bound refinement],
    superRefine: [Function: bound superRefine],
    optional: [Function: bound optional],
    nullable: [Function: bound nullable],
    nullish: [Function: bound nullish],
    array: [Function: bound array],
    promise: [Function: bound promise],
    or: [Function: bound or],
    and: [Function: bound and],
    transform: [Function: bound transform],
    brand: [Function: bound brand],
    default: [Function: bound default],
    catch: [Function: bound catch],
    describe: [Function: bound describe],
    pipe: [Function: bound pipe],
    readonly: [Function: bound readonly],
    isNullable: [Function: bound isNullable],
    isOptional: [Function: bound isOptional],
    '~standard': { version: 1, vendor: 'zod', validate: [Function: validate] },
    _cached: { shape: [Object], keys: [Array] },
    nonstrict: [Function: passthrough],
    augment: [Function: extend]
  },
  call: [AsyncFunction (anonymous)]
}
[2026-02-12T20:38:23.892+08:00] locateFields [ 'locate' ]
[2026-02-12T20:38:35.525+08:00] actionInActionSpace matched {
  name: 'Tap',
  description: 'Tap the element',
  interfaceAlias: 'aiTap',
  paramSchema: ZodObject {
    spa: [Function: bound safeParseAsync] AsyncFunction,
    _def: {
      shape: [Function: shape],
      unknownKeys: 'strip',
      catchall: [ZodNever],
      typeName: 'ZodObject'
    },
    parse: [Function: bound parse],
    safeParse: [Function: bound safeParse],
    parseAsync: [Function: bound parseAsync] AsyncFunction,
    safeParseAsync: [Function: bound safeParseAsync] AsyncFunction,
    refine: [Function: bound refine],
    refinement: [Function: bound refinement],
    superRefine: [Function: bound superRefine],
    optional: [Function: bound optional],
    nullable: [Function: bound nullable],
    nullish: [Function: bound nullish],
    array: [Function: bound array],
    promise: [Function: bound promise],
    or: [Function: bound or],
    and: [Function: bound and],
    transform: [Function: bound transform],
    brand: [Function: bound brand],
    default: [Function: bound default],
    catch: [Function: bound catch],
    describe: [Function: bound describe],
    pipe: [Function: bound pipe],
    readonly: [Function: bound readonly],
    isNullable: [Function: bound isNullable],
    isOptional: [Function: bound isOptional],
    '~standard': { version: 1, vendor: 'zod', validate: [Function: validate] },
    _cached: { shape: [Object], keys: [Array] },
    nonstrict: [Function: passthrough],
    augment: [Function: extend]
  },
  call: [AsyncFunction (anonymous)]
}
[2026-02-12T20:38:35.526+08:00] locateFields [ 'locate' ]
[2026-02-12T20:38:43.907+08:00] actionInActionSpace matched {
  name: 'Tap',
  description: 'Tap the element',
  interfaceAlias: 'aiTap',
  paramSchema: ZodObject {
    spa: [Function: bound safeParseAsync] AsyncFunction,
    _def: {
      shape: [Function: shape],
      unknownKeys: 'strip',
      catchall: [ZodNever],
      typeName: 'ZodObject'
    },
    parse: [Function: bound parse],
    safeParse: [Function: bound safeParse],
    parseAsync: [Function: bound parseAsync] AsyncFunction,
    safeParseAsync: [Function: bound safeParseAsync] AsyncFunction,
    refine: [Function: bound refine],
    refinement: [Function: bound refinement],
    superRefine: [Function: bound superRefine],
    optional: [Function: bound optional],
    nullable: [Function: bound nullable],
    nullish: [Function: bound nullish],
    array: [Function: bound array],
    promise: [Function: bound promise],
    or: [Function: bound or],
    and: [Function: bound and],
    transform: [Function: bound transform],
    brand: [Function: bound brand],
    default: [Function: bound default],
    catch: [Function: bound catch],
    describe: [Function: bound describe],
    pipe: [Function: bound pipe],
    readonly: [Function: bound readonly],
    isNullable: [Function: bound isNullable],
    isOptional: [Function: bound isOptional],
    '~standard': { version: 1, vendor: 'zod', validate: [Function: validate] },
    _cached: { shape: [Object], keys: [Array] },
    nonstrict: [Function: passthrough],
    augment: [Function: extend]
  },
  call: [AsyncFunction (anonymous)]
}
[2026-02-12T20:38:43.907+08:00] locateFields [ 'locate' ]
[2026-02-12T20:38:53.605+08:00] actionInActionSpace matched {
  name: 'Tap',
  description: 'Tap the element',
  interfaceAlias: 'aiTap',
  paramSchema: ZodObject {
    spa: [Function: bound safeParseAsync] AsyncFunction,
    _def: {
      shape: [Function: shape],
      unknownKeys: 'strip',
      catchall: [ZodNever],
      typeName: 'ZodObject'
    },
    parse: [Function: bound parse],
    safeParse: [Function: bound safeParse],
    parseAsync: [Function: bound parseAsync] AsyncFunction,
    safeParseAsync: [Function: bound safeParseAsync] AsyncFunction,
    refine: [Function: bound refine],
    refinement: [Function: bound refinement],
    superRefine: [Function: bound superRefine],
    optional: [Function: bound optional],
    nullable: [Function: bound nullable],
    nullish: [Function: bound nullish],
    array: [Function: bound array],
    promise: [Function: bound promise],
    or: [Function: bound or],
    and: [Function: bound and],
    transform: [Function: bound transform],
    brand: [Function: bound brand],
    default: [Function: bound default],
    catch: [Function: bound catch],
    describe: [Function: bound describe],
    pipe: [Function: bound pipe],
    readonly: [Function: bound readonly],
    isNullable: [Function: bound isNullable],
    isOptional: [Function: bound isOptional],
    '~standard': { version: 1, vendor: 'zod', validate: [Function: validate] },
    _cached: { shape: [Object], keys: [Array] },
    nonstrict: [Function: passthrough],
    augment: [Function: extend]
  },
  call: [AsyncFunction (anonymous)]
}
[2026-02-12T20:38:53.605+08:00] locateFields [ 'locate' ]
[2026-02-12T20:39:03.026+08:00] actionInActionSpace matched {
  name: 'Tap',
  description: 'Tap the element',
  interfaceAlias: 'aiTap',
  paramSchema: ZodObject {
    spa: [Function: bound safeParseAsync] AsyncFunction,
    _def: {
      shape: [Function: shape],
      unknownKeys: 'strip',
      catchall: [ZodNever],
      typeName: 'ZodObject'
    },
    parse: [Function: bound parse],
    safeParse: [Function: bound safeParse],
    parseAsync: [Function: bound parseAsync] AsyncFunction,
    safeParseAsync: [Function: bound safeParseAsync] AsyncFunction,
    refine: [Function: bound refine],
    refinement: [Function: bound refinement],
    superRefine: [Function: bound superRefine],
    optional: [Function: bound optional],
    nullable: [Function: bound nullable],
    nullish: [Function: bound nullish],
    array: [Function: bound array],
    promise: [Function: bound promise],
    or: [Function: bound or],
    and: [Function: bound and],
    transform: [Function: bound transform],
    brand: [Function: bound brand],
    default: [Function: bound default],
    catch: [Function: bound catch],
    describe: [Function: bound describe],
    pipe: [Function: bound pipe],
    readonly: [Function: bound readonly],
    isNullable: [Function: bound isNullable],
    isOptional: [Function: bound isOptional],
    '~standard': { version: 1, vendor: 'zod', validate: [Function: validate] },
    _cached: { shape: [Object], keys: [Array] },
    nonstrict: [Function: passthrough],
    augment: [Function: extend]
  },
  call: [AsyncFunction (anonymous)]
}
[2026-02-12T20:39:03.026+08:00] locateFields [ 'locate' ]
[2026-02-12T20:39:10.012+08:00] actionInActionSpace matched {
  name: 'Tap',
  description: 'Tap the element',
  interfaceAlias: 'aiTap',
  paramSchema: ZodObject {
    spa: [Function: bound safeParseAsync] AsyncFunction,
    _def: {
      shape: [Function: shape],
      unknownKeys: 'strip',
      catchall: [ZodNever],
      typeName: 'ZodObject'
    },
    parse: [Function: bound parse],
    safeParse: [Function: bound safeParse],
    parseAsync: [Function: bound parseAsync] AsyncFunction,
    safeParseAsync: [Function: bound safeParseAsync] AsyncFunction,
    refine: [Function: bound refine],
    refinement: [Function: bound refinement],
    superRefine: [Function: bound superRefine],
    optional: [Function: bound optional],
    nullable: [Function: bound nullable],
    nullish: [Function: bound nullish],
    array: [Function: bound array],
    promise: [Function: bound promise],
    or: [Function: bound or],
    and: [Function: bound and],
    transform: [Function: bound transform],
    brand: [Function: bound brand],
    default: [Function: bound default],
    catch: [Function: bound catch],
    describe: [Function: bound describe],
    pipe: [Function: bound pipe],
    readonly: [Function: bound readonly],
    isNullable: [Function: bound isNullable],
    isOptional: [Function: bound isOptional],
    '~standard': { version: 1, vendor: 'zod', validate: [Function: validate] },
    _cached: { shape: [Object], keys: [Array] },
    nonstrict: [Function: passthrough],
    augment: [Function: extend]
  },
  call: [AsyncFunction (anonymous)]
}
[2026-02-12T20:39:10.012+08:00] locateFields [ 'locate' ]
[2026-02-12T20:39:15.784+08:00] actionInActionSpace matched {
  name: 'Tap',
  description: 'Tap the element',
  interfaceAlias: 'aiTap',
  paramSchema: ZodObject {
    spa: [Function: bound safeParseAsync] AsyncFunction,
    _def: {
      shape: [Function: shape],
      unknownKeys: 'strip',
      catchall: [ZodNever],
      typeName: 'ZodObject'
    },
    parse: [Function: bound parse],
    safeParse: [Function: bound safeParse],
    parseAsync: [Function: bound parseAsync] AsyncFunction,
    safeParseAsync: [Function: bound safeParseAsync] AsyncFunction,
    refine: [Function: bound refine],
    refinement: [Function: bound refinement],
    superRefine: [Function: bound superRefine],
    optional: [Function: bound optional],
    nullable: [Function: bound nullable],
    nullish: [Function: bound nullish],
    array: [Function: bound array],
    promise: [Function: bound promise],
    or: [Function: bound or],
    and: [Function: bound and],
    transform: [Function: bound transform],
    brand: [Function: bound brand],
    default: [Function: bound default],
    catch: [Function: bound catch],
    describe: [Function: bound describe],
    pipe: [Function: bound pipe],
    readonly: [Function: bound readonly],
    isNullable: [Function: bound isNullable],
    isOptional: [Function: bound isOptional],
    '~standard': { version: 1, vendor: 'zod', validate: [Function: validate] },
    _cached: { shape: [Object], keys: [Array] },
    nonstrict: [Function: passthrough],
    augment: [Function: extend]
  },
  call: [AsyncFunction (anonymous)]
}
[2026-02-12T20:39:15.784+08:00] locateFields [ 'locate' ]
[2026-02-12T20:39:22.479+08:00] actionInActionSpace matched {
  name: 'Tap',
  description: 'Tap the element',
  interfaceAlias: 'aiTap',
  paramSchema: ZodObject {
    spa: [Function: bound safeParseAsync] AsyncFunction,
    _def: {
      shape: [Function: shape],
      unknownKeys: 'strip',
      catchall: [ZodNever],
      typeName: 'ZodObject'
    },
    parse: [Function: bound parse],
    safeParse: [Function: bound safeParse],
    parseAsync: [Function: bound parseAsync] AsyncFunction,
    safeParseAsync: [Function: bound safeParseAsync] AsyncFunction,
    refine: [Function: bound refine],
    refinement: [Function: bound refinement],
    superRefine: [Function: bound superRefine],
    optional: [Function: bound optional],
    nullable: [Function: bound nullable],
    nullish: [Function: bound nullish],
    array: [Function: bound array],
    promise: [Function: bound promise],
    or: [Function: bound or],
    and: [Function: bound and],
    transform: [Function: bound transform],
    brand: [Function: bound brand],
    default: [Function: bound default],
    catch: [Function: bound catch],
    describe: [Function: bound describe],
    pipe: [Function: bound pipe],
    readonly: [Function: bound readonly],
    isNullable: [Function: bound isNullable],
    isOptional: [Function: bound isOptional],
    '~standard': { version: 1, vendor: 'zod', validate: [Function: validate] },
    _cached: { shape: [Object], keys: [Array] },
    nonstrict: [Function: passthrough],
    augment: [Function: extend]
  },
  call: [AsyncFunction (anonymous)]
}
[2026-02-12T20:39:22.480+08:00] locateFields [ 'locate' ]
[2026-02-12T20:39:27.835+08:00] actionInActionSpace matched {
  name: 'Tap',
  description: 'Tap the element',
  interfaceAlias: 'aiTap',
  paramSchema: ZodObject {
    spa: [Function: bound safeParseAsync] AsyncFunction,
    _def: {
      shape: [Function: shape],
      unknownKeys: 'strip',
      catchall: [ZodNever],
      typeName: 'ZodObject'
    },
    parse: [Function: bound parse],
    safeParse: [Function: bound safeParse],
    parseAsync: [Function: bound parseAsync] AsyncFunction,
    safeParseAsync: [Function: bound safeParseAsync] AsyncFunction,
    refine: [Function: bound refine],
    refinement: [Function: bound refinement],
    superRefine: [Function: bound superRefine],
    optional: [Function: bound optional],
    nullable: [Function: bound nullable],
    nullish: [Function: bound nullish],
    array: [Function: bound array],
    promise: [Function: bound promise],
    or: [Function: bound or],
    and: [Function: bound and],
    transform: [Function: bound transform],
    brand: [Function: bound brand],
    default: [Function: bound default],
    catch: [Function: bound catch],
    describe: [Function: bound describe],
    pipe: [Function: bound pipe],
    readonly: [Function: bound readonly],
    isNullable: [Function: bound isNullable],
    isOptional: [Function: bound isOptional],
    '~standard': { version: 1, vendor: 'zod', validate: [Function: validate] },
    _cached: { shape: [Object], keys: [Array] },
    nonstrict: [Function: passthrough],
    augment: [Function: extend]
  },
  call: [AsyncFunction (anonymous)]
}
[2026-02-12T20:39:27.835+08:00] locateFields [ 'locate' ]
[2026-02-12T20:39:31.473+08:00] actionInActionSpace matched {
  name: 'Tap',
  description: 'Tap the element',
  interfaceAlias: 'aiTap',
  paramSchema: ZodObject {
    spa: [Function: bound safeParseAsync] AsyncFunction,
    _def: {
      shape: [Function: shape],
      unknownKeys: 'strip',
      catchall: [ZodNever],
      typeName: 'ZodObject'
    },
    parse: [Function: bound parse],
    safeParse: [Function: bound safeParse],
    parseAsync: [Function: bound parseAsync] AsyncFunction,
    safeParseAsync: [Function: bound safeParseAsync] AsyncFunction,
    refine: [Function: bound refine],
    refinement: [Function: bound refinement],
    superRefine: [Function: bound superRefine],
    optional: [Function: bound optional],
    nullable: [Function: bound nullable],
    nullish: [Function: bound nullish],
    array: [Function: bound array],
    promise: [Function: bound promise],
    or: [Function: bound or],
    and: [Function: bound and],
    transform: [Function: bound transform],
    brand: [Function: bound brand],
    default: [Function: bound default],
    catch: [Function: bound catch],
    describe: [Function: bound describe],
    pipe: [Function: bound pipe],
    readonly: [Function: bound readonly],
    isNullable: [Function: bound isNullable],
    isOptional: [Function: bound isOptional],
    '~standard': { version: 1, vendor: 'zod', validate: [Function: validate] },
    _cached: { shape: [Object], keys: [Array] },
    nonstrict: [Function: passthrough],
    augment: [Function: extend]
  },
  call: [AsyncFunction (anonymous)]
}
[2026-02-12T20:39:31.474+08:00] locateFields [ 'locate' ]
[2026-02-12T20:39:39.875+08:00] actionInActionSpace matched {
  name: 'Tap',
  description: 'Tap the element',
  interfaceAlias: 'aiTap',
  paramSchema: ZodObject {
    spa: [Function: bound safeParseAsync] AsyncFunction,
    _def: {
      shape: [Function: shape],
      unknownKeys: 'strip',
      catchall: [ZodNever],
      typeName: 'ZodObject'
    },
    parse: [Function: bound parse],
    safeParse: [Function: bound safeParse],
    parseAsync: [Function: bound parseAsync] AsyncFunction,
    safeParseAsync: [Function: bound safeParseAsync] AsyncFunction,
    refine: [Function: bound refine],
    refinement: [Function: bound refinement],
    superRefine: [Function: bound superRefine],
    optional: [Function: bound optional],
    nullable: [Function: bound nullable],
    nullish: [Function: bound nullish],
    array: [Function: bound array],
    promise: [Function: bound promise],
    or: [Function: bound or],
    and: [Function: bound and],
    transform: [Function: bound transform],
    brand: [Function: bound brand],
    default: [Function: bound default],
    catch: [Function: bound catch],
    describe: [Function: bound describe],
    pipe: [Function: bound pipe],
    readonly: [Function: bound readonly],
    isNullable: [Function: bound isNullable],
    isOptional: [Function: bound isOptional],
    '~standard': { version: 1, vendor: 'zod', validate: [Function: validate] },
    _cached: { shape: [Object], keys: [Array] },
    nonstrict: [Function: passthrough],
    augment: [Function: extend]
  },
  call: [AsyncFunction (anonymous)]
}
[2026-02-12T20:39:39.875+08:00] locateFields [ 'locate' ]
[2026-02-12T20:39:46.956+08:00] actionInActionSpace matched {
  name: 'Tap',
  description: 'Tap the element',
  interfaceAlias: 'aiTap',
  paramSchema: ZodObject {
    spa: [Function: bound safeParseAsync] AsyncFunction,
    _def: {
      shape: [Function: shape],
      unknownKeys: 'strip',
      catchall: [ZodNever],
      typeName: 'ZodObject'
    },
    parse: [Function: bound parse],
    safeParse: [Function: bound safeParse],
    parseAsync: [Function: bound parseAsync] AsyncFunction,
    safeParseAsync: [Function: bound safeParseAsync] AsyncFunction,
    refine: [Function: bound refine],
    refinement: [Function: bound refinement],
    superRefine: [Function: bound superRefine],
    optional: [Function: bound optional],
    nullable: [Function: bound nullable],
    nullish: [Function: bound nullish],
    array: [Function: bound array],
    promise: [Function: bound promise],
    or: [Function: bound or],
    and: [Function: bound and],
    transform: [Function: bound transform],
    brand: [Function: bound brand],
    default: [Function: bound default],
    catch: [Function: bound catch],
    describe: [Function: bound describe],
    pipe: [Function: bound pipe],
    readonly: [Function: bound readonly],
    isNullable: [Function: bound isNullable],
    isOptional: [Function: bound isOptional],
    '~standard': { version: 1, vendor: 'zod', validate: [Function: validate] },
    _cached: { shape: [Object], keys: [Array] },
    nonstrict: [Function: passthrough],
    augment: [Function: extend]
  },
  call: [AsyncFunction (anonymous)]
}
[2026-02-12T20:39:46.956+08:00] locateFields [ 'locate' ]
[2026-02-12T20:40:07.025+08:00] goal completed via complete-goal tag, stop planning
[2026-02-12T20:40:36.927+08:00] actionInActionSpace matched {
  name: 'RunAdbShell',
  description: 'Execute ADB shell command on Android device',
  interfaceAlias: 'runAdbShell',
  paramSchema: ZodObject {
    spa: [Function: bound safeParseAsync] AsyncFunction,
    _def: {
      shape: [Function: shape],
      unknownKeys: 'strip',
      catchall: [ZodNever],
      typeName: 'ZodObject'
    },
    parse: [Function: bound parse],
    safeParse: [Function: bound safeParse],
    parseAsync: [Function: bound parseAsync] AsyncFunction,
    safeParseAsync: [Function: bound safeParseAsync] AsyncFunction,
    refine: [Function: bound refine],
    refinement: [Function: bound refinement],
    superRefine: [Function: bound superRefine],
    optional: [Function: bound optional],
    nullable: [Function: bound nullable],
    nullish: [Function: bound nullish],
    array: [Function: bound array],
    promise: [Function: bound promise],
    or: [Function: bound or],
    and: [Function: bound and],
    transform: [Function: bound transform],
    brand: [Function: bound brand],
    default: [Function: bound default],
    catch: [Function: bound catch],
    describe: [Function: bound describe],
    pipe: [Function: bound pipe],
    readonly: [Function: bound readonly],
    isNullable: [Function: bound isNullable],
    isOptional: [Function: bound isOptional],
    '~standard': { version: 1, vendor: 'zod', validate: [Function: validate] },
    _cached: null,
    nonstrict: [Function: passthrough],
    augment: [Function: extend]
  },
  call: [AsyncFunction: call]
}
[2026-02-12T20:40:36.927+08:00] locateFields []
[2026-02-12T20:40:43.479+08:00] goal completed via complete-goal tag, stop planning
[2026-02-12T20:41:07.932+08:00] actionInActionSpace matched {
  name: 'Input',
  description: 'Input text into the input field',
  interfaceAlias: 'aiInput',
  paramSchema: ZodObject {
    spa: [Function: bound safeParseAsync] AsyncFunction,
    _def: {
      shape: [Function: shape],
      unknownKeys: 'strip',
      catchall: [ZodNever],
      typeName: 'ZodObject'
    },
    parse: [Function: bound parse],
    safeParse: [Function: bound safeParse],
    parseAsync: [Function: bound parseAsync] AsyncFunction,
    safeParseAsync: [Function: bound safeParseAsync] AsyncFunction,
    refine: [Function: bound refine],
    refinement: [Function: bound refinement],
    superRefine: [Function: bound superRefine],
    optional: [Function: bound optional],
    nullable: [Function: bound nullable],
    nullish: [Function: bound nullish],
    array: [Function: bound array],
    promise: [Function: bound promise],
    or: [Function: bound or],
    and: [Function: bound and],
    transform: [Function: bound transform],
    brand: [Function: bound brand],
    default: [Function: bound default],
    catch: [Function: bound catch],
    describe: [Function: bound describe],
    pipe: [Function: bound pipe],
    readonly: [Function: bound readonly],
    isNullable: [Function: bound isNullable],
    isOptional: [Function: bound isOptional],
    '~standard': { version: 1, vendor: 'zod', validate: [Function: validate] },
    _cached: null,
    nonstrict: [Function: passthrough],
    augment: [Function: extend]
  },
  call: [AsyncFunction: call]
}
[2026-02-12T20:41:07.932+08:00] locateFields [ 'locate' ]
[2026-02-12T20:41:17.648+08:00] goal completed via complete-goal tag, stop planning
[2026-02-12T20:41:33.657+08:00] actionInActionSpace matched {
  name: 'Tap',
  description: 'Tap the element',
  interfaceAlias: 'aiTap',
  paramSchema: ZodObject {
    spa: [Function: bound safeParseAsync] AsyncFunction,
    _def: {
      shape: [Function: shape],
      unknownKeys: 'strip',
      catchall: [ZodNever],
      typeName: 'ZodObject'
    },
    parse: [Function: bound parse],
    safeParse: [Function: bound safeParse],
    parseAsync: [Function: bound parseAsync] AsyncFunction,
    safeParseAsync: [Function: bound safeParseAsync] AsyncFunction,
    refine: [Function: bound refine],
    refinement: [Function: bound refinement],
    superRefine: [Function: bound superRefine],
    optional: [Function: bound optional],
    nullable: [Function: bound nullable],
    nullish: [Function: bound nullish],
    array: [Function: bound array],
    promise: [Function: bound promise],
    or: [Function: bound or],
    and: [Function: bound and],
    transform: [Function: bound transform],
    brand: [Function: bound brand],
    default: [Function: bound default],
    catch: [Function: bound catch],
    describe: [Function: bound describe],
    pipe: [Function: bound pipe],
    readonly: [Function: bound readonly],
    isNullable: [Function: bound isNullable],
    isOptional: [Function: bound isOptional],
    '~standard': { version: 1, vendor: 'zod', validate: [Function: validate] },
    _cached: { shape: [Object], keys: [Array] },
    nonstrict: [Function: passthrough],
    augment: [Function: extend]
  },
  call: [AsyncFunction (anonymous)]
}
[2026-02-12T20:41:33.657+08:00] locateFields [ 'locate' ]
[2026-02-12T20:41:40.518+08:00] actionInActionSpace matched {
  name: 'Tap',
  description: 'Tap the element',
  interfaceAlias: 'aiTap',
  paramSchema: ZodObject {
    spa: [Function: bound safeParseAsync] AsyncFunction,
    _def: {
      shape: [Function: shape],
      unknownKeys: 'strip',
      catchall: [ZodNever],
      typeName: 'ZodObject'
    },
    parse: [Function: bound parse],
    safeParse: [Function: bound safeParse],
    parseAsync: [Function: bound parseAsync] AsyncFunction,
    safeParseAsync: [Function: bound safeParseAsync] AsyncFunction,
    refine: [Function: bound refine],
    refinement: [Function: bound refinement],
    superRefine: [Function: bound superRefine],
    optional: [Function: bound optional],
    nullable: [Function: bound nullable],
    nullish: [Function: bound nullish],
    array: [Function: bound array],
    promise: [Function: bound promise],
    or: [Function: bound or],
    and: [Function: bound and],
    transform: [Function: bound transform],
    brand: [Function: bound brand],
    default: [Function: bound default],
    catch: [Function: bound catch],
    describe: [Function: bound describe],
    pipe: [Function: bound pipe],
    readonly: [Function: bound readonly],
    isNullable: [Function: bound isNullable],
    isOptional: [Function: bound isOptional],
    '~standard': { version: 1, vendor: 'zod', validate: [Function: validate] },
    _cached: { shape: [Object], keys: [Array] },
    nonstrict: [Function: passthrough],
    augment: [Function: extend]
  },
  call: [AsyncFunction (anonymous)]
}
[2026-02-12T20:41:40.518+08:00] locateFields [ 'locate' ]
[2026-02-12T20:41:47.687+08:00] actionInActionSpace matched {
  name: 'Tap',
  description: 'Tap the element',
  interfaceAlias: 'aiTap',
  paramSchema: ZodObject {
    spa: [Function: bound safeParseAsync] AsyncFunction,
    _def: {
      shape: [Function: shape],
      unknownKeys: 'strip',
      catchall: [ZodNever],
      typeName: 'ZodObject'
    },
    parse: [Function: bound parse],
    safeParse: [Function: bound safeParse],
    parseAsync: [Function: bound parseAsync] AsyncFunction,
    safeParseAsync: [Function: bound safeParseAsync] AsyncFunction,
    refine: [Function: bound refine],
    refinement: [Function: bound refinement],
    superRefine: [Function: bound superRefine],
    optional: [Function: bound optional],
    nullable: [Function: bound nullable],
    nullish: [Function: bound nullish],
    array: [Function: bound array],
    promise: [Function: bound promise],
    or: [Function: bound or],
    and: [Function: bound and],
    transform: [Function: bound transform],
    brand: [Function: bound brand],
    default: [Function: bound default],
    catch: [Function: bound catch],
    describe: [Function: bound describe],
    pipe: [Function: bound pipe],
    readonly: [Function: bound readonly],
    isNullable: [Function: bound isNullable],
    isOptional: [Function: bound isOptional],
    '~standard': { version: 1, vendor: 'zod', validate: [Function: validate] },
    _cached: { shape: [Object], keys: [Array] },
    nonstrict: [Function: passthrough],
    augment: [Function: extend]
  },
  call: [AsyncFunction (anonymous)]
}
[2026-02-12T20:41:47.687+08:00] locateFields [ 'locate' ]
[2026-02-12T20:41:54.969+08:00] actionInActionSpace matched {
  name: 'Tap',
  description: 'Tap the element',
  interfaceAlias: 'aiTap',
  paramSchema: ZodObject {
    spa: [Function: bound safeParseAsync] AsyncFunction,
    _def: {
      shape: [Function: shape],
      unknownKeys: 'strip',
      catchall: [ZodNever],
      typeName: 'ZodObject'
    },
    parse: [Function: bound parse],
    safeParse: [Function: bound safeParse],
    parseAsync: [Function: bound parseAsync] AsyncFunction,
    safeParseAsync: [Function: bound safeParseAsync] AsyncFunction,
    refine: [Function: bound refine],
    refinement: [Function: bound refinement],
    superRefine: [Function: bound superRefine],
    optional: [Function: bound optional],
    nullable: [Function: bound nullable],
    nullish: [Function: bound nullish],
    array: [Function: bound array],
    promise: [Function: bound promise],
    or: [Function: bound or],
    and: [Function: bound and],
    transform: [Function: bound transform],
    brand: [Function: bound brand],
    default: [Function: bound default],
    catch: [Function: bound catch],
    describe: [Function: bound describe],
    pipe: [Function: bound pipe],
    readonly: [Function: bound readonly],
    isNullable: [Function: bound isNullable],
    isOptional: [Function: bound isOptional],
    '~standard': { version: 1, vendor: 'zod', validate: [Function: validate] },
    _cached: { shape: [Object], keys: [Array] },
    nonstrict: [Function: passthrough],
    augment: [Function: extend]
  },
  call: [AsyncFunction (anonymous)]
}
[2026-02-12T20:41:54.969+08:00] locateFields [ 'locate' ]
[2026-02-12T20:42:03.150+08:00] actionInActionSpace matched {
  name: 'Tap',
  description: 'Tap the element',
  interfaceAlias: 'aiTap',
  paramSchema: ZodObject {
    spa: [Function: bound safeParseAsync] AsyncFunction,
    _def: {
      shape: [Function: shape],
      unknownKeys: 'strip',
      catchall: [ZodNever],
      typeName: 'ZodObject'
    },
    parse: [Function: bound parse],
    safeParse: [Function: bound safeParse],
    parseAsync: [Function: bound parseAsync] AsyncFunction,
    safeParseAsync: [Function: bound safeParseAsync] AsyncFunction,
    refine: [Function: bound refine],
    refinement: [Function: bound refinement],
    superRefine: [Function: bound superRefine],
    optional: [Function: bound optional],
    nullable: [Function: bound nullable],
    nullish: [Function: bound nullish],
    array: [Function: bound array],
    promise: [Function: bound promise],
    or: [Function: bound or],
    and: [Function: bound and],
    transform: [Function: bound transform],
    brand: [Function: bound brand],
    default: [Function: bound default],
    catch: [Function: bound catch],
    describe: [Function: bound describe],
    pipe: [Function: bound pipe],
    readonly: [Function: bound readonly],
    isNullable: [Function: bound isNullable],
    isOptional: [Function: bound isOptional],
    '~standard': { version: 1, vendor: 'zod', validate: [Function: validate] },
    _cached: { shape: [Object], keys: [Array] },
    nonstrict: [Function: passthrough],
    augment: [Function: extend]
  },
  call: [AsyncFunction (anonymous)]
}
[2026-02-12T20:42:03.150+08:00] locateFields [ 'locate' ]
[2026-02-12T20:42:11.053+08:00] actionInActionSpace matched {
  name: 'Tap',
  description: 'Tap the element',
  interfaceAlias: 'aiTap',
  paramSchema: ZodObject {
    spa: [Function: bound safeParseAsync] AsyncFunction,
    _def: {
      shape: [Function: shape],
      unknownKeys: 'strip',
      catchall: [ZodNever],
      typeName: 'ZodObject'
    },
    parse: [Function: bound parse],
    safeParse: [Function: bound safeParse],
    parseAsync: [Function: bound parseAsync] AsyncFunction,
    safeParseAsync: [Function: bound safeParseAsync] AsyncFunction,
    refine: [Function: bound refine],
    refinement: [Function: bound refinement],
    superRefine: [Function: bound superRefine],
    optional: [Function: bound optional],
    nullable: [Function: bound nullable],
    nullish: [Function: bound nullish],
    array: [Function: bound array],
    promise: [Function: bound promise],
    or: [Function: bound or],
    and: [Function: bound and],
    transform: [Function: bound transform],
    brand: [Function: bound brand],
    default: [Function: bound default],
    catch: [Function: bound catch],
    describe: [Function: bound describe],
    pipe: [Function: bound pipe],
    readonly: [Function: bound readonly],
    isNullable: [Function: bound isNullable],
    isOptional: [Function: bound isOptional],
    '~standard': { version: 1, vendor: 'zod', validate: [Function: validate] },
    _cached: { shape: [Object], keys: [Array] },
    nonstrict: [Function: passthrough],
    augment: [Function: extend]
  },
  call: [AsyncFunction (anonymous)]
}
[2026-02-12T20:42:11.053+08:00] locateFields [ 'locate' ]
[2026-02-12T20:42:20.864+08:00] actionInActionSpace matched {
  name: 'Tap',
  description: 'Tap the element',
  interfaceAlias: 'aiTap',
  paramSchema: ZodObject {
    spa: [Function: bound safeParseAsync] AsyncFunction,
    _def: {
      shape: [Function: shape],
      unknownKeys: 'strip',
      catchall: [ZodNever],
      typeName: 'ZodObject'
    },
    parse: [Function: bound parse],
    safeParse: [Function: bound safeParse],
    parseAsync: [Function: bound parseAsync] AsyncFunction,
    safeParseAsync: [Function: bound safeParseAsync] AsyncFunction,
    refine: [Function: bound refine],
    refinement: [Function: bound refinement],
    superRefine: [Function: bound superRefine],
    optional: [Function: bound optional],
    nullable: [Function: bound nullable],
    nullish: [Function: bound nullish],
    array: [Function: bound array],
    promise: [Function: bound promise],
    or: [Function: bound or],
    and: [Function: bound and],
    transform: [Function: bound transform],
    brand: [Function: bound brand],
    default: [Function: bound default],
    catch: [Function: bound catch],
    describe: [Function: bound describe],
    pipe: [Function: bound pipe],
    readonly: [Function: bound readonly],
    isNullable: [Function: bound isNullable],
    isOptional: [Function: bound isOptional],
    '~standard': { version: 1, vendor: 'zod', validate: [Function: validate] },
    _cached: { shape: [Object], keys: [Array] },
    nonstrict: [Function: passthrough],
    augment: [Function: extend]
  },
  call: [AsyncFunction (anonymous)]
}
[2026-02-12T20:42:20.864+08:00] locateFields [ 'locate' ]
[2026-02-12T20:42:28.712+08:00] actionInActionSpace matched {
  name: 'Tap',
  description: 'Tap the element',
  interfaceAlias: 'aiTap',
  paramSchema: ZodObject {
    spa: [Function: bound safeParseAsync] AsyncFunction,
    _def: {
      shape: [Function: shape],
      unknownKeys: 'strip',
      catchall: [ZodNever],
      typeName: 'ZodObject'
    },
    parse: [Function: bound parse],
    safeParse: [Function: bound safeParse],
    parseAsync: [Function: bound parseAsync] AsyncFunction,
    safeParseAsync: [Function: bound safeParseAsync] AsyncFunction,
    refine: [Function: bound refine],
    refinement: [Function: bound refinement],
    superRefine: [Function: bound superRefine],
    optional: [Function: bound optional],
    nullable: [Function: bound nullable],
    nullish: [Function: bound nullish],
    array: [Function: bound array],
    promise: [Function: bound promise],
    or: [Function: bound or],
    and: [Function: bound and],
    transform: [Function: bound transform],
    brand: [Function: bound brand],
    default: [Function: bound default],
    catch: [Function: bound catch],
    describe: [Function: bound describe],
    pipe: [Function: bound pipe],
    readonly: [Function: bound readonly],
    isNullable: [Function: bound isNullable],
    isOptional: [Function: bound isOptional],
    '~standard': { version: 1, vendor: 'zod', validate: [Function: validate] },
    _cached: { shape: [Object], keys: [Array] },
    nonstrict: [Function: passthrough],
    augment: [Function: extend]
  },
  call: [AsyncFunction (anonymous)]
}
[2026-02-12T20:42:28.712+08:00] locateFields [ 'locate' ]
[2026-02-12T20:42:38.375+08:00] actionInActionSpace matched {
  name: 'RunAdbShell',
  description: 'Execute ADB shell command on Android device',
  interfaceAlias: 'runAdbShell',
  paramSchema: ZodObject {
    spa: [Function: bound safeParseAsync] AsyncFunction,
    _def: {
      shape: [Function: shape],
      unknownKeys: 'strip',
      catchall: [ZodNever],
      typeName: 'ZodObject'
    },
    parse: [Function: bound parse],
    safeParse: [Function: bound safeParse],
    parseAsync: [Function: bound parseAsync] AsyncFunction,
    safeParseAsync: [Function: bound safeParseAsync] AsyncFunction,
    refine: [Function: bound refine],
    refinement: [Function: bound refinement],
    superRefine: [Function: bound superRefine],
    optional: [Function: bound optional],
    nullable: [Function: bound nullable],
    nullish: [Function: bound nullish],
    array: [Function: bound array],
    promise: [Function: bound promise],
    or: [Function: bound or],
    and: [Function: bound and],
    transform: [Function: bound transform],
    brand: [Function: bound brand],
    default: [Function: bound default],
    catch: [Function: bound catch],
    describe: [Function: bound describe],
    pipe: [Function: bound pipe],
    readonly: [Function: bound readonly],
    isNullable: [Function: bound isNullable],
    isOptional: [Function: bound isOptional],
    '~standard': { version: 1, vendor: 'zod', validate: [Function: validate] },
    _cached: { shape: [Object], keys: [Array] },
    nonstrict: [Function: passthrough],
    augment: [Function: extend]
  },
  call: [AsyncFunction: call]
}
[2026-02-12T20:42:38.376+08:00] locateFields []
[2026-02-12T20:42:45.951+08:00] goal completed via complete-goal tag, stop planning
[2026-02-12T20:43:00.289+08:00] actionInActionSpace matched {
  name: 'Tap',
  description: 'Tap the element',
  interfaceAlias: 'aiTap',
  paramSchema: ZodObject {
    spa: [Function: bound safeParseAsync] AsyncFunction,
    _def: {
      shape: [Function: shape],
      unknownKeys: 'strip',
      catchall: [ZodNever],
      typeName: 'ZodObject'
    },
    parse: [Function: bound parse],
    safeParse: [Function: bound safeParse],
    parseAsync: [Function: bound parseAsync] AsyncFunction,
    safeParseAsync: [Function: bound safeParseAsync] AsyncFunction,
    refine: [Function: bound refine],
    refinement: [Function: bound refinement],
    superRefine: [Function: bound superRefine],
    optional: [Function: bound optional],
    nullable: [Function: bound nullable],
    nullish: [Function: bound nullish],
    array: [Function: bound array],
    promise: [Function: bound promise],
    or: [Function: bound or],
    and: [Function: bound and],
    transform: [Function: bound transform],
    brand: [Function: bound brand],
    default: [Function: bound default],
    catch: [Function: bound catch],
    describe: [Function: bound describe],
    pipe: [Function: bound pipe],
    readonly: [Function: bound readonly],
    isNullable: [Function: bound isNullable],
    isOptional: [Function: bound isOptional],
    '~standard': { version: 1, vendor: 'zod', validate: [Function: validate] },
    _cached: { shape: [Object], keys: [Array] },
    nonstrict: [Function: passthrough],
    augment: [Function: extend]
  },
  call: [AsyncFunction (anonymous)]
}
[2026-02-12T20:43:00.289+08:00] locateFields [ 'locate' ]
[2026-02-12T20:43:01.733+08:00] actionInActionSpace matched {
  name: 'RunAdbShell',
  description: 'Execute ADB shell command on Android device',
  interfaceAlias: 'runAdbShell',
  paramSchema: ZodObject {
    spa: [Function: bound safeParseAsync] AsyncFunction,
    _def: {
      shape: [Function: shape],
      unknownKeys: 'strip',
      catchall: [ZodNever],
      typeName: 'ZodObject'
    },
    parse: [Function: bound parse],
    safeParse: [Function: bound safeParse],
    parseAsync: [Function: bound parseAsync] AsyncFunction,
    safeParseAsync: [Function: bound safeParseAsync] AsyncFunction,
    refine: [Function: bound refine],
    refinement: [Function: bound refinement],
    superRefine: [Function: bound superRefine],
    optional: [Function: bound optional],
    nullable: [Function: bound nullable],
    nullish: [Function: bound nullish],
    array: [Function: bound array],
    promise: [Function: bound promise],
    or: [Function: bound or],
    and: [Function: bound and],
    transform: [Function: bound transform],
    brand: [Function: bound brand],
    default: [Function: bound default],
    catch: [Function: bound catch],
    describe: [Function: bound describe],
    pipe: [Function: bound pipe],
    readonly: [Function: bound readonly],
    isNullable: [Function: bound isNullable],
    isOptional: [Function: bound isOptional],
    '~standard': { version: 1, vendor: 'zod', validate: [Function: validate] },
    _cached: { shape: [Object], keys: [Array] },
    nonstrict: [Function: passthrough],
    augment: [Function: extend]
  },
  call: [AsyncFunction: call]
}
[2026-02-12T20:43:01.733+08:00] locateFields []
[2026-02-12T20:43:10.427+08:00] goal completed via complete-goal tag, stop planning
[2026-02-12T20:43:13.194+08:00] actionInActionSpace matched {
  name: 'Tap',
  description: 'Tap the element',
  interfaceAlias: 'aiTap',
  paramSchema: ZodObject {
    spa: [Function: bound safeParseAsync] AsyncFunction,
    _def: {
      shape: [Function: shape],
      unknownKeys: 'strip',
      catchall: [ZodNever],
      typeName: 'ZodObject'
    },
    parse: [Function: bound parse],
    safeParse: [Function: bound safeParse],
    parseAsync: [Function: bound parseAsync] AsyncFunction,
    safeParseAsync: [Function: bound safeParseAsync] AsyncFunction,
    refine: [Function: bound refine],
    refinement: [Function: bound refinement],
    superRefine: [Function: bound superRefine],
    optional: [Function: bound optional],
    nullable: [Function: bound nullable],
    nullish: [Function: bound nullish],
    array: [Function: bound array],
    promise: [Function: bound promise],
    or: [Function: bound or],
    and: [Function: bound and],
    transform: [Function: bound transform],
    brand: [Function: bound brand],
    default: [Function: bound default],
    catch: [Function: bound catch],
    describe: [Function: bound describe],
    pipe: [Function: bound pipe],
    readonly: [Function: bound readonly],
    isNullable: [Function: bound isNullable],
    isOptional: [Function: bound isOptional],
    '~standard': { version: 1, vendor: 'zod', validate: [Function: validate] },
    _cached: { shape: [Object], keys: [Array] },
    nonstrict: [Function: passthrough],
    augment: [Function: extend]
  },
  call: [AsyncFunction (anonymous)]
}
[2026-02-12T20:43:13.194+08:00] locateFields [ 'locate' ]
[2026-02-12T20:43:18.314+08:00] actionInActionSpace matched {
  name: 'RunAdbShell',
  description: 'Execute ADB shell command on Android device',
  interfaceAlias: 'runAdbShell',
  paramSchema: ZodObject {
    spa: [Function: bound safeParseAsync] AsyncFunction,
    _def: {
      shape: [Function: shape],
      unknownKeys: 'strip',
      catchall: [ZodNever],
      typeName: 'ZodObject'
    },
    parse: [Function: bound parse],
    safeParse: [Function: bound safeParse],
    parseAsync: [Function: bound parseAsync] AsyncFunction,
    safeParseAsync: [Function: bound safeParseAsync] AsyncFunction,
    refine: [Function: bound refine],
    refinement: [Function: bound refinement],
    superRefine: [Function: bound superRefine],
    optional: [Function: bound optional],
    nullable: [Function: bound nullable],
    nullish: [Function: bound nullish],
    array: [Function: bound array],
    promise: [Function: bound promise],
    or: [Function: bound or],
    and: [Function: bound and],
    transform: [Function: bound transform],
    brand: [Function: bound brand],
    default: [Function: bound default],
    catch: [Function: bound catch],
    describe: [Function: bound describe],
    pipe: [Function: bound pipe],
    readonly: [Function: bound readonly],
    isNullable: [Function: bound isNullable],
    isOptional: [Function: bound isOptional],
    '~standard': { version: 1, vendor: 'zod', validate: [Function: validate] },
    _cached: { shape: [Object], keys: [Array] },
    nonstrict: [Function: passthrough],
    augment: [Function: extend]
  },
  call: [AsyncFunction: call]
}
[2026-02-12T20:43:18.314+08:00] locateFields []
[2026-02-12T20:43:23.126+08:00] actionInActionSpace matched {
  name: 'RunAdbShell',
  description: 'Execute ADB shell command on Android device',
  interfaceAlias: 'runAdbShell',
  paramSchema: ZodObject {
    spa: [Function: bound safeParseAsync] AsyncFunction,
    _def: {
      shape: [Function: shape],
      unknownKeys: 'strip',
      catchall: [ZodNever],
      typeName: 'ZodObject'
    },
    parse: [Function: bound parse],
    safeParse: [Function: bound safeParse],
    parseAsync: [Function: bound parseAsync] AsyncFunction,
    safeParseAsync: [Function: bound safeParseAsync] AsyncFunction,
    refine: [Function: bound refine],
    refinement: [Function: bound refinement],
    superRefine: [Function: bound superRefine],
    optional: [Function: bound optional],
    nullable: [Function: bound nullable],
    nullish: [Function: bound nullish],
    array: [Function: bound array],
    promise: [Function: bound promise],
    or: [Function: bound or],
    and: [Function: bound and],
    transform: [Function: bound transform],
    brand: [Function: bound brand],
    default: [Function: bound default],
    catch: [Function: bound catch],
    describe: [Function: bound describe],
    pipe: [Function: bound pipe],
    readonly: [Function: bound readonly],
    isNullable: [Function: bound isNullable],
    isOptional: [Function: bound isOptional],
    '~standard': { version: 1, vendor: 'zod', validate: [Function: validate] },
    _cached: { shape: [Object], keys: [Array] },
    nonstrict: [Function: passthrough],
    augment: [Function: extend]
  },
  call: [AsyncFunction: call]
}
[2026-02-12T20:43:23.126+08:00] locateFields []
[2026-02-12T20:43:27.529+08:00] actionInActionSpace matched {
  name: 'RunAdbShell',
  description: 'Execute ADB shell command on Android device',
  interfaceAlias: 'runAdbShell',
  paramSchema: ZodObject {
    spa: [Function: bound safeParseAsync] AsyncFunction,
    _def: {
      shape: [Function: shape],
      unknownKeys: 'strip',
      catchall: [ZodNever],
      typeName: 'ZodObject'
    },
    parse: [Function: bound parse],
    safeParse: [Function: bound safeParse],
    parseAsync: [Function: bound parseAsync] AsyncFunction,
    safeParseAsync: [Function: bound safeParseAsync] AsyncFunction,
    refine: [Function: bound refine],
    refinement: [Function: bound refinement],
    superRefine: [Function: bound superRefine],
    optional: [Function: bound optional],
    nullable: [Function: bound nullable],
    nullish: [Function: bound nullish],
    array: [Function: bound array],
    promise: [Function: bound promise],
    or: [Function: bound or],
    and: [Function: bound and],
    transform: [Function: bound transform],
    brand: [Function: bound brand],
    default: [Function: bound default],
    catch: [Function: bound catch],
    describe: [Function: bound describe],
    pipe: [Function: bound pipe],
    readonly: [Function: bound readonly],
    isNullable: [Function: bound isNullable],
    isOptional: [Function: bound isOptional],
    '~standard': { version: 1, vendor: 'zod', validate: [Function: validate] },
    _cached: { shape: [Object], keys: [Array] },
    nonstrict: [Function: passthrough],
    augment: [Function: extend]
  },
  call: [AsyncFunction: call]
}
[2026-02-12T20:43:27.529+08:00] locateFields []
[2026-02-12T20:43:35.315+08:00] actionInActionSpace matched {
  name: 'RunAdbShell',
  description: 'Execute ADB shell command on Android device',
  interfaceAlias: 'runAdbShell',
  paramSchema: ZodObject {
    spa: [Function: bound safeParseAsync] AsyncFunction,
    _def: {
      shape: [Function: shape],
      unknownKeys: 'strip',
      catchall: [ZodNever],
      typeName: 'ZodObject'
    },
    parse: [Function: bound parse],
    safeParse: [Function: bound safeParse],
    parseAsync: [Function: bound parseAsync] AsyncFunction,
    safeParseAsync: [Function: bound safeParseAsync] AsyncFunction,
    refine: [Function: bound refine],
    refinement: [Function: bound refinement],
    superRefine: [Function: bound superRefine],
    optional: [Function: bound optional],
    nullable: [Function: bound nullable],
    nullish: [Function: bound nullish],
    array: [Function: bound array],
    promise: [Function: bound promise],
    or: [Function: bound or],
    and: [Function: bound and],
    transform: [Function: bound transform],
    brand: [Function: bound brand],
    default: [Function: bound default],
    catch: [Function: bound catch],
    describe: [Function: bound describe],
    pipe: [Function: bound pipe],
    readonly: [Function: bound readonly],
    isNullable: [Function: bound isNullable],
    isOptional: [Function: bound isOptional],
    '~standard': { version: 1, vendor: 'zod', validate: [Function: validate] },
    _cached: { shape: [Object], keys: [Array] },
    nonstrict: [Function: passthrough],
    augment: [Function: extend]
  },
  call: [AsyncFunction: call]
}
[2026-02-12T20:43:35.315+08:00] locateFields []
[2026-02-12T20:43:35.358+08:00] actionInActionSpace matched {
  name: 'Tap',
  description: 'Tap the element',
  interfaceAlias: 'aiTap',
  paramSchema: ZodObject {
    spa: [Function: bound safeParseAsync] AsyncFunction,
    _def: {
      shape: [Function: shape],
      unknownKeys: 'strip',
      catchall: [ZodNever],
      typeName: 'ZodObject'
    },
    parse: [Function: bound parse],
    safeParse: [Function: bound safeParse],
    parseAsync: [Function: bound parseAsync] AsyncFunction,
    safeParseAsync: [Function: bound safeParseAsync] AsyncFunction,
    refine: [Function: bound refine],
    refinement: [Function: bound refinement],
    superRefine: [Function: bound superRefine],
    optional: [Function: bound optional],
    nullable: [Function: bound nullable],
    nullish: [Function: bound nullish],
    array: [Function: bound array],
    promise: [Function: bound promise],
    or: [Function: bound or],
    and: [Function: bound and],
    transform: [Function: bound transform],
    brand: [Function: bound brand],
    default: [Function: bound default],
    catch: [Function: bound catch],
    describe: [Function: bound describe],
    pipe: [Function: bound pipe],
    readonly: [Function: bound readonly],
    isNullable: [Function: bound isNullable],
    isOptional: [Function: bound isOptional],
    '~standard': { version: 1, vendor: 'zod', validate: [Function: validate] },
    _cached: { shape: [Object], keys: [Array] },
    nonstrict: [Function: passthrough],
    augment: [Function: extend]
  },
  call: [AsyncFunction (anonymous)]
}
[2026-02-12T20:43:35.358+08:00] locateFields [ 'locate' ]
[2026-02-12T20:43:41.251+08:00] actionInActionSpace matched {
  name: 'Tap',
  description: 'Tap the element',
  interfaceAlias: 'aiTap',
  paramSchema: ZodObject {
    spa: [Function: bound safeParseAsync] AsyncFunction,
    _def: {
      shape: [Function: shape],
      unknownKeys: 'strip',
      catchall: [ZodNever],
      typeName: 'ZodObject'
    },
    parse: [Function: bound parse],
    safeParse: [Function: bound safeParse],
    parseAsync: [Function: bound parseAsync] AsyncFunction,
    safeParseAsync: [Function: bound safeParseAsync] AsyncFunction,
    refine: [Function: bound refine],
    refinement: [Function: bound refinement],
    superRefine: [Function: bound superRefine],
    optional: [Function: bound optional],
    nullable: [Function: bound nullable],
    nullish: [Function: bound nullish],
    array: [Function: bound array],
    promise: [Function: bound promise],
    or: [Function: bound or],
    and: [Function: bound and],
    transform: [Function: bound transform],
    brand: [Function: bound brand],
    default: [Function: bound default],
    catch: [Function: bound catch],
    describe: [Function: bound describe],
    pipe: [Function: bound pipe],
    readonly: [Function: bound readonly],
    isNullable: [Function: bound isNullable],
    isOptional: [Function: bound isOptional],
    '~standard': { version: 1, vendor: 'zod', validate: [Function: validate] },
    _cached: { shape: [Object], keys: [Array] },
    nonstrict: [Function: passthrough],
    augment: [Function: extend]
  },
  call: [AsyncFunction (anonymous)]
}
[2026-02-12T20:43:41.251+08:00] locateFields [ 'locate' ]
[2026-02-12T20:43:42.376+08:00] actionInActionSpace matched {
  name: 'Tap',
  description: 'Tap the element',
  interfaceAlias: 'aiTap',
  paramSchema: ZodObject {
    spa: [Function: bound safeParseAsync] AsyncFunction,
    _def: {
      shape: [Function: shape],
      unknownKeys: 'strip',
      catchall: [ZodNever],
      typeName: 'ZodObject'
    },
    parse: [Function: bound parse],
    safeParse: [Function: bound safeParse],
    parseAsync: [Function: bound parseAsync] AsyncFunction,
    safeParseAsync: [Function: bound safeParseAsync] AsyncFunction,
    refine: [Function: bound refine],
    refinement: [Function: bound refinement],
    superRefine: [Function: bound superRefine],
    optional: [Function: bound optional],
    nullable: [Function: bound nullable],
    nullish: [Function: bound nullish],
    array: [Function: bound array],
    promise: [Function: bound promise],
    or: [Function: bound or],
    and: [Function: bound and],
    transform: [Function: bound transform],
    brand: [Function: bound brand],
    default: [Function: bound default],
    catch: [Function: bound catch],
    describe: [Function: bound describe],
    pipe: [Function: bound pipe],
    readonly: [Function: bound readonly],
    isNullable: [Function: bound isNullable],
    isOptional: [Function: bound isOptional],
    '~standard': { version: 1, vendor: 'zod', validate: [Function: validate] },
    _cached: { shape: [Object], keys: [Array] },
    nonstrict: [Function: passthrough],
    augment: [Function: extend]
  },
  call: [AsyncFunction (anonymous)]
}
[2026-02-12T20:43:42.377+08:00] locateFields [ 'locate' ]
[2026-02-12T20:43:46.373+08:00] actionInActionSpace matched {
  name: 'Tap',
  description: 'Tap the element',
  interfaceAlias: 'aiTap',
  paramSchema: ZodObject {
    spa: [Function: bound safeParseAsync] AsyncFunction,
    _def: {
      shape: [Function: shape],
      unknownKeys: 'strip',
      catchall: [ZodNever],
      typeName: 'ZodObject'
    },
    parse: [Function: bound parse],
    safeParse: [Function: bound safeParse],
    parseAsync: [Function: bound parseAsync] AsyncFunction,
    safeParseAsync: [Function: bound safeParseAsync] AsyncFunction,
    refine: [Function: bound refine],
    refinement: [Function: bound refinement],
    superRefine: [Function: bound superRefine],
    optional: [Function: bound optional],
    nullable: [Function: bound nullable],
    nullish: [Function: bound nullish],
    array: [Function: bound array],
    promise: [Function: bound promise],
    or: [Function: bound or],
    and: [Function: bound and],
    transform: [Function: bound transform],
    brand: [Function: bound brand],
    default: [Function: bound default],
    catch: [Function: bound catch],
    describe: [Function: bound describe],
    pipe: [Function: bound pipe],
    readonly: [Function: bound readonly],
    isNullable: [Function: bound isNullable],
    isOptional: [Function: bound isOptional],
    '~standard': { version: 1, vendor: 'zod', validate: [Function: validate] },
    _cached: { shape: [Object], keys: [Array] },
    nonstrict: [Function: passthrough],
    augment: [Function: extend]
  },
  call: [AsyncFunction (anonymous)]
}
[2026-02-12T20:43:46.373+08:00] locateFields [ 'locate' ]
[2026-02-12T20:43:47.680+08:00] actionInActionSpace matched {
  name: 'Tap',
  description: 'Tap the element',
  interfaceAlias: 'aiTap',
  paramSchema: ZodObject {
    spa: [Function: bound safeParseAsync] AsyncFunction,
    _def: {
      shape: [Function: shape],
      unknownKeys: 'strip',
      catchall: [ZodNever],
      typeName: 'ZodObject'
    },
    parse: [Function: bound parse],
    safeParse: [Function: bound safeParse],
    parseAsync: [Function: bound parseAsync] AsyncFunction,
    safeParseAsync: [Function: bound safeParseAsync] AsyncFunction,
    refine: [Function: bound refine],
    refinement: [Function: bound refinement],
    superRefine: [Function: bound superRefine],
    optional: [Function: bound optional],
    nullable: [Function: bound nullable],
    nullish: [Function: bound nullish],
    array: [Function: bound array],
    promise: [Function: bound promise],
    or: [Function: bound or],
    and: [Function: bound and],
    transform: [Function: bound transform],
    brand: [Function: bound brand],
    default: [Function: bound default],
    catch: [Function: bound catch],
    describe: [Function: bound describe],
    pipe: [Function: bound pipe],
    readonly: [Function: bound readonly],
    isNullable: [Function: bound isNullable],
    isOptional: [Function: bound isOptional],
    '~standard': { version: 1, vendor: 'zod', validate: [Function: validate] },
    _cached: { shape: [Object], keys: [Array] },
    nonstrict: [Function: passthrough],
    augment: [Function: extend]
  },
  call: [AsyncFunction (anonymous)]
}
[2026-02-12T20:43:47.680+08:00] locateFields [ 'locate' ]
[2026-02-12T20:43:51.643+08:00] actionInActionSpace matched {
  name: 'Tap',
  description: 'Tap the element',
  interfaceAlias: 'aiTap',
  paramSchema: ZodObject {
    spa: [Function: bound safeParseAsync] AsyncFunction,
    _def: {
      shape: [Function: shape],
      unknownKeys: 'strip',
      catchall: [ZodNever],
      typeName: 'ZodObject'
    },
    parse: [Function: bound parse],
    safeParse: [Function: bound safeParse],
    parseAsync: [Function: bound parseAsync] AsyncFunction,
    safeParseAsync: [Function: bound safeParseAsync] AsyncFunction,
    refine: [Function: bound refine],
    refinement: [Function: bound refinement],
    superRefine: [Function: bound superRefine],
    optional: [Function: bound optional],
    nullable: [Function: bound nullable],
    nullish: [Function: bound nullish],
    array: [Function: bound array],
    promise: [Function: bound promise],
    or: [Function: bound or],
    and: [Function: bound and],
    transform: [Function: bound transform],
    brand: [Function: bound brand],
    default: [Function: bound default],
    catch: [Function: bound catch],
    describe: [Function: bound describe],
    pipe: [Function: bound pipe],
    readonly: [Function: bound readonly],
    isNullable: [Function: bound isNullable],
    isOptional: [Function: bound isOptional],
    '~standard': { version: 1, vendor: 'zod', validate: [Function: validate] },
    _cached: { shape: [Object], keys: [Array] },
    nonstrict: [Function: passthrough],
    augment: [Function: extend]
  },
  call: [AsyncFunction (anonymous)]
}
[2026-02-12T20:43:51.643+08:00] locateFields [ 'locate' ]
[2026-02-12T20:43:53.562+08:00] actionInActionSpace matched {
  name: 'Tap',
  description: 'Tap the element',
  interfaceAlias: 'aiTap',
  paramSchema: ZodObject {
    spa: [Function: bound safeParseAsync] AsyncFunction,
    _def: {
      shape: [Function: shape],
      unknownKeys: 'strip',
      catchall: [ZodNever],
      typeName: 'ZodObject'
    },
    parse: [Function: bound parse],
    safeParse: [Function: bound safeParse],
    parseAsync: [Function: bound parseAsync] AsyncFunction,
    safeParseAsync: [Function: bound safeParseAsync] AsyncFunction,
    refine: [Function: bound refine],
    refinement: [Function: bound refinement],
    superRefine: [Function: bound superRefine],
    optional: [Function: bound optional],
    nullable: [Function: bound nullable],
    nullish: [Function: bound nullish],
    array: [Function: bound array],
    promise: [Function: bound promise],
    or: [Function: bound or],
    and: [Function: bound and],
    transform: [Function: bound transform],
    brand: [Function: bound brand],
    default: [Function: bound default],
    catch: [Function: bound catch],
    describe: [Function: bound describe],
    pipe: [Function: bound pipe],
    readonly: [Function: bound readonly],
    isNullable: [Function: bound isNullable],
    isOptional: [Function: bound isOptional],
    '~standard': { version: 1, vendor: 'zod', validate: [Function: validate] },
    _cached: { shape: [Object], keys: [Array] },
    nonstrict: [Function: passthrough],
    augment: [Function: extend]
  },
  call: [AsyncFunction (anonymous)]
}
[2026-02-12T20:43:53.562+08:00] locateFields [ 'locate' ]
[2026-02-12T20:43:57.125+08:00] actionInActionSpace matched {
  name: 'Tap',
  description: 'Tap the element',
  interfaceAlias: 'aiTap',
  paramSchema: ZodObject {
    spa: [Function: bound safeParseAsync] AsyncFunction,
    _def: {
      shape: [Function: shape],
      unknownKeys: 'strip',
      catchall: [ZodNever],
      typeName: 'ZodObject'
    },
    parse: [Function: bound parse],
    safeParse: [Function: bound safeParse],
    parseAsync: [Function: bound parseAsync] AsyncFunction,
    safeParseAsync: [Function: bound safeParseAsync] AsyncFunction,
    refine: [Function: bound refine],
    refinement: [Function: bound refinement],
    superRefine: [Function: bound superRefine],
    optional: [Function: bound optional],
    nullable: [Function: bound nullable],
    nullish: [Function: bound nullish],
    array: [Function: bound array],
    promise: [Function: bound promise],
    or: [Function: bound or],
    and: [Function: bound and],
    transform: [Function: bound transform],
    brand: [Function: bound brand],
    default: [Function: bound default],
    catch: [Function: bound catch],
    describe: [Function: bound describe],
    pipe: [Function: bound pipe],
    readonly: [Function: bound readonly],
    isNullable: [Function: bound isNullable],
    isOptional: [Function: bound isOptional],
    '~standard': { version: 1, vendor: 'zod', validate: [Function: validate] },
    _cached: { shape: [Object], keys: [Array] },
    nonstrict: [Function: passthrough],
    augment: [Function: extend]
  },
  call: [AsyncFunction (anonymous)]
}
[2026-02-12T20:43:57.125+08:00] locateFields [ 'locate' ]
[2026-02-12T20:43:59.029+08:00] actionInActionSpace matched {
  name: 'Tap',
  description: 'Tap the element',
  interfaceAlias: 'aiTap',
  paramSchema: ZodObject {
    spa: [Function: bound safeParseAsync] AsyncFunction,
    _def: {
      shape: [Function: shape],
      unknownKeys: 'strip',
      catchall: [ZodNever],
      typeName: 'ZodObject'
    },
    parse: [Function: bound parse],
    safeParse: [Function: bound safeParse],
    parseAsync: [Function: bound parseAsync] AsyncFunction,
    safeParseAsync: [Function: bound safeParseAsync] AsyncFunction,
    refine: [Function: bound refine],
    refinement: [Function: bound refinement],
    superRefine: [Function: bound superRefine],
    optional: [Function: bound optional],
    nullable: [Function: bound nullable],
    nullish: [Function: bound nullish],
    array: [Function: bound array],
    promise: [Function: bound promise],
    or: [Function: bound or],
    and: [Function: bound and],
    transform: [Function: bound transform],
    brand: [Function: bound brand],
    default: [Function: bound default],
    catch: [Function: bound catch],
    describe: [Function: bound describe],
    pipe: [Function: bound pipe],
    readonly: [Function: bound readonly],
    isNullable: [Function: bound isNullable],
    isOptional: [Function: bound isOptional],
    '~standard': { version: 1, vendor: 'zod', validate: [Function: validate] },
    _cached: { shape: [Object], keys: [Array] },
    nonstrict: [Function: passthrough],
    augment: [Function: extend]
  },
  call: [AsyncFunction (anonymous)]
}
[2026-02-12T20:43:59.029+08:00] locateFields [ 'locate' ]
[2026-02-12T20:44:04.189+08:00] actionInActionSpace matched {
  name: 'Tap',
  description: 'Tap the element',
  interfaceAlias: 'aiTap',
  paramSchema: ZodObject {
    spa: [Function: bound safeParseAsync] AsyncFunction,
    _def: {
      shape: [Function: shape],
      unknownKeys: 'strip',
      catchall: [ZodNever],
      typeName: 'ZodObject'
    },
    parse: [Function: bound parse],
    safeParse: [Function: bound safeParse],
    parseAsync: [Function: bound parseAsync] AsyncFunction,
    safeParseAsync: [Function: bound safeParseAsync] AsyncFunction,
    refine: [Function: bound refine],
    refinement: [Function: bound refinement],
    superRefine: [Function: bound superRefine],
    optional: [Function: bound optional],
    nullable: [Function: bound nullable],
    nullish: [Function: bound nullish],
    array: [Function: bound array],
    promise: [Function: bound promise],
    or: [Function: bound or],
    and: [Function: bound and],
    transform: [Function: bound transform],
    brand: [Function: bound brand],
    default: [Function: bound default],
    catch: [Function: bound catch],
    describe: [Function: bound describe],
    pipe: [Function: bound pipe],
    readonly: [Function: bound readonly],
    isNullable: [Function: bound isNullable],
    isOptional: [Function: bound isOptional],
    '~standard': { version: 1, vendor: 'zod', validate: [Function: validate] },
    _cached: { shape: [Object], keys: [Array] },
    nonstrict: [Function: passthrough],
    augment: [Function: extend]
  },
  call: [AsyncFunction (anonymous)]
}
[2026-02-12T20:44:04.189+08:00] locateFields [ 'locate' ]
[2026-02-12T20:44:05.625+08:00] actionInActionSpace matched {
  name: 'Tap',
  description: 'Tap the element',
  interfaceAlias: 'aiTap',
  paramSchema: ZodObject {
    spa: [Function: bound safeParseAsync] AsyncFunction,
    _def: {
      shape: [Function: shape],
      unknownKeys: 'strip',
      catchall: [ZodNever],
      typeName: 'ZodObject'
    },
    parse: [Function: bound parse],
    safeParse: [Function: bound safeParse],
    parseAsync: [Function: bound parseAsync] AsyncFunction,
    safeParseAsync: [Function: bound safeParseAsync] AsyncFunction,
    refine: [Function: bound refine],
    refinement: [Function: bound refinement],
    superRefine: [Function: bound superRefine],
    optional: [Function: bound optional],
    nullable: [Function: bound nullable],
    nullish: [Function: bound nullish],
    array: [Function: bound array],
    promise: [Function: bound promise],
    or: [Function: bound or],
    and: [Function: bound and],
    transform: [Function: bound transform],
    brand: [Function: bound brand],
    default: [Function: bound default],
    catch: [Function: bound catch],
    describe: [Function: bound describe],
    pipe: [Function: bound pipe],
    readonly: [Function: bound readonly],
    isNullable: [Function: bound isNullable],
    isOptional: [Function: bound isOptional],
    '~standard': { version: 1, vendor: 'zod', validate: [Function: validate] },
    _cached: { shape: [Object], keys: [Array] },
    nonstrict: [Function: passthrough],
    augment: [Function: extend]
  },
  call: [AsyncFunction (anonymous)]
}
[2026-02-12T20:44:05.625+08:00] locateFields [ 'locate' ]
[2026-02-12T20:44:10.844+08:00] actionInActionSpace matched {
  name: 'Tap',
  description: 'Tap the element',
  interfaceAlias: 'aiTap',
  paramSchema: ZodObject {
    spa: [Function: bound safeParseAsync] AsyncFunction,
    _def: {
      shape: [Function: shape],
      unknownKeys: 'strip',
      catchall: [ZodNever],
      typeName: 'ZodObject'
    },
    parse: [Function: bound parse],
    safeParse: [Function: bound safeParse],
    parseAsync: [Function: bound parseAsync] AsyncFunction,
    safeParseAsync: [Function: bound safeParseAsync] AsyncFunction,
    refine: [Function: bound refine],
    refinement: [Function: bound refinement],
    superRefine: [Function: bound superRefine],
    optional: [Function: bound optional],
    nullable: [Function: bound nullable],
    nullish: [Function: bound nullish],
    array: [Function: bound array],
    promise: [Function: bound promise],
    or: [Function: bound or],
    and: [Function: bound and],
    transform: [Function: bound transform],
    brand: [Function: bound brand],
    default: [Function: bound default],
    catch: [Function: bound catch],
    describe: [Function: bound describe],
    pipe: [Function: bound pipe],
    readonly: [Function: bound readonly],
    isNullable: [Function: bound isNullable],
    isOptional: [Function: bound isOptional],
    '~standard': { version: 1, vendor: 'zod', validate: [Function: validate] },
    _cached: { shape: [Object], keys: [Array] },
    nonstrict: [Function: passthrough],
    augment: [Function: extend]
  },
  call: [AsyncFunction (anonymous)]
}
[2026-02-12T20:44:10.844+08:00] locateFields [ 'locate' ]
[2026-02-12T20:44:11.022+08:00] actionInActionSpace matched {
  name: 'Tap',
  description: 'Tap the element',
  interfaceAlias: 'aiTap',
  paramSchema: ZodObject {
    spa: [Function: bound safeParseAsync] AsyncFunction,
    _def: {
      shape: [Function: shape],
      unknownKeys: 'strip',
      catchall: [ZodNever],
      typeName: 'ZodObject'
    },
    parse: [Function: bound parse],
    safeParse: [Function: bound safeParse],
    parseAsync: [Function: bound parseAsync] AsyncFunction,
    safeParseAsync: [Function: bound safeParseAsync] AsyncFunction,
    refine: [Function: bound refine],
    refinement: [Function: bound refinement],
    superRefine: [Function: bound superRefine],
    optional: [Function: bound optional],
    nullable: [Function: bound nullable],
    nullish: [Function: bound nullish],
    array: [Function: bound array],
    promise: [Function: bound promise],
    or: [Function: bound or],
    and: [Function: bound and],
    transform: [Function: bound transform],
    brand: [Function: bound brand],
    default: [Function: bound default],
    catch: [Function: bound catch],
    describe: [Function: bound describe],
    pipe: [Function: bound pipe],
    readonly: [Function: bound readonly],
    isNullable: [Function: bound isNullable],
    isOptional: [Function: bound isOptional],
    '~standard': { version: 1, vendor: 'zod', validate: [Function: validate] },
    _cached: { shape: [Object], keys: [Array] },
    nonstrict: [Function: passthrough],
    augment: [Function: extend]
  },
  call: [AsyncFunction (anonymous)]
}
[2026-02-12T20:44:11.022+08:00] locateFields [ 'locate' ]
[2026-02-12T20:44:16.066+08:00] actionInActionSpace matched {
  name: 'Tap',
  description: 'Tap the element',
  interfaceAlias: 'aiTap',
  paramSchema: ZodObject {
    spa: [Function: bound safeParseAsync] AsyncFunction,
    _def: {
      shape: [Function: shape],
      unknownKeys: 'strip',
      catchall: [ZodNever],
      typeName: 'ZodObject'
    },
    parse: [Function: bound parse],
    safeParse: [Function: bound safeParse],
    parseAsync: [Function: bound parseAsync] AsyncFunction,
    safeParseAsync: [Function: bound safeParseAsync] AsyncFunction,
    refine: [Function: bound refine],
    refinement: [Function: bound refinement],
    superRefine: [Function: bound superRefine],
    optional: [Function: bound optional],
    nullable: [Function: bound nullable],
    nullish: [Function: bound nullish],
    array: [Function: bound array],
    promise: [Function: bound promise],
    or: [Function: bound or],
    and: [Function: bound and],
    transform: [Function: bound transform],
    brand: [Function: bound brand],
    default: [Function: bound default],
    catch: [Function: bound catch],
    describe: [Function: bound describe],
    pipe: [Function: bound pipe],
    readonly: [Function: bound readonly],
    isNullable: [Function: bound isNullable],
    isOptional: [Function: bound isOptional],
    '~standard': { version: 1, vendor: 'zod', validate: [Function: validate] },
    _cached: { shape: [Object], keys: [Array] },
    nonstrict: [Function: passthrough],
    augment: [Function: extend]
  },
  call: [AsyncFunction (anonymous)]
}
[2026-02-12T20:44:16.066+08:00] locateFields [ 'locate' ]
[2026-02-12T20:44:16.680+08:00] actionInActionSpace matched {
  name: 'Tap',
  description: 'Tap the element',
  interfaceAlias: 'aiTap',
  paramSchema: ZodObject {
    spa: [Function: bound safeParseAsync] AsyncFunction,
    _def: {
      shape: [Function: shape],
      unknownKeys: 'strip',
      catchall: [ZodNever],
      typeName: 'ZodObject'
    },
    parse: [Function: bound parse],
    safeParse: [Function: bound safeParse],
    parseAsync: [Function: bound parseAsync] AsyncFunction,
    safeParseAsync: [Function: bound safeParseAsync] AsyncFunction,
    refine: [Function: bound refine],
    refinement: [Function: bound refinement],
    superRefine: [Function: bound superRefine],
    optional: [Function: bound optional],
    nullable: [Function: bound nullable],
    nullish: [Function: bound nullish],
    array: [Function: bound array],
    promise: [Function: bound promise],
    or: [Function: bound or],
    and: [Function: bound and],
    transform: [Function: bound transform],
    brand: [Function: bound brand],
    default: [Function: bound default],
    catch: [Function: bound catch],
    describe: [Function: bound describe],
    pipe: [Function: bound pipe],
    readonly: [Function: bound readonly],
    isNullable: [Function: bound isNullable],
    isOptional: [Function: bound isOptional],
    '~standard': { version: 1, vendor: 'zod', validate: [Function: validate] },
    _cached: { shape: [Object], keys: [Array] },
    nonstrict: [Function: passthrough],
    augment: [Function: extend]
  },
  call: [AsyncFunction (anonymous)]
}
[2026-02-12T20:44:16.680+08:00] locateFields [ 'locate' ]
[2026-02-12T20:44:21.699+08:00] actionInActionSpace matched {
  name: 'Tap',
  description: 'Tap the element',
  interfaceAlias: 'aiTap',
  paramSchema: ZodObject {
    spa: [Function: bound safeParseAsync] AsyncFunction,
    _def: {
      shape: [Function: shape],
      unknownKeys: 'strip',
      catchall: [ZodNever],
      typeName: 'ZodObject'
    },
    parse: [Function: bound parse],
    safeParse: [Function: bound safeParse],
    parseAsync: [Function: bound parseAsync] AsyncFunction,
    safeParseAsync: [Function: bound safeParseAsync] AsyncFunction,
    refine: [Function: bound refine],
    refinement: [Function: bound refinement],
    superRefine: [Function: bound superRefine],
    optional: [Function: bound optional],
    nullable: [Function: bound nullable],
    nullish: [Function: bound nullish],
    array: [Function: bound array],
    promise: [Function: bound promise],
    or: [Function: bound or],
    and: [Function: bound and],
    transform: [Function: bound transform],
    brand: [Function: bound brand],
    default: [Function: bound default],
    catch: [Function: bound catch],
    describe: [Function: bound describe],
    pipe: [Function: bound pipe],
    readonly: [Function: bound readonly],
    isNullable: [Function: bound isNullable],
    isOptional: [Function: bound isOptional],
    '~standard': { version: 1, vendor: 'zod', validate: [Function: validate] },
    _cached: { shape: [Object], keys: [Array] },
    nonstrict: [Function: passthrough],
    augment: [Function: extend]
  },
  call: [AsyncFunction (anonymous)]
}
[2026-02-12T20:44:21.699+08:00] locateFields [ 'locate' ]
[2026-02-12T20:44:26.922+08:00] actionInActionSpace matched {
  name: 'Tap',
  description: 'Tap the element',
  interfaceAlias: 'aiTap',
  paramSchema: ZodObject {
    spa: [Function: bound safeParseAsync] AsyncFunction,
    _def: {
      shape: [Function: shape],
      unknownKeys: 'strip',
      catchall: [ZodNever],
      typeName: 'ZodObject'
    },
    parse: [Function: bound parse],
    safeParse: [Function: bound safeParse],
    parseAsync: [Function: bound parseAsync] AsyncFunction,
    safeParseAsync: [Function: bound safeParseAsync] AsyncFunction,
    refine: [Function: bound refine],
    refinement: [Function: bound refinement],
    superRefine: [Function: bound superRefine],
    optional: [Function: bound optional],
    nullable: [Function: bound nullable],
    nullish: [Function: bound nullish],
    array: [Function: bound array],
    promise: [Function: bound promise],
    or: [Function: bound or],
    and: [Function: bound and],
    transform: [Function: bound transform],
    brand: [Function: bound brand],
    default: [Function: bound default],
    catch: [Function: bound catch],
    describe: [Function: bound describe],
    pipe: [Function: bound pipe],
    readonly: [Function: bound readonly],
    isNullable: [Function: bound isNullable],
    isOptional: [Function: bound isOptional],
    '~standard': { version: 1, vendor: 'zod', validate: [Function: validate] },
    _cached: { shape: [Object], keys: [Array] },
    nonstrict: [Function: passthrough],
    augment: [Function: extend]
  },
  call: [AsyncFunction (anonymous)]
}
[2026-02-12T20:44:26.922+08:00] locateFields [ 'locate' ]
[2026-02-12T20:44:32.450+08:00] actionInActionSpace matched {
  name: 'Tap',
  description: 'Tap the element',
  interfaceAlias: 'aiTap',
  paramSchema: ZodObject {
    spa: [Function: bound safeParseAsync] AsyncFunction,
    _def: {
      shape: [Function: shape],
      unknownKeys: 'strip',
      catchall: [ZodNever],
      typeName: 'ZodObject'
    },
    parse: [Function: bound parse],
    safeParse: [Function: bound safeParse],
    parseAsync: [Function: bound parseAsync] AsyncFunction,
    safeParseAsync: [Function: bound safeParseAsync] AsyncFunction,
    refine: [Function: bound refine],
    refinement: [Function: bound refinement],
    superRefine: [Function: bound superRefine],
    optional: [Function: bound optional],
    nullable: [Function: bound nullable],
    nullish: [Function: bound nullish],
    array: [Function: bound array],
    promise: [Function: bound promise],
    or: [Function: bound or],
    and: [Function: bound and],
    transform: [Function: bound transform],
    brand: [Function: bound brand],
    default: [Function: bound default],
    catch: [Function: bound catch],
    describe: [Function: bound describe],
    pipe: [Function: bound pipe],
    readonly: [Function: bound readonly],
    isNullable: [Function: bound isNullable],
    isOptional: [Function: bound isOptional],
    '~standard': { version: 1, vendor: 'zod', validate: [Function: validate] },
    _cached: { shape: [Object], keys: [Array] },
    nonstrict: [Function: passthrough],
    augment: [Function: extend]
  },
  call: [AsyncFunction (anonymous)]
}
[2026-02-12T20:44:32.450+08:00] locateFields [ 'locate' ]
[2026-02-12T20:44:38.494+08:00] actionInActionSpace matched {
  name: 'Tap',
  description: 'Tap the element',
  interfaceAlias: 'aiTap',
  paramSchema: ZodObject {
    spa: [Function: bound safeParseAsync] AsyncFunction,
    _def: {
      shape: [Function: shape],
      unknownKeys: 'strip',
      catchall: [ZodNever],
      typeName: 'ZodObject'
    },
    parse: [Function: bound parse],
    safeParse: [Function: bound safeParse],
    parseAsync: [Function: bound parseAsync] AsyncFunction,
    safeParseAsync: [Function: bound safeParseAsync] AsyncFunction,
    refine: [Function: bound refine],
    refinement: [Function: bound refinement],
    superRefine: [Function: bound superRefine],
    optional: [Function: bound optional],
    nullable: [Function: bound nullable],
    nullish: [Function: bound nullish],
    array: [Function: bound array],
    promise: [Function: bound promise],
    or: [Function: bound or],
    and: [Function: bound and],
    transform: [Function: bound transform],
    brand: [Function: bound brand],
    default: [Function: bound default],
    catch: [Function: bound catch],
    describe: [Function: bound describe],
    pipe: [Function: bound pipe],
    readonly: [Function: bound readonly],
    isNullable: [Function: bound isNullable],
    isOptional: [Function: bound isOptional],
    '~standard': { version: 1, vendor: 'zod', validate: [Function: validate] },
    _cached: { shape: [Object], keys: [Array] },
    nonstrict: [Function: passthrough],
    augment: [Function: extend]
  },
  call: [AsyncFunction (anonymous)]
}
[2026-02-12T20:44:38.494+08:00] locateFields [ 'locate' ]
[2026-02-12T20:44:43.763+08:00] actionInActionSpace matched {
  name: 'Tap',
  description: 'Tap the element',
  interfaceAlias: 'aiTap',
  paramSchema: ZodObject {
    spa: [Function: bound safeParseAsync] AsyncFunction,
    _def: {
      shape: [Function: shape],
      unknownKeys: 'strip',
      catchall: [ZodNever],
      typeName: 'ZodObject'
    },
    parse: [Function: bound parse],
    safeParse: [Function: bound safeParse],
    parseAsync: [Function: bound parseAsync] AsyncFunction,
    safeParseAsync: [Function: bound safeParseAsync] AsyncFunction,
    refine: [Function: bound refine],
    refinement: [Function: bound refinement],
    superRefine: [Function: bound superRefine],
    optional: [Function: bound optional],
    nullable: [Function: bound nullable],
    nullish: [Function: bound nullish],
    array: [Function: bound array],
    promise: [Function: bound promise],
    or: [Function: bound or],
    and: [Function: bound and],
    transform: [Function: bound transform],
    brand: [Function: bound brand],
    default: [Function: bound default],
    catch: [Function: bound catch],
    describe: [Function: bound describe],
    pipe: [Function: bound pipe],
    readonly: [Function: bound readonly],
    isNullable: [Function: bound isNullable],
    isOptional: [Function: bound isOptional],
    '~standard': { version: 1, vendor: 'zod', validate: [Function: validate] },
    _cached: { shape: [Object], keys: [Array] },
    nonstrict: [Function: passthrough],
    augment: [Function: extend]
  },
  call: [AsyncFunction (anonymous)]
}
[2026-02-12T20:44:43.763+08:00] locateFields [ 'locate' ]
[2026-02-12T20:44:50.680+08:00] actionInActionSpace matched {
  name: 'ClearInput',
  description: 'the position of the placeholder or text content in the target input field. If there is no content, locate the center of the input field.',
  interfaceAlias: 'aiClearInput',
  paramSchema: ZodObject {
    spa: [Function: bound safeParseAsync] AsyncFunction,
    _def: {
      shape: [Function: shape],
      unknownKeys: 'strip',
      catchall: [ZodNever],
      typeName: 'ZodObject'
    },
    parse: [Function: bound parse],
    safeParse: [Function: bound safeParse],
    parseAsync: [Function: bound parseAsync] AsyncFunction,
    safeParseAsync: [Function: bound safeParseAsync] AsyncFunction,
    refine: [Function: bound refine],
    refinement: [Function: bound refinement],
    superRefine: [Function: bound superRefine],
    optional: [Function: bound optional],
    nullable: [Function: bound nullable],
    nullish: [Function: bound nullish],
    array: [Function: bound array],
    promise: [Function: bound promise],
    or: [Function: bound or],
    and: [Function: bound and],
    transform: [Function: bound transform],
    brand: [Function: bound brand],
    default: [Function: bound default],
    catch: [Function: bound catch],
    describe: [Function: bound describe],
    pipe: [Function: bound pipe],
    readonly: [Function: bound readonly],
    isNullable: [Function: bound isNullable],
    isOptional: [Function: bound isOptional],
    '~standard': { version: 1, vendor: 'zod', validate: [Function: validate] },
    _cached: null,
    nonstrict: [Function: passthrough],
    augment: [Function: extend]
  },
  call: [AsyncFunction (anonymous)]
}
[2026-02-12T20:44:50.680+08:00] locateFields [ 'locate' ]
[2026-02-12T20:44:52.420+08:00] actionInActionSpace matched {
  name: 'RunAdbShell',
  description: 'Execute ADB shell command on Android device',
  interfaceAlias: 'runAdbShell',
  paramSchema: ZodObject {
    spa: [Function: bound safeParseAsync] AsyncFunction,
    _def: {
      shape: [Function: shape],
      unknownKeys: 'strip',
      catchall: [ZodNever],
      typeName: 'ZodObject'
    },
    parse: [Function: bound parse],
    safeParse: [Function: bound safeParse],
    parseAsync: [Function: bound parseAsync] AsyncFunction,
    safeParseAsync: [Function: bound safeParseAsync] AsyncFunction,
    refine: [Function: bound refine],
    refinement: [Function: bound refinement],
    superRefine: [Function: bound superRefine],
    optional: [Function: bound optional],
    nullable: [Function: bound nullable],
    nullish: [Function: bound nullish],
    array: [Function: bound array],
    promise: [Function: bound promise],
    or: [Function: bound or],
    and: [Function: bound and],
    transform: [Function: bound transform],
    brand: [Function: bound brand],
    default: [Function: bound default],
    catch: [Function: bound catch],
    describe: [Function: bound describe],
    pipe: [Function: bound pipe],
    readonly: [Function: bound readonly],
    isNullable: [Function: bound isNullable],
    isOptional: [Function: bound isOptional],
    '~standard': { version: 1, vendor: 'zod', validate: [Function: validate] },
    _cached: { shape: [Object], keys: [Array] },
    nonstrict: [Function: passthrough],
    augment: [Function: extend]
  },
  call: [AsyncFunction: call]
}
[2026-02-12T20:44:52.421+08:00] locateFields []
[2026-02-12T20:44:59.793+08:00] actionInActionSpace matched {
  name: 'ClearInput',
  description: 'the position of the placeholder or text content in the target input field. If there is no content, locate the center of the input field.',
  interfaceAlias: 'aiClearInput',
  paramSchema: ZodObject {
    spa: [Function: bound safeParseAsync] AsyncFunction,
    _def: {
      shape: [Function: shape],
      unknownKeys: 'strip',
      catchall: [ZodNever],
      typeName: 'ZodObject'
    },
    parse: [Function: bound parse],
    safeParse: [Function: bound safeParse],
    parseAsync: [Function: bound parseAsync] AsyncFunction,
    safeParseAsync: [Function: bound safeParseAsync] AsyncFunction,
    refine: [Function: bound refine],
    refinement: [Function: bound refinement],
    superRefine: [Function: bound superRefine],
    optional: [Function: bound optional],
    nullable: [Function: bound nullable],
    nullish: [Function: bound nullish],
    array: [Function: bound array],
    promise: [Function: bound promise],
    or: [Function: bound or],
    and: [Function: bound and],
    transform: [Function: bound transform],
    brand: [Function: bound brand],
    default: [Function: bound default],
    catch: [Function: bound catch],
    describe: [Function: bound describe],
    pipe: [Function: bound pipe],
    readonly: [Function: bound readonly],
    isNullable: [Function: bound isNullable],
    isOptional: [Function: bound isOptional],
    '~standard': { version: 1, vendor: 'zod', validate: [Function: validate] },
    _cached: { shape: [Object], keys: [Array] },
    nonstrict: [Function: passthrough],
    augment: [Function: extend]
  },
  call: [AsyncFunction (anonymous)]
}
[2026-02-12T20:44:59.793+08:00] locateFields [ 'locate' ]
[2026-02-12T20:45:00.887+08:00] actionInActionSpace matched {
  name: 'RunAdbShell',
  description: 'Execute ADB shell command on Android device',
  interfaceAlias: 'runAdbShell',
  paramSchema: ZodObject {
    spa: [Function: bound safeParseAsync] AsyncFunction,
    _def: {
      shape: [Function: shape],
      unknownKeys: 'strip',
      catchall: [ZodNever],
      typeName: 'ZodObject'
    },
    parse: [Function: bound parse],
    safeParse: [Function: bound safeParse],
    parseAsync: [Function: bound parseAsync] AsyncFunction,
    safeParseAsync: [Function: bound safeParseAsync] AsyncFunction,
    refine: [Function: bound refine],
    refinement: [Function: bound refinement],
    superRefine: [Function: bound superRefine],
    optional: [Function: bound optional],
    nullable: [Function: bound nullable],
    nullish: [Function: bound nullish],
    array: [Function: bound array],
    promise: [Function: bound promise],
    or: [Function: bound or],
    and: [Function: bound and],
    transform: [Function: bound transform],
    brand: [Function: bound brand],
    default: [Function: bound default],
    catch: [Function: bound catch],
    describe: [Function: bound describe],
    pipe: [Function: bound pipe],
    readonly: [Function: bound readonly],
    isNullable: [Function: bound isNullable],
    isOptional: [Function: bound isOptional],
    '~standard': { version: 1, vendor: 'zod', validate: [Function: validate] },
    _cached: { shape: [Object], keys: [Array] },
    nonstrict: [Function: passthrough],
    augment: [Function: extend]
  },
  call: [AsyncFunction: call]
}
[2026-02-12T20:45:00.887+08:00] locateFields []
[2026-02-12T20:45:06.244+08:00] actionInActionSpace matched {
  name: 'ClearInput',
  description: 'the position of the placeholder or text content in the target input field. If there is no content, locate the center of the input field.',
  interfaceAlias: 'aiClearInput',
  paramSchema: ZodObject {
    spa: [Function: bound safeParseAsync] AsyncFunction,
    _def: {
      shape: [Function: shape],
      unknownKeys: 'strip',
      catchall: [ZodNever],
      typeName: 'ZodObject'
    },
    parse: [Function: bound parse],
    safeParse: [Function: bound safeParse],
    parseAsync: [Function: bound parseAsync] AsyncFunction,
    safeParseAsync: [Function: bound safeParseAsync] AsyncFunction,
    refine: [Function: bound refine],
    refinement: [Function: bound refinement],
    superRefine: [Function: bound superRefine],
    optional: [Function: bound optional],
    nullable: [Function: bound nullable],
    nullish: [Function: bound nullish],
    array: [Function: bound array],
    promise: [Function: bound promise],
    or: [Function: bound or],
    and: [Function: bound and],
    transform: [Function: bound transform],
    brand: [Function: bound brand],
    default: [Function: bound default],
    catch: [Function: bound catch],
    describe: [Function: bound describe],
    pipe: [Function: bound pipe],
    readonly: [Function: bound readonly],
    isNullable: [Function: bound isNullable],
    isOptional: [Function: bound isOptional],
    '~standard': { version: 1, vendor: 'zod', validate: [Function: validate] },
    _cached: { shape: [Object], keys: [Array] },
    nonstrict: [Function: passthrough],
    augment: [Function: extend]
  },
  call: [AsyncFunction (anonymous)]
}
[2026-02-12T20:45:06.244+08:00] locateFields [ 'locate' ]
[2026-02-12T20:45:07.573+08:00] actionInActionSpace matched {
  name: 'RunAdbShell',
  description: 'Execute ADB shell command on Android device',
  interfaceAlias: 'runAdbShell',
  paramSchema: ZodObject {
    spa: [Function: bound safeParseAsync] AsyncFunction,
    _def: {
      shape: [Function: shape],
      unknownKeys: 'strip',
      catchall: [ZodNever],
      typeName: 'ZodObject'
    },
    parse: [Function: bound parse],
    safeParse: [Function: bound safeParse],
    parseAsync: [Function: bound parseAsync] AsyncFunction,
    safeParseAsync: [Function: bound safeParseAsync] AsyncFunction,
    refine: [Function: bound refine],
    refinement: [Function: bound refinement],
    superRefine: [Function: bound superRefine],
    optional: [Function: bound optional],
    nullable: [Function: bound nullable],
    nullish: [Function: bound nullish],
    array: [Function: bound array],
    promise: [Function: bound promise],
    or: [Function: bound or],
    and: [Function: bound and],
    transform: [Function: bound transform],
    brand: [Function: bound brand],
    default: [Function: bound default],
    catch: [Function: bound catch],
    describe: [Function: bound describe],
    pipe: [Function: bound pipe],
    readonly: [Function: bound readonly],
    isNullable: [Function: bound isNullable],
    isOptional: [Function: bound isOptional],
    '~standard': { version: 1, vendor: 'zod', validate: [Function: validate] },
    _cached: { shape: [Object], keys: [Array] },
    nonstrict: [Function: passthrough],
    augment: [Function: extend]
  },
  call: [AsyncFunction: call]
}
[2026-02-12T20:45:07.573+08:00] locateFields []
[2026-02-12T20:45:13.413+08:00] actionInActionSpace matched {
  name: 'RunAdbShell',
  description: 'Execute ADB shell command on Android device',
  interfaceAlias: 'runAdbShell',
  paramSchema: ZodObject {
    spa: [Function: bound safeParseAsync] AsyncFunction,
    _def: {
      shape: [Function: shape],
      unknownKeys: 'strip',
      catchall: [ZodNever],
      typeName: 'ZodObject'
    },
    parse: [Function: bound parse],
    safeParse: [Function: bound safeParse],
    parseAsync: [Function: bound parseAsync] AsyncFunction,
    safeParseAsync: [Function: bound safeParseAsync] AsyncFunction,
    refine: [Function: bound refine],
    refinement: [Function: bound refinement],
    superRefine: [Function: bound superRefine],
    optional: [Function: bound optional],
    nullable: [Function: bound nullable],
    nullish: [Function: bound nullish],
    array: [Function: bound array],
    promise: [Function: bound promise],
    or: [Function: bound or],
    and: [Function: bound and],
    transform: [Function: bound transform],
    brand: [Function: bound brand],
    default: [Function: bound default],
    catch: [Function: bound catch],
    describe: [Function: bound describe],
    pipe: [Function: bound pipe],
    readonly: [Function: bound readonly],
    isNullable: [Function: bound isNullable],
    isOptional: [Function: bound isOptional],
    '~standard': { version: 1, vendor: 'zod', validate: [Function: validate] },
    _cached: { shape: [Object], keys: [Array] },
    nonstrict: [Function: passthrough],
    augment: [Function: extend]
  },
  call: [AsyncFunction: call]
}
[2026-02-12T20:45:13.413+08:00] locateFields []
[2026-02-12T20:45:14.436+08:00] actionInActionSpace matched {
  name: 'ClearInput',
  description: 'the position of the placeholder or text content in the target input field. If there is no content, locate the center of the input field.',
  interfaceAlias: 'aiClearInput',
  paramSchema: ZodObject {
    spa: [Function: bound safeParseAsync] AsyncFunction,
    _def: {
      shape: [Function: shape],
      unknownKeys: 'strip',
      catchall: [ZodNever],
      typeName: 'ZodObject'
    },
    parse: [Function: bound parse],
    safeParse: [Function: bound safeParse],
    parseAsync: [Function: bound parseAsync] AsyncFunction,
    safeParseAsync: [Function: bound safeParseAsync] AsyncFunction,
    refine: [Function: bound refine],
    refinement: [Function: bound refinement],
    superRefine: [Function: bound superRefine],
    optional: [Function: bound optional],
    nullable: [Function: bound nullable],
    nullish: [Function: bound nullish],
    array: [Function: bound array],
    promise: [Function: bound promise],
    or: [Function: bound or],
    and: [Function: bound and],
    transform: [Function: bound transform],
    brand: [Function: bound brand],
    default: [Function: bound default],
    catch: [Function: bound catch],
    describe: [Function: bound describe],
    pipe: [Function: bound pipe],
    readonly: [Function: bound readonly],
    isNullable: [Function: bound isNullable],
    isOptional: [Function: bound isOptional],
    '~standard': { version: 1, vendor: 'zod', validate: [Function: validate] },
    _cached: { shape: [Object], keys: [Array] },
    nonstrict: [Function: passthrough],
    augment: [Function: extend]
  },
  call: [AsyncFunction (anonymous)]
}
[2026-02-12T20:45:14.436+08:00] locateFields [ 'locate' ]
[2026-02-12T20:45:19.247+08:00] actionInActionSpace matched {
  name: 'RunAdbShell',
  description: 'Execute ADB shell command on Android device',
  interfaceAlias: 'runAdbShell',
  paramSchema: ZodObject {
    spa: [Function: bound safeParseAsync] AsyncFunction,
    _def: {
      shape: [Function: shape],
      unknownKeys: 'strip',
      catchall: [ZodNever],
      typeName: 'ZodObject'
    },
    parse: [Function: bound parse],
    safeParse: [Function: bound safeParse],
    parseAsync: [Function: bound parseAsync] AsyncFunction,
    safeParseAsync: [Function: bound safeParseAsync] AsyncFunction,
    refine: [Function: bound refine],
    refinement: [Function: bound refinement],
    superRefine: [Function: bound superRefine],
    optional: [Function: bound optional],
    nullable: [Function: bound nullable],
    nullish: [Function: bound nullish],
    array: [Function: bound array],
    promise: [Function: bound promise],
    or: [Function: bound or],
    and: [Function: bound and],
    transform: [Function: bound transform],
    brand: [Function: bound brand],
    default: [Function: bound default],
    catch: [Function: bound catch],
    describe: [Function: bound describe],
    pipe: [Function: bound pipe],
    readonly: [Function: bound readonly],
    isNullable: [Function: bound isNullable],
    isOptional: [Function: bound isOptional],
    '~standard': { version: 1, vendor: 'zod', validate: [Function: validate] },
    _cached: { shape: [Object], keys: [Array] },
    nonstrict: [Function: passthrough],
    augment: [Function: extend]
  },
  call: [AsyncFunction: call]
}
[2026-02-12T20:45:19.247+08:00] locateFields []
[2026-02-12T20:45:20.915+08:00] actionInActionSpace matched {
  name: 'RunAdbShell',
  description: 'Execute ADB shell command on Android device',
  interfaceAlias: 'runAdbShell',
  paramSchema: ZodObject {
    spa: [Function: bound safeParseAsync] AsyncFunction,
    _def: {
      shape: [Function: shape],
      unknownKeys: 'strip',
      catchall: [ZodNever],
      typeName: 'ZodObject'
    },
    parse: [Function: bound parse],
    safeParse: [Function: bound safeParse],
    parseAsync: [Function: bound parseAsync] AsyncFunction,
    safeParseAsync: [Function: bound safeParseAsync] AsyncFunction,
    refine: [Function: bound refine],
    refinement: [Function: bound refinement],
    superRefine: [Function: bound superRefine],
    optional: [Function: bound optional],
    nullable: [Function: bound nullable],
    nullish: [Function: bound nullish],
    array: [Function: bound array],
    promise: [Function: bound promise],
    or: [Function: bound or],
    and: [Function: bound and],
    transform: [Function: bound transform],
    brand: [Function: bound brand],
    default: [Function: bound default],
    catch: [Function: bound catch],
    describe: [Function: bound describe],
    pipe: [Function: bound pipe],
    readonly: [Function: bound readonly],
    isNullable: [Function: bound isNullable],
    isOptional: [Function: bound isOptional],
    '~standard': { version: 1, vendor: 'zod', validate: [Function: validate] },
    _cached: { shape: [Object], keys: [Array] },
    nonstrict: [Function: passthrough],
    augment: [Function: extend]
  },
  call: [AsyncFunction: call]
}
[2026-02-12T20:45:20.915+08:00] locateFields []
[2026-02-12T20:45:24.880+08:00] actionInActionSpace matched {
  name: 'RunAdbShell',
  description: 'Execute ADB shell command on Android device',
  interfaceAlias: 'runAdbShell',
  paramSchema: ZodObject {
    spa: [Function: bound safeParseAsync] AsyncFunction,
    _def: {
      shape: [Function: shape],
      unknownKeys: 'strip',
      catchall: [ZodNever],
      typeName: 'ZodObject'
    },
    parse: [Function: bound parse],
    safeParse: [Function: bound safeParse],
    parseAsync: [Function: bound parseAsync] AsyncFunction,
    safeParseAsync: [Function: bound safeParseAsync] AsyncFunction,
    refine: [Function: bound refine],
    refinement: [Function: bound refinement],
    superRefine: [Function: bound superRefine],
    optional: [Function: bound optional],
    nullable: [Function: bound nullable],
    nullish: [Function: bound nullish],
    array: [Function: bound array],
    promise: [Function: bound promise],
    or: [Function: bound or],
    and: [Function: bound and],
    transform: [Function: bound transform],
    brand: [Function: bound brand],
    default: [Function: bound default],
    catch: [Function: bound catch],
    describe: [Function: bound describe],
    pipe: [Function: bound pipe],
    readonly: [Function: bound readonly],
    isNullable: [Function: bound isNullable],
    isOptional: [Function: bound isOptional],
    '~standard': { version: 1, vendor: 'zod', validate: [Function: validate] },
    _cached: { shape: [Object], keys: [Array] },
    nonstrict: [Function: passthrough],
    augment: [Function: extend]
  },
  call: [AsyncFunction: call]
}
[2026-02-12T20:45:24.880+08:00] locateFields []
[2026-02-12T20:45:27.746+08:00] actionInActionSpace matched {
  name: 'RunAdbShell',
  description: 'Execute ADB shell command on Android device',
  interfaceAlias: 'runAdbShell',
  paramSchema: ZodObject {
    spa: [Function: bound safeParseAsync] AsyncFunction,
    _def: {
      shape: [Function: shape],
      unknownKeys: 'strip',
      catchall: [ZodNever],
      typeName: 'ZodObject'
    },
    parse: [Function: bound parse],
    safeParse: [Function: bound safeParse],
    parseAsync: [Function: bound parseAsync] AsyncFunction,
    safeParseAsync: [Function: bound safeParseAsync] AsyncFunction,
    refine: [Function: bound refine],
    refinement: [Function: bound refinement],
    superRefine: [Function: bound superRefine],
    optional: [Function: bound optional],
    nullable: [Function: bound nullable],
    nullish: [Function: bound nullish],
    array: [Function: bound array],
    promise: [Function: bound promise],
    or: [Function: bound or],
    and: [Function: bound and],
    transform: [Function: bound transform],
    brand: [Function: bound brand],
    default: [Function: bound default],
    catch: [Function: bound catch],
    describe: [Function: bound describe],
    pipe: [Function: bound pipe],
    readonly: [Function: bound readonly],
    isNullable: [Function: bound isNullable],
    isOptional: [Function: bound isOptional],
    '~standard': { version: 1, vendor: 'zod', validate: [Function: validate] },
    _cached: { shape: [Object], keys: [Array] },
    nonstrict: [Function: passthrough],
    augment: [Function: extend]
  },
  call: [AsyncFunction: call]
}
[2026-02-12T20:45:27.747+08:00] locateFields []
[2026-02-12T20:45:30.818+08:00] actionInActionSpace matched {
  name: 'RunAdbShell',
  description: 'Execute ADB shell command on Android device',
  interfaceAlias: 'runAdbShell',
  paramSchema: ZodObject {
    spa: [Function: bound safeParseAsync] AsyncFunction,
    _def: {
      shape: [Function: shape],
      unknownKeys: 'strip',
      catchall: [ZodNever],
      typeName: 'ZodObject'
    },
    parse: [Function: bound parse],
    safeParse: [Function: bound safeParse],
    parseAsync: [Function: bound parseAsync] AsyncFunction,
    safeParseAsync: [Function: bound safeParseAsync] AsyncFunction,
    refine: [Function: bound refine],
    refinement: [Function: bound refinement],
    superRefine: [Function: bound superRefine],
    optional: [Function: bound optional],
    nullable: [Function: bound nullable],
    nullish: [Function: bound nullish],
    array: [Function: bound array],
    promise: [Function: bound promise],
    or: [Function: bound or],
    and: [Function: bound and],
    transform: [Function: bound transform],
    brand: [Function: bound brand],
    default: [Function: bound default],
    catch: [Function: bound catch],
    describe: [Function: bound describe],
    pipe: [Function: bound pipe],
    readonly: [Function: bound readonly],
    isNullable: [Function: bound isNullable],
    isOptional: [Function: bound isOptional],
    '~standard': { version: 1, vendor: 'zod', validate: [Function: validate] },
    _cached: { shape: [Object], keys: [Array] },
    nonstrict: [Function: passthrough],
    augment: [Function: extend]
  },
  call: [AsyncFunction: call]
}
[2026-02-12T20:45:30.818+08:00] locateFields []
[2026-02-12T20:45:34.506+08:00] actionInActionSpace matched {
  name: 'RunAdbShell',
  description: 'Execute ADB shell command on Android device',
  interfaceAlias: 'runAdbShell',
  paramSchema: ZodObject {
    spa: [Function: bound safeParseAsync] AsyncFunction,
    _def: {
      shape: [Function: shape],
      unknownKeys: 'strip',
      catchall: [ZodNever],
      typeName: 'ZodObject'
    },
    parse: [Function: bound parse],
    safeParse: [Function: bound safeParse],
    parseAsync: [Function: bound parseAsync] AsyncFunction,
    safeParseAsync: [Function: bound safeParseAsync] AsyncFunction,
    refine: [Function: bound refine],
    refinement: [Function: bound refinement],
    superRefine: [Function: bound superRefine],
    optional: [Function: bound optional],
    nullable: [Function: bound nullable],
    nullish: [Function: bound nullish],
    array: [Function: bound array],
    promise: [Function: bound promise],
    or: [Function: bound or],
    and: [Function: bound and],
    transform: [Function: bound transform],
    brand: [Function: bound brand],
    default: [Function: bound default],
    catch: [Function: bound catch],
    describe: [Function: bound describe],
    pipe: [Function: bound pipe],
    readonly: [Function: bound readonly],
    isNullable: [Function: bound isNullable],
    isOptional: [Function: bound isOptional],
    '~standard': { version: 1, vendor: 'zod', validate: [Function: validate] },
    _cached: { shape: [Object], keys: [Array] },
    nonstrict: [Function: passthrough],
    augment: [Function: extend]
  },
  call: [AsyncFunction: call]
}
[2026-02-12T20:45:34.506+08:00] locateFields []
[2026-02-12T20:45:36.860+08:00] actionInActionSpace matched {
  name: 'RunAdbShell',
  description: 'Execute ADB shell command on Android device',
  interfaceAlias: 'runAdbShell',
  paramSchema: ZodObject {
    spa: [Function: bound safeParseAsync] AsyncFunction,
    _def: {
      shape: [Function: shape],
      unknownKeys: 'strip',
      catchall: [ZodNever],
      typeName: 'ZodObject'
    },
    parse: [Function: bound parse],
    safeParse: [Function: bound safeParse],
    parseAsync: [Function: bound parseAsync] AsyncFunction,
    safeParseAsync: [Function: bound safeParseAsync] AsyncFunction,
    refine: [Function: bound refine],
    refinement: [Function: bound refinement],
    superRefine: [Function: bound superRefine],
    optional: [Function: bound optional],
    nullable: [Function: bound nullable],
    nullish: [Function: bound nullish],
    array: [Function: bound array],
    promise: [Function: bound promise],
    or: [Function: bound or],
    and: [Function: bound and],
    transform: [Function: bound transform],
    brand: [Function: bound brand],
    default: [Function: bound default],
    catch: [Function: bound catch],
    describe: [Function: bound describe],
    pipe: [Function: bound pipe],
    readonly: [Function: bound readonly],
    isNullable: [Function: bound isNullable],
    isOptional: [Function: bound isOptional],
    '~standard': { version: 1, vendor: 'zod', validate: [Function: validate] },
    _cached: { shape: [Object], keys: [Array] },
    nonstrict: [Function: passthrough],
    augment: [Function: extend]
  },
  call: [AsyncFunction: call]
}
[2026-02-12T20:45:36.860+08:00] locateFields []
[2026-02-12T20:45:39.217+08:00] actionInActionSpace matched {
  name: 'RunAdbShell',
  description: 'Execute ADB shell command on Android device',
  interfaceAlias: 'runAdbShell',
  paramSchema: ZodObject {
    spa: [Function: bound safeParseAsync] AsyncFunction,
    _def: {
      shape: [Function: shape],
      unknownKeys: 'strip',
      catchall: [ZodNever],
      typeName: 'ZodObject'
    },
    parse: [Function: bound parse],
    safeParse: [Function: bound safeParse],
    parseAsync: [Function: bound parseAsync] AsyncFunction,
    safeParseAsync: [Function: bound safeParseAsync] AsyncFunction,
    refine: [Function: bound refine],
    refinement: [Function: bound refinement],
    superRefine: [Function: bound superRefine],
    optional: [Function: bound optional],
    nullable: [Function: bound nullable],
    nullish: [Function: bound nullish],
    array: [Function: bound array],
    promise: [Function: bound promise],
    or: [Function: bound or],
    and: [Function: bound and],
    transform: [Function: bound transform],
    brand: [Function: bound brand],
    default: [Function: bound default],
    catch: [Function: bound catch],
    describe: [Function: bound describe],
    pipe: [Function: bound pipe],
    readonly: [Function: bound readonly],
    isNullable: [Function: bound isNullable],
    isOptional: [Function: bound isOptional],
    '~standard': { version: 1, vendor: 'zod', validate: [Function: validate] },
    _cached: { shape: [Object], keys: [Array] },
    nonstrict: [Function: passthrough],
    augment: [Function: extend]
  },
  call: [AsyncFunction: call]
}
[2026-02-12T20:45:39.217+08:00] locateFields []
[2026-02-12T20:45:47.409+08:00] actionInActionSpace matched {
  name: 'RunAdbShell',
  description: 'Execute ADB shell command on Android device',
  interfaceAlias: 'runAdbShell',
  paramSchema: ZodObject {
    spa: [Function: bound safeParseAsync] AsyncFunction,
    _def: {
      shape: [Function: shape],
      unknownKeys: 'strip',
      catchall: [ZodNever],
      typeName: 'ZodObject'
    },
    parse: [Function: bound parse],
    safeParse: [Function: bound safeParse],
    parseAsync: [Function: bound parseAsync] AsyncFunction,
    safeParseAsync: [Function: bound safeParseAsync] AsyncFunction,
    refine: [Function: bound refine],
    refinement: [Function: bound refinement],
    superRefine: [Function: bound superRefine],
    optional: [Function: bound optional],
    nullable: [Function: bound nullable],
    nullish: [Function: bound nullish],
    array: [Function: bound array],
    promise: [Function: bound promise],
    or: [Function: bound or],
    and: [Function: bound and],
    transform: [Function: bound transform],
    brand: [Function: bound brand],
    default: [Function: bound default],
    catch: [Function: bound catch],
    describe: [Function: bound describe],
    pipe: [Function: bound pipe],
    readonly: [Function: bound readonly],
    isNullable: [Function: bound isNullable],
    isOptional: [Function: bound isOptional],
    '~standard': { version: 1, vendor: 'zod', validate: [Function: validate] },
    _cached: { shape: [Object], keys: [Array] },
    nonstrict: [Function: passthrough],
    augment: [Function: extend]
  },
  call: [AsyncFunction: call]
}
[2026-02-12T20:45:47.409+08:00] locateFields []
[2026-02-12T20:45:52.426+08:00] actionInActionSpace matched {
  name: 'RunAdbShell',
  description: 'Execute ADB shell command on Android device',
  interfaceAlias: 'runAdbShell',
  paramSchema: ZodObject {
    spa: [Function: bound safeParseAsync] AsyncFunction,
    _def: {
      shape: [Function: shape],
      unknownKeys: 'strip',
      catchall: [ZodNever],
      typeName: 'ZodObject'
    },
    parse: [Function: bound parse],
    safeParse: [Function: bound safeParse],
    parseAsync: [Function: bound parseAsync] AsyncFunction,
    safeParseAsync: [Function: bound safeParseAsync] AsyncFunction,
    refine: [Function: bound refine],
    refinement: [Function: bound refinement],
    superRefine: [Function: bound superRefine],
    optional: [Function: bound optional],
    nullable: [Function: bound nullable],
    nullish: [Function: bound nullish],
    array: [Function: bound array],
    promise: [Function: bound promise],
    or: [Function: bound or],
    and: [Function: bound and],
    transform: [Function: bound transform],
    brand: [Function: bound brand],
    default: [Function: bound default],
    catch: [Function: bound catch],
    describe: [Function: bound describe],
    pipe: [Function: bound pipe],
    readonly: [Function: bound readonly],
    isNullable: [Function: bound isNullable],
    isOptional: [Function: bound isOptional],
    '~standard': { version: 1, vendor: 'zod', validate: [Function: validate] },
    _cached: { shape: [Object], keys: [Array] },
    nonstrict: [Function: passthrough],
    augment: [Function: extend]
  },
  call: [AsyncFunction: call]
}
[2026-02-12T20:45:52.426+08:00] locateFields []
[2026-02-12T20:45:58.334+08:00] actionInActionSpace matched {
  name: 'RunAdbShell',
  description: 'Execute ADB shell command on Android device',
  interfaceAlias: 'runAdbShell',
  paramSchema: ZodObject {
    spa: [Function: bound safeParseAsync] AsyncFunction,
    _def: {
      shape: [Function: shape],
      unknownKeys: 'strip',
      catchall: [ZodNever],
      typeName: 'ZodObject'
    },
    parse: [Function: bound parse],
    safeParse: [Function: bound safeParse],
    parseAsync: [Function: bound parseAsync] AsyncFunction,
    safeParseAsync: [Function: bound safeParseAsync] AsyncFunction,
    refine: [Function: bound refine],
    refinement: [Function: bound refinement],
    superRefine: [Function: bound superRefine],
    optional: [Function: bound optional],
    nullable: [Function: bound nullable],
    nullish: [Function: bound nullish],
    array: [Function: bound array],
    promise: [Function: bound promise],
    or: [Function: bound or],
    and: [Function: bound and],
    transform: [Function: bound transform],
    brand: [Function: bound brand],
    default: [Function: bound default],
    catch: [Function: bound catch],
    describe: [Function: bound describe],
    pipe: [Function: bound pipe],
    readonly: [Function: bound readonly],
    isNullable: [Function: bound isNullable],
    isOptional: [Function: bound isOptional],
    '~standard': { version: 1, vendor: 'zod', validate: [Function: validate] },
    _cached: { shape: [Object], keys: [Array] },
    nonstrict: [Function: passthrough],
    augment: [Function: extend]
  },
  call: [AsyncFunction: call]
}
[2026-02-12T20:45:58.334+08:00] locateFields []
[2026-02-12T20:46:04.305+08:00] actionInActionSpace matched {
  name: 'RunAdbShell',
  description: 'Execute ADB shell command on Android device',
  interfaceAlias: 'runAdbShell',
  paramSchema: ZodObject {
    spa: [Function: bound safeParseAsync] AsyncFunction,
    _def: {
      shape: [Function: shape],
      unknownKeys: 'strip',
      catchall: [ZodNever],
      typeName: 'ZodObject'
    },
    parse: [Function: bound parse],
    safeParse: [Function: bound safeParse],
    parseAsync: [Function: bound parseAsync] AsyncFunction,
    safeParseAsync: [Function: bound safeParseAsync] AsyncFunction,
    refine: [Function: bound refine],
    refinement: [Function: bound refinement],
    superRefine: [Function: bound superRefine],
    optional: [Function: bound optional],
    nullable: [Function: bound nullable],
    nullish: [Function: bound nullish],
    array: [Function: bound array],
    promise: [Function: bound promise],
    or: [Function: bound or],
    and: [Function: bound and],
    transform: [Function: bound transform],
    brand: [Function: bound brand],
    default: [Function: bound default],
    catch: [Function: bound catch],
    describe: [Function: bound describe],
    pipe: [Function: bound pipe],
    readonly: [Function: bound readonly],
    isNullable: [Function: bound isNullable],
    isOptional: [Function: bound isOptional],
    '~standard': { version: 1, vendor: 'zod', validate: [Function: validate] },
    _cached: { shape: [Object], keys: [Array] },
    nonstrict: [Function: passthrough],
    augment: [Function: extend]
  },
  call: [AsyncFunction: call]
}
[2026-02-12T20:46:04.305+08:00] locateFields []
[2026-02-12T20:46:09.630+08:00] actionInActionSpace matched {
  name: 'RunAdbShell',
  description: 'Execute ADB shell command on Android device',
  interfaceAlias: 'runAdbShell',
  paramSchema: ZodObject {
    spa: [Function: bound safeParseAsync] AsyncFunction,
    _def: {
      shape: [Function: shape],
      unknownKeys: 'strip',
      catchall: [ZodNever],
      typeName: 'ZodObject'
    },
    parse: [Function: bound parse],
    safeParse: [Function: bound safeParse],
    parseAsync: [Function: bound parseAsync] AsyncFunction,
    safeParseAsync: [Function: bound safeParseAsync] AsyncFunction,
    refine: [Function: bound refine],
    refinement: [Function: bound refinement],
    superRefine: [Function: bound superRefine],
    optional: [Function: bound optional],
    nullable: [Function: bound nullable],
    nullish: [Function: bound nullish],
    array: [Function: bound array],
    promise: [Function: bound promise],
    or: [Function: bound or],
    and: [Function: bound and],
    transform: [Function: bound transform],
    brand: [Function: bound brand],
    default: [Function: bound default],
    catch: [Function: bound catch],
    describe: [Function: bound describe],
    pipe: [Function: bound pipe],
    readonly: [Function: bound readonly],
    isNullable: [Function: bound isNullable],
    isOptional: [Function: bound isOptional],
    '~standard': { version: 1, vendor: 'zod', validate: [Function: validate] },
    _cached: { shape: [Object], keys: [Array] },
    nonstrict: [Function: passthrough],
    augment: [Function: extend]
  },
  call: [AsyncFunction: call]
}
[2026-02-12T20:46:09.630+08:00] locateFields []
[2026-02-12T20:46:15.558+08:00] actionInActionSpace matched {
  name: 'RunAdbShell',
  description: 'Execute ADB shell command on Android device',
  interfaceAlias: 'runAdbShell',
  paramSchema: ZodObject {
    spa: [Function: bound safeParseAsync] AsyncFunction,
    _def: {
      shape: [Function: shape],
      unknownKeys: 'strip',
      catchall: [ZodNever],
      typeName: 'ZodObject'
    },
    parse: [Function: bound parse],
    safeParse: [Function: bound safeParse],
    parseAsync: [Function: bound parseAsync] AsyncFunction,
    safeParseAsync: [Function: bound safeParseAsync] AsyncFunction,
    refine: [Function: bound refine],
    refinement: [Function: bound refinement],
    superRefine: [Function: bound superRefine],
    optional: [Function: bound optional],
    nullable: [Function: bound nullable],
    nullish: [Function: bound nullish],
    array: [Function: bound array],
    promise: [Function: bound promise],
    or: [Function: bound or],
    and: [Function: bound and],
    transform: [Function: bound transform],
    brand: [Function: bound brand],
    default: [Function: bound default],
    catch: [Function: bound catch],
    describe: [Function: bound describe],
    pipe: [Function: bound pipe],
    readonly: [Function: bound readonly],
    isNullable: [Function: bound isNullable],
    isOptional: [Function: bound isOptional],
    '~standard': { version: 1, vendor: 'zod', validate: [Function: validate] },
    _cached: { shape: [Object], keys: [Array] },
    nonstrict: [Function: passthrough],
    augment: [Function: extend]
  },
  call: [AsyncFunction: call]
}
[2026-02-12T20:46:15.558+08:00] locateFields []
[2026-02-12T20:46:23.865+08:00] actionInActionSpace matched {
  name: 'RunAdbShell',
  description: 'Execute ADB shell command on Android device',
  interfaceAlias: 'runAdbShell',
  paramSchema: ZodObject {
    spa: [Function: bound safeParseAsync] AsyncFunction,
    _def: {
      shape: [Function: shape],
      unknownKeys: 'strip',
      catchall: [ZodNever],
      typeName: 'ZodObject'
    },
    parse: [Function: bound parse],
    safeParse: [Function: bound safeParse],
    parseAsync: [Function: bound parseAsync] AsyncFunction,
    safeParseAsync: [Function: bound safeParseAsync] AsyncFunction,
    refine: [Function: bound refine],
    refinement: [Function: bound refinement],
    superRefine: [Function: bound superRefine],
    optional: [Function: bound optional],
    nullable: [Function: bound nullable],
    nullish: [Function: bound nullish],
    array: [Function: bound array],
    promise: [Function: bound promise],
    or: [Function: bound or],
    and: [Function: bound and],
    transform: [Function: bound transform],
    brand: [Function: bound brand],
    default: [Function: bound default],
    catch: [Function: bound catch],
    describe: [Function: bound describe],
    pipe: [Function: bound pipe],
    readonly: [Function: bound readonly],
    isNullable: [Function: bound isNullable],
    isOptional: [Function: bound isOptional],
    '~standard': { version: 1, vendor: 'zod', validate: [Function: validate] },
    _cached: { shape: [Object], keys: [Array] },
    nonstrict: [Function: passthrough],
    augment: [Function: extend]
  },
  call: [AsyncFunction: call]
}
[2026-02-12T20:46:23.865+08:00] locateFields []
[2026-02-12T20:46:29.291+08:00] actionInActionSpace matched {
  name: 'RunAdbShell',
  description: 'Execute ADB shell command on Android device',
  interfaceAlias: 'runAdbShell',
  paramSchema: ZodObject {
    spa: [Function: bound safeParseAsync] AsyncFunction,
    _def: {
      shape: [Function: shape],
      unknownKeys: 'strip',
      catchall: [ZodNever],
      typeName: 'ZodObject'
    },
    parse: [Function: bound parse],
    safeParse: [Function: bound safeParse],
    parseAsync: [Function: bound parseAsync] AsyncFunction,
    safeParseAsync: [Function: bound safeParseAsync] AsyncFunction,
    refine: [Function: bound refine],
    refinement: [Function: bound refinement],
    superRefine: [Function: bound superRefine],
    optional: [Function: bound optional],
    nullable: [Function: bound nullable],
    nullish: [Function: bound nullish],
    array: [Function: bound array],
    promise: [Function: bound promise],
    or: [Function: bound or],
    and: [Function: bound and],
    transform: [Function: bound transform],
    brand: [Function: bound brand],
    default: [Function: bound default],
    catch: [Function: bound catch],
    describe: [Function: bound describe],
    pipe: [Function: bound pipe],
    readonly: [Function: bound readonly],
    isNullable: [Function: bound isNullable],
    isOptional: [Function: bound isOptional],
    '~standard': { version: 1, vendor: 'zod', validate: [Function: validate] },
    _cached: { shape: [Object], keys: [Array] },
    nonstrict: [Function: passthrough],
    augment: [Function: extend]
  },
  call: [AsyncFunction: call]
}
[2026-02-12T20:46:29.291+08:00] locateFields []
[2026-02-12T20:46:34.616+08:00] actionInActionSpace matched {
  name: 'RunAdbShell',
  description: 'Execute ADB shell command on Android device',
  interfaceAlias: 'runAdbShell',
  paramSchema: ZodObject {
    spa: [Function: bound safeParseAsync] AsyncFunction,
    _def: {
      shape: [Function: shape],
      unknownKeys: 'strip',
      catchall: [ZodNever],
      typeName: 'ZodObject'
    },
    parse: [Function: bound parse],
    safeParse: [Function: bound safeParse],
    parseAsync: [Function: bound parseAsync] AsyncFunction,
    safeParseAsync: [Function: bound safeParseAsync] AsyncFunction,
    refine: [Function: bound refine],
    refinement: [Function: bound refinement],
    superRefine: [Function: bound superRefine],
    optional: [Function: bound optional],
    nullable: [Function: bound nullable],
    nullish: [Function: bound nullish],
    array: [Function: bound array],
    promise: [Function: bound promise],
    or: [Function: bound or],
    and: [Function: bound and],
    transform: [Function: bound transform],
    brand: [Function: bound brand],
    default: [Function: bound default],
    catch: [Function: bound catch],
    describe: [Function: bound describe],
    pipe: [Function: bound pipe],
    readonly: [Function: bound readonly],
    isNullable: [Function: bound isNullable],
    isOptional: [Function: bound isOptional],
    '~standard': { version: 1, vendor: 'zod', validate: [Function: validate] },
    _cached: { shape: [Object], keys: [Array] },
    nonstrict: [Function: passthrough],
    augment: [Function: extend]
  },
  call: [AsyncFunction: call]
}
[2026-02-12T20:46:34.616+08:00] locateFields []
[2026-02-12T20:48:32.976+08:00] actionInActionSpace matched {
  name: 'RunAdbShell',
  description: 'Execute ADB shell command on Android device',
  interfaceAlias: 'runAdbShell',
  paramSchema: ZodObject {
    spa: [Function: bound safeParseAsync] AsyncFunction,
    _def: {
      shape: [Function: shape],
      unknownKeys: 'strip',
      catchall: [ZodNever],
      typeName: 'ZodObject'
    },
    parse: [Function: bound parse],
    safeParse: [Function: bound safeParse],
    parseAsync: [Function: bound parseAsync] AsyncFunction,
    safeParseAsync: [Function: bound safeParseAsync] AsyncFunction,
    refine: [Function: bound refine],
    refinement: [Function: bound refinement],
    superRefine: [Function: bound superRefine],
    optional: [Function: bound optional],
    nullable: [Function: bound nullable],
    nullish: [Function: bound nullish],
    array: [Function: bound array],
    promise: [Function: bound promise],
    or: [Function: bound or],
    and: [Function: bound and],
    transform: [Function: bound transform],
    brand: [Function: bound brand],
    default: [Function: bound default],
    catch: [Function: bound catch],
    describe: [Function: bound describe],
    pipe: [Function: bound pipe],
    readonly: [Function: bound readonly],
    isNullable: [Function: bound isNullable],
    isOptional: [Function: bound isOptional],
    '~standard': { version: 1, vendor: 'zod', validate: [Function: validate] },
    _cached: { shape: [Object], keys: [Array] },
    nonstrict: [Function: passthrough],
    augment: [Function: extend]
  },
  call: [AsyncFunction: call]
}
[2026-02-12T20:48:32.976+08:00] locateFields []
[2026-02-12T20:48:40.465+08:00] goal completed via complete-goal tag, stop planning
[2026-02-12T20:49:15.010+08:00] actionInActionSpace matched {
  name: 'AndroidBackButton',
  description: 'Trigger the system "back" operation on Android devices',
  call: [AsyncFunction: call]
}
[2026-02-12T20:49:15.010+08:00] locateFields []
[2026-02-12T20:49:21.154+08:00] goal completed via complete-goal tag, stop planning
[2026-02-12T20:51:46.937+08:00] actionInActionSpace matched {
  name: 'Tap',
  description: 'Tap the element',
  interfaceAlias: 'aiTap',
  paramSchema: ZodObject {
    spa: [Function: bound safeParseAsync] AsyncFunction,
    _def: {
      shape: [Function: shape],
      unknownKeys: 'strip',
      catchall: [ZodNever],
      typeName: 'ZodObject'
    },
    parse: [Function: bound parse],
    safeParse: [Function: bound safeParse],
    parseAsync: [Function: bound parseAsync] AsyncFunction,
    safeParseAsync: [Function: bound safeParseAsync] AsyncFunction,
    refine: [Function: bound refine],
    refinement: [Function: bound refinement],
    superRefine: [Function: bound superRefine],
    optional: [Function: bound optional],
    nullable: [Function: bound nullable],
    nullish: [Function: bound nullish],
    array: [Function: bound array],
    promise: [Function: bound promise],
    or: [Function: bound or],
    and: [Function: bound and],
    transform: [Function: bound transform],
    brand: [Function: bound brand],
    default: [Function: bound default],
    catch: [Function: bound catch],
    describe: [Function: bound describe],
    pipe: [Function: bound pipe],
    readonly: [Function: bound readonly],
    isNullable: [Function: bound isNullable],
    isOptional: [Function: bound isOptional],
    '~standard': { version: 1, vendor: 'zod', validate: [Function: validate] },
    _cached: { shape: [Object], keys: [Array] },
    nonstrict: [Function: passthrough],
    augment: [Function: extend]
  },
  call: [AsyncFunction (anonymous)]
}
[2026-02-12T20:51:46.937+08:00] locateFields [ 'locate' ]
[2026-02-12T20:51:52.980+08:00] actionInActionSpace matched {
  name: 'Tap',
  description: 'Tap the element',
  interfaceAlias: 'aiTap',
  paramSchema: ZodObject {
    spa: [Function: bound safeParseAsync] AsyncFunction,
    _def: {
      shape: [Function: shape],
      unknownKeys: 'strip',
      catchall: [ZodNever],
      typeName: 'ZodObject'
    },
    parse: [Function: bound parse],
    safeParse: [Function: bound safeParse],
    parseAsync: [Function: bound parseAsync] AsyncFunction,
    safeParseAsync: [Function: bound safeParseAsync] AsyncFunction,
    refine: [Function: bound refine],
    refinement: [Function: bound refinement],
    superRefine: [Function: bound superRefine],
    optional: [Function: bound optional],
    nullable: [Function: bound nullable],
    nullish: [Function: bound nullish],
    array: [Function: bound array],
    promise: [Function: bound promise],
    or: [Function: bound or],
    and: [Function: bound and],
    transform: [Function: bound transform],
    brand: [Function: bound brand],
    default: [Function: bound default],
    catch: [Function: bound catch],
    describe: [Function: bound describe],
    pipe: [Function: bound pipe],
    readonly: [Function: bound readonly],
    isNullable: [Function: bound isNullable],
    isOptional: [Function: bound isOptional],
    '~standard': { version: 1, vendor: 'zod', validate: [Function: validate] },
    _cached: { shape: [Object], keys: [Array] },
    nonstrict: [Function: passthrough],
    augment: [Function: extend]
  },
  call: [AsyncFunction (anonymous)]
}
[2026-02-12T20:51:52.981+08:00] locateFields [ 'locate' ]
[2026-02-12T20:52:01.580+08:00] actionInActionSpace matched {
  name: 'Tap',
  description: 'Tap the element',
  interfaceAlias: 'aiTap',
  paramSchema: ZodObject {
    spa: [Function: bound safeParseAsync] AsyncFunction,
    _def: {
      shape: [Function: shape],
      unknownKeys: 'strip',
      catchall: [ZodNever],
      typeName: 'ZodObject'
    },
    parse: [Function: bound parse],
    safeParse: [Function: bound safeParse],
    parseAsync: [Function: bound parseAsync] AsyncFunction,
    safeParseAsync: [Function: bound safeParseAsync] AsyncFunction,
    refine: [Function: bound refine],
    refinement: [Function: bound refinement],
    superRefine: [Function: bound superRefine],
    optional: [Function: bound optional],
    nullable: [Function: bound nullable],
    nullish: [Function: bound nullish],
    array: [Function: bound array],
    promise: [Function: bound promise],
    or: [Function: bound or],
    and: [Function: bound and],
    transform: [Function: bound transform],
    brand: [Function: bound brand],
    default: [Function: bound default],
    catch: [Function: bound catch],
    describe: [Function: bound describe],
    pipe: [Function: bound pipe],
    readonly: [Function: bound readonly],
    isNullable: [Function: bound isNullable],
    isOptional: [Function: bound isOptional],
    '~standard': { version: 1, vendor: 'zod', validate: [Function: validate] },
    _cached: { shape: [Object], keys: [Array] },
    nonstrict: [Function: passthrough],
    augment: [Function: extend]
  },
  call: [AsyncFunction (anonymous)]
}
[2026-02-12T20:52:01.580+08:00] locateFields [ 'locate' ]
[2026-02-12T20:52:06.804+08:00] actionInActionSpace matched {
  name: 'Tap',
  description: 'Tap the element',
  interfaceAlias: 'aiTap',
  paramSchema: ZodObject {
    spa: [Function: bound safeParseAsync] AsyncFunction,
    _def: {
      shape: [Function: shape],
      unknownKeys: 'strip',
      catchall: [ZodNever],
      typeName: 'ZodObject'
    },
    parse: [Function: bound parse],
    safeParse: [Function: bound safeParse],
    parseAsync: [Function: bound parseAsync] AsyncFunction,
    safeParseAsync: [Function: bound safeParseAsync] AsyncFunction,
    refine: [Function: bound refine],
    refinement: [Function: bound refinement],
    superRefine: [Function: bound superRefine],
    optional: [Function: bound optional],
    nullable: [Function: bound nullable],
    nullish: [Function: bound nullish],
    array: [Function: bound array],
    promise: [Function: bound promise],
    or: [Function: bound or],
    and: [Function: bound and],
    transform: [Function: bound transform],
    brand: [Function: bound brand],
    default: [Function: bound default],
    catch: [Function: bound catch],
    describe: [Function: bound describe],
    pipe: [Function: bound pipe],
    readonly: [Function: bound readonly],
    isNullable: [Function: bound isNullable],
    isOptional: [Function: bound isOptional],
    '~standard': { version: 1, vendor: 'zod', validate: [Function: validate] },
    _cached: { shape: [Object], keys: [Array] },
    nonstrict: [Function: passthrough],
    augment: [Function: extend]
  },
  call: [AsyncFunction (anonymous)]
}
[2026-02-12T20:52:06.804+08:00] locateFields [ 'locate' ]
[2026-02-12T20:52:11.515+08:00] actionInActionSpace matched {
  name: 'Tap',
  description: 'Tap the element',
  interfaceAlias: 'aiTap',
  paramSchema: ZodObject {
    spa: [Function: bound safeParseAsync] AsyncFunction,
    _def: {
      shape: [Function: shape],
      unknownKeys: 'strip',
      catchall: [ZodNever],
      typeName: 'ZodObject'
    },
    parse: [Function: bound parse],
    safeParse: [Function: bound safeParse],
    parseAsync: [Function: bound parseAsync] AsyncFunction,
    safeParseAsync: [Function: bound safeParseAsync] AsyncFunction,
    refine: [Function: bound refine],
    refinement: [Function: bound refinement],
    superRefine: [Function: bound superRefine],
    optional: [Function: bound optional],
    nullable: [Function: bound nullable],
    nullish: [Function: bound nullish],
    array: [Function: bound array],
    promise: [Function: bound promise],
    or: [Function: bound or],
    and: [Function: bound and],
    transform: [Function: bound transform],
    brand: [Function: bound brand],
    default: [Function: bound default],
    catch: [Function: bound catch],
    describe: [Function: bound describe],
    pipe: [Function: bound pipe],
    readonly: [Function: bound readonly],
    isNullable: [Function: bound isNullable],
    isOptional: [Function: bound isOptional],
    '~standard': { version: 1, vendor: 'zod', validate: [Function: validate] },
    _cached: { shape: [Object], keys: [Array] },
    nonstrict: [Function: passthrough],
    augment: [Function: extend]
  },
  call: [AsyncFunction (anonymous)]
}
[2026-02-12T20:52:11.516+08:00] locateFields [ 'locate' ]
[2026-02-12T20:52:16.840+08:00] actionInActionSpace matched {
  name: 'Tap',
  description: 'Tap the element',
  interfaceAlias: 'aiTap',
  paramSchema: ZodObject {
    spa: [Function: bound safeParseAsync] AsyncFunction,
    _def: {
      shape: [Function: shape],
      unknownKeys: 'strip',
      catchall: [ZodNever],
      typeName: 'ZodObject'
    },
    parse: [Function: bound parse],
    safeParse: [Function: bound safeParse],
    parseAsync: [Function: bound parseAsync] AsyncFunction,
    safeParseAsync: [Function: bound safeParseAsync] AsyncFunction,
    refine: [Function: bound refine],
    refinement: [Function: bound refinement],
    superRefine: [Function: bound superRefine],
    optional: [Function: bound optional],
    nullable: [Function: bound nullable],
    nullish: [Function: bound nullish],
    array: [Function: bound array],
    promise: [Function: bound promise],
    or: [Function: bound or],
    and: [Function: bound and],
    transform: [Function: bound transform],
    brand: [Function: bound brand],
    default: [Function: bound default],
    catch: [Function: bound catch],
    describe: [Function: bound describe],
    pipe: [Function: bound pipe],
    readonly: [Function: bound readonly],
    isNullable: [Function: bound isNullable],
    isOptional: [Function: bound isOptional],
    '~standard': { version: 1, vendor: 'zod', validate: [Function: validate] },
    _cached: { shape: [Object], keys: [Array] },
    nonstrict: [Function: passthrough],
    augment: [Function: extend]
  },
  call: [AsyncFunction (anonymous)]
}
[2026-02-12T20:52:16.840+08:00] locateFields [ 'locate' ]
[2026-02-12T20:52:23.599+08:00] actionInActionSpace matched {
  name: 'Tap',
  description: 'Tap the element',
  interfaceAlias: 'aiTap',
  paramSchema: ZodObject {
    spa: [Function: bound safeParseAsync] AsyncFunction,
    _def: {
      shape: [Function: shape],
      unknownKeys: 'strip',
      catchall: [ZodNever],
      typeName: 'ZodObject'
    },
    parse: [Function: bound parse],
    safeParse: [Function: bound safeParse],
    parseAsync: [Function: bound parseAsync] AsyncFunction,
    safeParseAsync: [Function: bound safeParseAsync] AsyncFunction,
    refine: [Function: bound refine],
    refinement: [Function: bound refinement],
    superRefine: [Function: bound superRefine],
    optional: [Function: bound optional],
    nullable: [Function: bound nullable],
    nullish: [Function: bound nullish],
    array: [Function: bound array],
    promise: [Function: bound promise],
    or: [Function: bound or],
    and: [Function: bound and],
    transform: [Function: bound transform],
    brand: [Function: bound brand],
    default: [Function: bound default],
    catch: [Function: bound catch],
    describe: [Function: bound describe],
    pipe: [Function: bound pipe],
    readonly: [Function: bound readonly],
    isNullable: [Function: bound isNullable],
    isOptional: [Function: bound isOptional],
    '~standard': { version: 1, vendor: 'zod', validate: [Function: validate] },
    _cached: { shape: [Object], keys: [Array] },
    nonstrict: [Function: passthrough],
    augment: [Function: extend]
  },
  call: [AsyncFunction (anonymous)]
}
[2026-02-12T20:52:23.599+08:00] locateFields [ 'locate' ]
[2026-02-12T20:52:30.766+08:00] actionInActionSpace matched {
  name: 'Tap',
  description: 'Tap the element',
  interfaceAlias: 'aiTap',
  paramSchema: ZodObject {
    spa: [Function: bound safeParseAsync] AsyncFunction,
    _def: {
      shape: [Function: shape],
      unknownKeys: 'strip',
      catchall: [ZodNever],
      typeName: 'ZodObject'
    },
    parse: [Function: bound parse],
    safeParse: [Function: bound safeParse],
    parseAsync: [Function: bound parseAsync] AsyncFunction,
    safeParseAsync: [Function: bound safeParseAsync] AsyncFunction,
    refine: [Function: bound refine],
    refinement: [Function: bound refinement],
    superRefine: [Function: bound superRefine],
    optional: [Function: bound optional],
    nullable: [Function: bound nullable],
    nullish: [Function: bound nullish],
    array: [Function: bound array],
    promise: [Function: bound promise],
    or: [Function: bound or],
    and: [Function: bound and],
    transform: [Function: bound transform],
    brand: [Function: bound brand],
    default: [Function: bound default],
    catch: [Function: bound catch],
    describe: [Function: bound describe],
    pipe: [Function: bound pipe],
    readonly: [Function: bound readonly],
    isNullable: [Function: bound isNullable],
    isOptional: [Function: bound isOptional],
    '~standard': { version: 1, vendor: 'zod', validate: [Function: validate] },
    _cached: { shape: [Object], keys: [Array] },
    nonstrict: [Function: passthrough],
    augment: [Function: extend]
  },
  call: [AsyncFunction (anonymous)]
}
[2026-02-12T20:52:30.766+08:00] locateFields [ 'locate' ]
[2026-02-12T20:52:37.011+08:00] actionInActionSpace matched {
  name: 'Tap',
  description: 'Tap the element',
  interfaceAlias: 'aiTap',
  paramSchema: ZodObject {
    spa: [Function: bound safeParseAsync] AsyncFunction,
    _def: {
      shape: [Function: shape],
      unknownKeys: 'strip',
      catchall: [ZodNever],
      typeName: 'ZodObject'
    },
    parse: [Function: bound parse],
    safeParse: [Function: bound safeParse],
    parseAsync: [Function: bound parseAsync] AsyncFunction,
    safeParseAsync: [Function: bound safeParseAsync] AsyncFunction,
    refine: [Function: bound refine],
    refinement: [Function: bound refinement],
    superRefine: [Function: bound superRefine],
    optional: [Function: bound optional],
    nullable: [Function: bound nullable],
    nullish: [Function: bound nullish],
    array: [Function: bound array],
    promise: [Function: bound promise],
    or: [Function: bound or],
    and: [Function: bound and],
    transform: [Function: bound transform],
    brand: [Function: bound brand],
    default: [Function: bound default],
    catch: [Function: bound catch],
    describe: [Function: bound describe],
    pipe: [Function: bound pipe],
    readonly: [Function: bound readonly],
    isNullable: [Function: bound isNullable],
    isOptional: [Function: bound isOptional],
    '~standard': { version: 1, vendor: 'zod', validate: [Function: validate] },
    _cached: { shape: [Object], keys: [Array] },
    nonstrict: [Function: passthrough],
    augment: [Function: extend]
  },
  call: [AsyncFunction (anonymous)]
}
[2026-02-12T20:52:37.011+08:00] locateFields [ 'locate' ]
[2026-02-12T20:52:45.819+08:00] actionInActionSpace matched {
  name: 'Tap',
  description: 'Tap the element',
  interfaceAlias: 'aiTap',
  paramSchema: ZodObject {
    spa: [Function: bound safeParseAsync] AsyncFunction,
    _def: {
      shape: [Function: shape],
      unknownKeys: 'strip',
      catchall: [ZodNever],
      typeName: 'ZodObject'
    },
    parse: [Function: bound parse],
    safeParse: [Function: bound safeParse],
    parseAsync: [Function: bound parseAsync] AsyncFunction,
    safeParseAsync: [Function: bound safeParseAsync] AsyncFunction,
    refine: [Function: bound refine],
    refinement: [Function: bound refinement],
    superRefine: [Function: bound superRefine],
    optional: [Function: bound optional],
    nullable: [Function: bound nullable],
    nullish: [Function: bound nullish],
    array: [Function: bound array],
    promise: [Function: bound promise],
    or: [Function: bound or],
    and: [Function: bound and],
    transform: [Function: bound transform],
    brand: [Function: bound brand],
    default: [Function: bound default],
    catch: [Function: bound catch],
    describe: [Function: bound describe],
    pipe: [Function: bound pipe],
    readonly: [Function: bound readonly],
    isNullable: [Function: bound isNullable],
    isOptional: [Function: bound isOptional],
    '~standard': { version: 1, vendor: 'zod', validate: [Function: validate] },
    _cached: { shape: [Object], keys: [Array] },
    nonstrict: [Function: passthrough],
    augment: [Function: extend]
  },
  call: [AsyncFunction (anonymous)]
}
[2026-02-12T20:52:45.819+08:00] locateFields [ 'locate' ]
[2026-02-12T20:52:53.089+08:00] actionInActionSpace matched {
  name: 'Tap',
  description: 'Tap the element',
  interfaceAlias: 'aiTap',
  paramSchema: ZodObject {
    spa: [Function: bound safeParseAsync] AsyncFunction,
    _def: {
      shape: [Function: shape],
      unknownKeys: 'strip',
      catchall: [ZodNever],
      typeName: 'ZodObject'
    },
    parse: [Function: bound parse],
    safeParse: [Function: bound safeParse],
    parseAsync: [Function: bound parseAsync] AsyncFunction,
    safeParseAsync: [Function: bound safeParseAsync] AsyncFunction,
    refine: [Function: bound refine],
    refinement: [Function: bound refinement],
    superRefine: [Function: bound superRefine],
    optional: [Function: bound optional],
    nullable: [Function: bound nullable],
    nullish: [Function: bound nullish],
    array: [Function: bound array],
    promise: [Function: bound promise],
    or: [Function: bound or],
    and: [Function: bound and],
    transform: [Function: bound transform],
    brand: [Function: bound brand],
    default: [Function: bound default],
    catch: [Function: bound catch],
    describe: [Function: bound describe],
    pipe: [Function: bound pipe],
    readonly: [Function: bound readonly],
    isNullable: [Function: bound isNullable],
    isOptional: [Function: bound isOptional],
    '~standard': { version: 1, vendor: 'zod', validate: [Function: validate] },
    _cached: { shape: [Object], keys: [Array] },
    nonstrict: [Function: passthrough],
    augment: [Function: extend]
  },
  call: [AsyncFunction (anonymous)]
}
[2026-02-12T20:52:53.089+08:00] locateFields [ 'locate' ]
[2026-02-12T20:52:54.320+08:00] actionInActionSpace matched {
  name: 'RunAdbShell',
  description: 'Execute ADB shell command on Android device',
  interfaceAlias: 'runAdbShell',
  paramSchema: ZodObject {
    spa: [Function: bound safeParseAsync] AsyncFunction,
    _def: {
      shape: [Function: shape],
      unknownKeys: 'strip',
      catchall: [ZodNever],
      typeName: 'ZodObject'
    },
    parse: [Function: bound parse],
    safeParse: [Function: bound safeParse],
    parseAsync: [Function: bound parseAsync] AsyncFunction,
    safeParseAsync: [Function: bound safeParseAsync] AsyncFunction,
    refine: [Function: bound refine],
    refinement: [Function: bound refinement],
    superRefine: [Function: bound superRefine],
    optional: [Function: bound optional],
    nullable: [Function: bound nullable],
    nullish: [Function: bound nullish],
    array: [Function: bound array],
    promise: [Function: bound promise],
    or: [Function: bound or],
    and: [Function: bound and],
    transform: [Function: bound transform],
    brand: [Function: bound brand],
    default: [Function: bound default],
    catch: [Function: bound catch],
    describe: [Function: bound describe],
    pipe: [Function: bound pipe],
    readonly: [Function: bound readonly],
    isNullable: [Function: bound isNullable],
    isOptional: [Function: bound isOptional],
    '~standard': { version: 1, vendor: 'zod', validate: [Function: validate] },
    _cached: { shape: [Object], keys: [Array] },
    nonstrict: [Function: passthrough],
    augment: [Function: extend]
  },
  call: [AsyncFunction: call]
}
[2026-02-12T20:52:54.320+08:00] locateFields []
[2026-02-12T21:13:05.832+08:00] actionInActionSpace matched {
  name: 'Tap',
  description: 'Tap the element',
  interfaceAlias: 'aiTap',
  paramSchema: ZodObject {
    spa: [Function: bound safeParseAsync] AsyncFunction,
    _def: {
      shape: [Function: shape],
      unknownKeys: 'strip',
      catchall: [ZodNever],
      typeName: 'ZodObject'
    },
    parse: [Function: bound parse],
    safeParse: [Function: bound safeParse],
    parseAsync: [Function: bound parseAsync] AsyncFunction,
    safeParseAsync: [Function: bound safeParseAsync] AsyncFunction,
    refine: [Function: bound refine],
    refinement: [Function: bound refinement],
    superRefine: [Function: bound superRefine],
    optional: [Function: bound optional],
    nullable: [Function: bound nullable],
    nullish: [Function: bound nullish],
    array: [Function: bound array],
    promise: [Function: bound promise],
    or: [Function: bound or],
    and: [Function: bound and],
    transform: [Function: bound transform],
    brand: [Function: bound brand],
    default: [Function: bound default],
    catch: [Function: bound catch],
    describe: [Function: bound describe],
    pipe: [Function: bound pipe],
    readonly: [Function: bound readonly],
    isNullable: [Function: bound isNullable],
    isOptional: [Function: bound isOptional],
    '~standard': { version: 1, vendor: 'zod', validate: [Function: validate] },
    _cached: null,
    nonstrict: [Function: passthrough],
    augment: [Function: extend]
  },
  call: [AsyncFunction (anonymous)]
}
[2026-02-12T21:13:05.832+08:00] locateFields [ 'locate' ]
[2026-02-12T21:13:42.418+08:00] actionInActionSpace matched {
  name: 'AndroidBackButton',
  description: 'Trigger the system "back" operation on Android devices',
  call: [AsyncFunction: call]
}
[2026-02-12T21:13:42.418+08:00] locateFields []
[2026-02-12T21:13:52.828+08:00] goal completed via complete-goal tag, stop planning
[2026-02-12T21:14:15.580+08:00] actionInActionSpace matched {
  name: 'Scroll',
  description: 'Scroll the page or an element. The direction to scroll, the scroll type, and the distance to scroll. The distance is the number of pixels to scroll. If not specified, use `down` direction, `once` scroll type, and `null` distance.',
  interfaceAlias: 'aiScroll',
  paramSchema: ZodObject {
    spa: [Function: bound safeParseAsync] AsyncFunction,
    _def: {
      shape: [Function: shape],
      unknownKeys: 'strip',
      catchall: [ZodNever],
      typeName: 'ZodObject'
    },
    parse: [Function: bound parse],
    safeParse: [Function: bound safeParse],
    parseAsync: [Function: bound parseAsync] AsyncFunction,
    safeParseAsync: [Function: bound safeParseAsync] AsyncFunction,
    refine: [Function: bound refine],
    refinement: [Function: bound refinement],
    superRefine: [Function: bound superRefine],
    optional: [Function: bound optional],
    nullable: [Function: bound nullable],
    nullish: [Function: bound nullish],
    array: [Function: bound array],
    promise: [Function: bound promise],
    or: [Function: bound or],
    and: [Function: bound and],
    transform: [Function: bound transform],
    brand: [Function: bound brand],
    default: [Function: bound default],
    catch: [Function: bound catch],
    describe: [Function: bound describe],
    pipe: [Function: bound pipe],
    readonly: [Function: bound readonly],
    isNullable: [Function: bound isNullable],
    isOptional: [Function: bound isOptional],
    '~standard': { version: 1, vendor: 'zod', validate: [Function: validate] },
    _cached: null,
    nonstrict: [Function: passthrough],
    augment: [Function: extend]
  },
  call: [AsyncFunction (anonymous)]
}
[2026-02-12T21:14:15.580+08:00] locateFields [ 'locate' ]
[2026-02-12T21:14:35.733+08:00] actionInActionSpace matched {
  name: 'Scroll',
  description: 'Scroll the page or an element. The direction to scroll, the scroll type, and the distance to scroll. The distance is the number of pixels to scroll. If not specified, use `down` direction, `once` scroll type, and `null` distance.',
  interfaceAlias: 'aiScroll',
  paramSchema: ZodObject {
    spa: [Function: bound safeParseAsync] AsyncFunction,
    _def: {
      shape: [Function: shape],
      unknownKeys: 'strip',
      catchall: [ZodNever],
      typeName: 'ZodObject'
    },
    parse: [Function: bound parse],
    safeParse: [Function: bound safeParse],
    parseAsync: [Function: bound parseAsync] AsyncFunction,
    safeParseAsync: [Function: bound safeParseAsync] AsyncFunction,
    refine: [Function: bound refine],
    refinement: [Function: bound refinement],
    superRefine: [Function: bound superRefine],
    optional: [Function: bound optional],
    nullable: [Function: bound nullable],
    nullish: [Function: bound nullish],
    array: [Function: bound array],
    promise: [Function: bound promise],
    or: [Function: bound or],
    and: [Function: bound and],
    transform: [Function: bound transform],
    brand: [Function: bound brand],
    default: [Function: bound default],
    catch: [Function: bound catch],
    describe: [Function: bound describe],
    pipe: [Function: bound pipe],
    readonly: [Function: bound readonly],
    isNullable: [Function: bound isNullable],
    isOptional: [Function: bound isOptional],
    '~standard': { version: 1, vendor: 'zod', validate: [Function: validate] },
    _cached: { shape: [Object], keys: [Array] },
    nonstrict: [Function: passthrough],
    augment: [Function: extend]
  },
  call: [AsyncFunction (anonymous)]
}
[2026-02-12T21:14:35.734+08:00] locateFields [ 'locate' ]
[2026-02-12T21:14:54.875+08:00] actionInActionSpace matched {
  name: 'Scroll',
  description: 'Scroll the page or an element. The direction to scroll, the scroll type, and the distance to scroll. The distance is the number of pixels to scroll. If not specified, use `down` direction, `once` scroll type, and `null` distance.',
  interfaceAlias: 'aiScroll',
  paramSchema: ZodObject {
    spa: [Function: bound safeParseAsync] AsyncFunction,
    _def: {
      shape: [Function: shape],
      unknownKeys: 'strip',
      catchall: [ZodNever],
      typeName: 'ZodObject'
    },
    parse: [Function: bound parse],
    safeParse: [Function: bound safeParse],
    parseAsync: [Function: bound parseAsync] AsyncFunction,
    safeParseAsync: [Function: bound safeParseAsync] AsyncFunction,
    refine: [Function: bound refine],
    refinement: [Function: bound refinement],
    superRefine: [Function: bound superRefine],
    optional: [Function: bound optional],
    nullable: [Function: bound nullable],
    nullish: [Function: bound nullish],
    array: [Function: bound array],
    promise: [Function: bound promise],
    or: [Function: bound or],
    and: [Function: bound and],
    transform: [Function: bound transform],
    brand: [Function: bound brand],
    default: [Function: bound default],
    catch: [Function: bound catch],
    describe: [Function: bound describe],
    pipe: [Function: bound pipe],
    readonly: [Function: bound readonly],
    isNullable: [Function: bound isNullable],
    isOptional: [Function: bound isOptional],
    '~standard': { version: 1, vendor: 'zod', validate: [Function: validate] },
    _cached: { shape: [Object], keys: [Array] },
    nonstrict: [Function: passthrough],
    augment: [Function: extend]
  },
  call: [AsyncFunction (anonymous)]
}
[2026-02-12T21:14:54.875+08:00] locateFields [ 'locate' ]
[2026-02-12T21:15:11.932+08:00] actionInActionSpace matched {
  name: 'Scroll',
  description: 'Scroll the page or an element. The direction to scroll, the scroll type, and the distance to scroll. The distance is the number of pixels to scroll. If not specified, use `down` direction, `once` scroll type, and `null` distance.',
  interfaceAlias: 'aiScroll',
  paramSchema: ZodObject {
    spa: [Function: bound safeParseAsync] AsyncFunction,
    _def: {
      shape: [Function: shape],
      unknownKeys: 'strip',
      catchall: [ZodNever],
      typeName: 'ZodObject'
    },
    parse: [Function: bound parse],
    safeParse: [Function: bound safeParse],
    parseAsync: [Function: bound parseAsync] AsyncFunction,
    safeParseAsync: [Function: bound safeParseAsync] AsyncFunction,
    refine: [Function: bound refine],
    refinement: [Function: bound refinement],
    superRefine: [Function: bound superRefine],
    optional: [Function: bound optional],
    nullable: [Function: bound nullable],
    nullish: [Function: bound nullish],
    array: [Function: bound array],
    promise: [Function: bound promise],
    or: [Function: bound or],
    and: [Function: bound and],
    transform: [Function: bound transform],
    brand: [Function: bound brand],
    default: [Function: bound default],
    catch: [Function: bound catch],
    describe: [Function: bound describe],
    pipe: [Function: bound pipe],
    readonly: [Function: bound readonly],
    isNullable: [Function: bound isNullable],
    isOptional: [Function: bound isOptional],
    '~standard': { version: 1, vendor: 'zod', validate: [Function: validate] },
    _cached: { shape: [Object], keys: [Array] },
    nonstrict: [Function: passthrough],
    augment: [Function: extend]
  },
  call: [AsyncFunction (anonymous)]
}
[2026-02-12T21:15:11.933+08:00] locateFields [ 'locate' ]
[2026-02-12T21:15:15.552+08:00] actionInActionSpace matched {
  name: 'Launch',
  description: 'Launch an Android app or URL',
  interfaceAlias: 'launch',
  paramSchema: ZodObject {
    spa: [Function: bound safeParseAsync] AsyncFunction,
    _def: {
      shape: [Function: shape],
      unknownKeys: 'strip',
      catchall: [ZodNever],
      typeName: 'ZodObject'
    },
    parse: [Function: bound parse],
    safeParse: [Function: bound safeParse],
    parseAsync: [Function: bound parseAsync] AsyncFunction,
    safeParseAsync: [Function: bound safeParseAsync] AsyncFunction,
    refine: [Function: bound refine],
    refinement: [Function: bound refinement],
    superRefine: [Function: bound superRefine],
    optional: [Function: bound optional],
    nullable: [Function: bound nullable],
    nullish: [Function: bound nullish],
    array: [Function: bound array],
    promise: [Function: bound promise],
    or: [Function: bound or],
    and: [Function: bound and],
    transform: [Function: bound transform],
    brand: [Function: bound brand],
    default: [Function: bound default],
    catch: [Function: bound catch],
    describe: [Function: bound describe],
    pipe: [Function: bound pipe],
    readonly: [Function: bound readonly],
    isNullable: [Function: bound isNullable],
    isOptional: [Function: bound isOptional],
    '~standard': { version: 1, vendor: 'zod', validate: [Function: validate] },
    _cached: null,
    nonstrict: [Function: passthrough],
    augment: [Function: extend]
  },
  call: [AsyncFunction: call]
}
[2026-02-12T21:15:15.552+08:00] locateFields []
[2026-02-12T21:15:20.575+08:00] goal completed via complete-goal tag, stop planning
[2026-02-12T21:15:23.685+08:00] actionInActionSpace matched {
  name: 'Scroll',
  description: 'Scroll the page or an element. The direction to scroll, the scroll type, and the distance to scroll. The distance is the number of pixels to scroll. If not specified, use `down` direction, `once` scroll type, and `null` distance.',
  interfaceAlias: 'aiScroll',
  paramSchema: ZodObject {
    spa: [Function: bound safeParseAsync] AsyncFunction,
    _def: {
      shape: [Function: shape],
      unknownKeys: 'strip',
      catchall: [ZodNever],
      typeName: 'ZodObject'
    },
    parse: [Function: bound parse],
    safeParse: [Function: bound safeParse],
    parseAsync: [Function: bound parseAsync] AsyncFunction,
    safeParseAsync: [Function: bound safeParseAsync] AsyncFunction,
    refine: [Function: bound refine],
    refinement: [Function: bound refinement],
    superRefine: [Function: bound superRefine],
    optional: [Function: bound optional],
    nullable: [Function: bound nullable],
    nullish: [Function: bound nullish],
    array: [Function: bound array],
    promise: [Function: bound promise],
    or: [Function: bound or],
    and: [Function: bound and],
    transform: [Function: bound transform],
    brand: [Function: bound brand],
    default: [Function: bound default],
    catch: [Function: bound catch],
    describe: [Function: bound describe],
    pipe: [Function: bound pipe],
    readonly: [Function: bound readonly],
    isNullable: [Function: bound isNullable],
    isOptional: [Function: bound isOptional],
    '~standard': { version: 1, vendor: 'zod', validate: [Function: validate] },
    _cached: { shape: [Object], keys: [Array] },
    nonstrict: [Function: passthrough],
    augment: [Function: extend]
  },
  call: [AsyncFunction (anonymous)]
}
[2026-02-12T21:15:23.685+08:00] locateFields [ 'locate' ]
[2026-02-12T21:15:35.075+08:00] actionInActionSpace matched {
  name: 'Tap',
  description: 'Tap the element',
  interfaceAlias: 'aiTap',
  paramSchema: ZodObject {
    spa: [Function: bound safeParseAsync] AsyncFunction,
    _def: {
      shape: [Function: shape],
      unknownKeys: 'strip',
      catchall: [ZodNever],
      typeName: 'ZodObject'
    },
    parse: [Function: bound parse],
    safeParse: [Function: bound safeParse],
    parseAsync: [Function: bound parseAsync] AsyncFunction,
    safeParseAsync: [Function: bound safeParseAsync] AsyncFunction,
    refine: [Function: bound refine],
    refinement: [Function: bound refinement],
    superRefine: [Function: bound superRefine],
    optional: [Function: bound optional],
    nullable: [Function: bound nullable],
    nullish: [Function: bound nullish],
    array: [Function: bound array],
    promise: [Function: bound promise],
    or: [Function: bound or],
    and: [Function: bound and],
    transform: [Function: bound transform],
    brand: [Function: bound brand],
    default: [Function: bound default],
    catch: [Function: bound catch],
    describe: [Function: bound describe],
    pipe: [Function: bound pipe],
    readonly: [Function: bound readonly],
    isNullable: [Function: bound isNullable],
    isOptional: [Function: bound isOptional],
    '~standard': { version: 1, vendor: 'zod', validate: [Function: validate] },
    _cached: { shape: [Object], keys: [Array] },
    nonstrict: [Function: passthrough],
    augment: [Function: extend]
  },
  call: [AsyncFunction (anonymous)]
}
[2026-02-12T21:15:35.075+08:00] locateFields [ 'locate' ]
[2026-02-12T21:15:35.108+08:00] actionInActionSpace matched {
  name: 'Scroll',
  description: 'Scroll the page or an element. The direction to scroll, the scroll type, and the distance to scroll. The distance is the number of pixels to scroll. If not specified, use `down` direction, `once` scroll type, and `null` distance.',
  interfaceAlias: 'aiScroll',
  paramSchema: ZodObject {
    spa: [Function: bound safeParseAsync] AsyncFunction,
    _def: {
      shape: [Function: shape],
      unknownKeys: 'strip',
      catchall: [ZodNever],
      typeName: 'ZodObject'
    },
    parse: [Function: bound parse],
    safeParse: [Function: bound safeParse],
    parseAsync: [Function: bound parseAsync] AsyncFunction,
    safeParseAsync: [Function: bound safeParseAsync] AsyncFunction,
    refine: [Function: bound refine],
    refinement: [Function: bound refinement],
    superRefine: [Function: bound superRefine],
    optional: [Function: bound optional],
    nullable: [Function: bound nullable],
    nullish: [Function: bound nullish],
    array: [Function: bound array],
    promise: [Function: bound promise],
    or: [Function: bound or],
    and: [Function: bound and],
    transform: [Function: bound transform],
    brand: [Function: bound brand],
    default: [Function: bound default],
    catch: [Function: bound catch],
    describe: [Function: bound describe],
    pipe: [Function: bound pipe],
    readonly: [Function: bound readonly],
    isNullable: [Function: bound isNullable],
    isOptional: [Function: bound isOptional],
    '~standard': { version: 1, vendor: 'zod', validate: [Function: validate] },
    _cached: { shape: [Object], keys: [Array] },
    nonstrict: [Function: passthrough],
    augment: [Function: extend]
  },
  call: [AsyncFunction (anonymous)]
}
[2026-02-12T21:15:35.108+08:00] locateFields [ 'locate' ]
[2026-02-12T21:15:41.220+08:00] actionInActionSpace matched {
  name: 'Scroll',
  description: 'Scroll the page or an element. The direction to scroll, the scroll type, and the distance to scroll. The distance is the number of pixels to scroll. If not specified, use `down` direction, `once` scroll type, and `null` distance.',
  interfaceAlias: 'aiScroll',
  paramSchema: ZodObject {
    spa: [Function: bound safeParseAsync] AsyncFunction,
    _def: {
      shape: [Function: shape],
      unknownKeys: 'strip',
      catchall: [ZodNever],
      typeName: 'ZodObject'
    },
    parse: [Function: bound parse],
    safeParse: [Function: bound safeParse],
    parseAsync: [Function: bound parseAsync] AsyncFunction,
    safeParseAsync: [Function: bound safeParseAsync] AsyncFunction,
    refine: [Function: bound refine],
    refinement: [Function: bound refinement],
    superRefine: [Function: bound superRefine],
    optional: [Function: bound optional],
    nullable: [Function: bound nullable],
    nullish: [Function: bound nullish],
    array: [Function: bound array],
    promise: [Function: bound promise],
    or: [Function: bound or],
    and: [Function: bound and],
    transform: [Function: bound transform],
    brand: [Function: bound brand],
    default: [Function: bound default],
    catch: [Function: bound catch],
    describe: [Function: bound describe],
    pipe: [Function: bound pipe],
    readonly: [Function: bound readonly],
    isNullable: [Function: bound isNullable],
    isOptional: [Function: bound isOptional],
    '~standard': { version: 1, vendor: 'zod', validate: [Function: validate] },
    _cached: { shape: [Object], keys: [Array] },
    nonstrict: [Function: passthrough],
    augment: [Function: extend]
  },
  call: [AsyncFunction (anonymous)]
}
[2026-02-12T21:15:41.220+08:00] locateFields [ 'locate' ]
[2026-02-12T21:15:44.091+08:00] actionInActionSpace matched {
  name: 'Scroll',
  description: 'Scroll the page or an element. The direction to scroll, the scroll type, and the distance to scroll. The distance is the number of pixels to scroll. If not specified, use `down` direction, `once` scroll type, and `null` distance.',
  interfaceAlias: 'aiScroll',
  paramSchema: ZodObject {
    spa: [Function: bound safeParseAsync] AsyncFunction,
    _def: {
      shape: [Function: shape],
      unknownKeys: 'strip',
      catchall: [ZodNever],
      typeName: 'ZodObject'
    },
    parse: [Function: bound parse],
    safeParse: [Function: bound safeParse],
    parseAsync: [Function: bound parseAsync] AsyncFunction,
    safeParseAsync: [Function: bound safeParseAsync] AsyncFunction,
    refine: [Function: bound refine],
    refinement: [Function: bound refinement],
    superRefine: [Function: bound superRefine],
    optional: [Function: bound optional],
    nullable: [Function: bound nullable],
    nullish: [Function: bound nullish],
    array: [Function: bound array],
    promise: [Function: bound promise],
    or: [Function: bound or],
    and: [Function: bound and],
    transform: [Function: bound transform],
    brand: [Function: bound brand],
    default: [Function: bound default],
    catch: [Function: bound catch],
    describe: [Function: bound describe],
    pipe: [Function: bound pipe],
    readonly: [Function: bound readonly],
    isNullable: [Function: bound isNullable],
    isOptional: [Function: bound isOptional],
    '~standard': { version: 1, vendor: 'zod', validate: [Function: validate] },
    _cached: { shape: [Object], keys: [Array] },
    nonstrict: [Function: passthrough],
    augment: [Function: extend]
  },
  call: [AsyncFunction (anonymous)]
}
[2026-02-12T21:15:44.091+08:00] locateFields [ 'locate' ]
[2026-02-12T21:15:49.298+08:00] actionInActionSpace matched {
  name: 'Tap',
  description: 'Tap the element',
  interfaceAlias: 'aiTap',
  paramSchema: ZodObject {
    spa: [Function: bound safeParseAsync] AsyncFunction,
    _def: {
      shape: [Function: shape],
      unknownKeys: 'strip',
      catchall: [ZodNever],
      typeName: 'ZodObject'
    },
    parse: [Function: bound parse],
    safeParse: [Function: bound safeParse],
    parseAsync: [Function: bound parseAsync] AsyncFunction,
    safeParseAsync: [Function: bound safeParseAsync] AsyncFunction,
    refine: [Function: bound refine],
    refinement: [Function: bound refinement],
    superRefine: [Function: bound superRefine],
    optional: [Function: bound optional],
    nullable: [Function: bound nullable],
    nullish: [Function: bound nullish],
    array: [Function: bound array],
    promise: [Function: bound promise],
    or: [Function: bound or],
    and: [Function: bound and],
    transform: [Function: bound transform],
    brand: [Function: bound brand],
    default: [Function: bound default],
    catch: [Function: bound catch],
    describe: [Function: bound describe],
    pipe: [Function: bound pipe],
    readonly: [Function: bound readonly],
    isNullable: [Function: bound isNullable],
    isOptional: [Function: bound isOptional],
    '~standard': { version: 1, vendor: 'zod', validate: [Function: validate] },
    _cached: { shape: [Object], keys: [Array] },
    nonstrict: [Function: passthrough],
    augment: [Function: extend]
  },
  call: [AsyncFunction (anonymous)]
}
[2026-02-12T21:15:49.298+08:00] locateFields [ 'locate' ]
[2026-02-12T21:15:53.581+08:00] actionInActionSpace matched {
  name: 'Scroll',
  description: 'Scroll the page or an element. The direction to scroll, the scroll type, and the distance to scroll. The distance is the number of pixels to scroll. If not specified, use `down` direction, `once` scroll type, and `null` distance.',
  interfaceAlias: 'aiScroll',
  paramSchema: ZodObject {
    spa: [Function: bound safeParseAsync] AsyncFunction,
    _def: {
      shape: [Function: shape],
      unknownKeys: 'strip',
      catchall: [ZodNever],
      typeName: 'ZodObject'
    },
    parse: [Function: bound parse],
    safeParse: [Function: bound safeParse],
    parseAsync: [Function: bound parseAsync] AsyncFunction,
    safeParseAsync: [Function: bound safeParseAsync] AsyncFunction,
    refine: [Function: bound refine],
    refinement: [Function: bound refinement],
    superRefine: [Function: bound superRefine],
    optional: [Function: bound optional],
    nullable: [Function: bound nullable],
    nullish: [Function: bound nullish],
    array: [Function: bound array],
    promise: [Function: bound promise],
    or: [Function: bound or],
    and: [Function: bound and],
    transform: [Function: bound transform],
    brand: [Function: bound brand],
    default: [Function: bound default],
    catch: [Function: bound catch],
    describe: [Function: bound describe],
    pipe: [Function: bound pipe],
    readonly: [Function: bound readonly],
    isNullable: [Function: bound isNullable],
    isOptional: [Function: bound isOptional],
    '~standard': { version: 1, vendor: 'zod', validate: [Function: validate] },
    _cached: { shape: [Object], keys: [Array] },
    nonstrict: [Function: passthrough],
    augment: [Function: extend]
  },
  call: [AsyncFunction (anonymous)]
}
[2026-02-12T21:15:53.581+08:00] locateFields [ 'locate' ]
[2026-02-12T21:15:55.781+08:00] actionInActionSpace matched {
  name: 'Tap',
  description: 'Tap the element',
  interfaceAlias: 'aiTap',
  paramSchema: ZodObject {
    spa: [Function: bound safeParseAsync] AsyncFunction,
    _def: {
      shape: [Function: shape],
      unknownKeys: 'strip',
      catchall: [ZodNever],
      typeName: 'ZodObject'
    },
    parse: [Function: bound parse],
    safeParse: [Function: bound safeParse],
    parseAsync: [Function: bound parseAsync] AsyncFunction,
    safeParseAsync: [Function: bound safeParseAsync] AsyncFunction,
    refine: [Function: bound refine],
    refinement: [Function: bound refinement],
    superRefine: [Function: bound superRefine],
    optional: [Function: bound optional],
    nullable: [Function: bound nullable],
    nullish: [Function: bound nullish],
    array: [Function: bound array],
    promise: [Function: bound promise],
    or: [Function: bound or],
    and: [Function: bound and],
    transform: [Function: bound transform],
    brand: [Function: bound brand],
    default: [Function: bound default],
    catch: [Function: bound catch],
    describe: [Function: bound describe],
    pipe: [Function: bound pipe],
    readonly: [Function: bound readonly],
    isNullable: [Function: bound isNullable],
    isOptional: [Function: bound isOptional],
    '~standard': { version: 1, vendor: 'zod', validate: [Function: validate] },
    _cached: { shape: [Object], keys: [Array] },
    nonstrict: [Function: passthrough],
    augment: [Function: extend]
  },
  call: [AsyncFunction (anonymous)]
}
[2026-02-12T21:15:55.781+08:00] locateFields [ 'locate' ]
[2026-02-12T21:16:02.088+08:00] actionInActionSpace matched {
  name: 'Tap',
  description: 'Tap the element',
  interfaceAlias: 'aiTap',
  paramSchema: ZodObject {
    spa: [Function: bound safeParseAsync] AsyncFunction,
    _def: {
      shape: [Function: shape],
      unknownKeys: 'strip',
      catchall: [ZodNever],
      typeName: 'ZodObject'
    },
    parse: [Function: bound parse],
    safeParse: [Function: bound safeParse],
    parseAsync: [Function: bound parseAsync] AsyncFunction,
    safeParseAsync: [Function: bound safeParseAsync] AsyncFunction,
    refine: [Function: bound refine],
    refinement: [Function: bound refinement],
    superRefine: [Function: bound superRefine],
    optional: [Function: bound optional],
    nullable: [Function: bound nullable],
    nullish: [Function: bound nullish],
    array: [Function: bound array],
    promise: [Function: bound promise],
    or: [Function: bound or],
    and: [Function: bound and],
    transform: [Function: bound transform],
    brand: [Function: bound brand],
    default: [Function: bound default],
    catch: [Function: bound catch],
    describe: [Function: bound describe],
    pipe: [Function: bound pipe],
    readonly: [Function: bound readonly],
    isNullable: [Function: bound isNullable],
    isOptional: [Function: bound isOptional],
    '~standard': { version: 1, vendor: 'zod', validate: [Function: validate] },
    _cached: { shape: [Object], keys: [Array] },
    nonstrict: [Function: passthrough],
    augment: [Function: extend]
  },
  call: [AsyncFunction (anonymous)]
}
[2026-02-12T21:16:02.088+08:00] locateFields [ 'locate' ]
[2026-02-12T21:16:03.049+08:00] actionInActionSpace matched {
  name: 'Scroll',
  description: 'Scroll the page or an element. The direction to scroll, the scroll type, and the distance to scroll. The distance is the number of pixels to scroll. If not specified, use `down` direction, `once` scroll type, and `null` distance.',
  interfaceAlias: 'aiScroll',
  paramSchema: ZodObject {
    spa: [Function: bound safeParseAsync] AsyncFunction,
    _def: {
      shape: [Function: shape],
      unknownKeys: 'strip',
      catchall: [ZodNever],
      typeName: 'ZodObject'
    },
    parse: [Function: bound parse],
    safeParse: [Function: bound safeParse],
    parseAsync: [Function: bound parseAsync] AsyncFunction,
    safeParseAsync: [Function: bound safeParseAsync] AsyncFunction,
    refine: [Function: bound refine],
    refinement: [Function: bound refinement],
    superRefine: [Function: bound superRefine],
    optional: [Function: bound optional],
    nullable: [Function: bound nullable],
    nullish: [Function: bound nullish],
    array: [Function: bound array],
    promise: [Function: bound promise],
    or: [Function: bound or],
    and: [Function: bound and],
    transform: [Function: bound transform],
    brand: [Function: bound brand],
    default: [Function: bound default],
    catch: [Function: bound catch],
    describe: [Function: bound describe],
    pipe: [Function: bound pipe],
    readonly: [Function: bound readonly],
    isNullable: [Function: bound isNullable],
    isOptional: [Function: bound isOptional],
    '~standard': { version: 1, vendor: 'zod', validate: [Function: validate] },
    _cached: { shape: [Object], keys: [Array] },
    nonstrict: [Function: passthrough],
    augment: [Function: extend]
  },
  call: [AsyncFunction (anonymous)]
}
[2026-02-12T21:16:03.050+08:00] locateFields [ 'locate' ]
[2026-02-12T21:16:07.543+08:00] actionInActionSpace matched {
  name: 'Tap',
  description: 'Tap the element',
  interfaceAlias: 'aiTap',
  paramSchema: ZodObject {
    spa: [Function: bound safeParseAsync] AsyncFunction,
    _def: {
      shape: [Function: shape],
      unknownKeys: 'strip',
      catchall: [ZodNever],
      typeName: 'ZodObject'
    },
    parse: [Function: bound parse],
    safeParse: [Function: bound safeParse],
    parseAsync: [Function: bound parseAsync] AsyncFunction,
    safeParseAsync: [Function: bound safeParseAsync] AsyncFunction,
    refine: [Function: bound refine],
    refinement: [Function: bound refinement],
    superRefine: [Function: bound superRefine],
    optional: [Function: bound optional],
    nullable: [Function: bound nullable],
    nullish: [Function: bound nullish],
    array: [Function: bound array],
    promise: [Function: bound promise],
    or: [Function: bound or],
    and: [Function: bound and],
    transform: [Function: bound transform],
    brand: [Function: bound brand],
    default: [Function: bound default],
    catch: [Function: bound catch],
    describe: [Function: bound describe],
    pipe: [Function: bound pipe],
    readonly: [Function: bound readonly],
    isNullable: [Function: bound isNullable],
    isOptional: [Function: bound isOptional],
    '~standard': { version: 1, vendor: 'zod', validate: [Function: validate] },
    _cached: { shape: [Object], keys: [Array] },
    nonstrict: [Function: passthrough],
    augment: [Function: extend]
  },
  call: [AsyncFunction (anonymous)]
}
[2026-02-12T21:16:07.543+08:00] locateFields [ 'locate' ]
[2026-02-12T21:16:12.203+08:00] actionInActionSpace matched {
  name: 'Scroll',
  description: 'Scroll the page or an element. The direction to scroll, the scroll type, and the distance to scroll. The distance is the number of pixels to scroll. If not specified, use `down` direction, `once` scroll type, and `null` distance.',
  interfaceAlias: 'aiScroll',
  paramSchema: ZodObject {
    spa: [Function: bound safeParseAsync] AsyncFunction,
    _def: {
      shape: [Function: shape],
      unknownKeys: 'strip',
      catchall: [ZodNever],
      typeName: 'ZodObject'
    },
    parse: [Function: bound parse],
    safeParse: [Function: bound safeParse],
    parseAsync: [Function: bound parseAsync] AsyncFunction,
    safeParseAsync: [Function: bound safeParseAsync] AsyncFunction,
    refine: [Function: bound refine],
    refinement: [Function: bound refinement],
    superRefine: [Function: bound superRefine],
    optional: [Function: bound optional],
    nullable: [Function: bound nullable],
    nullish: [Function: bound nullish],
    array: [Function: bound array],
    promise: [Function: bound promise],
    or: [Function: bound or],
    and: [Function: bound and],
    transform: [Function: bound transform],
    brand: [Function: bound brand],
    default: [Function: bound default],
    catch: [Function: bound catch],
    describe: [Function: bound describe],
    pipe: [Function: bound pipe],
    readonly: [Function: bound readonly],
    isNullable: [Function: bound isNullable],
    isOptional: [Function: bound isOptional],
    '~standard': { version: 1, vendor: 'zod', validate: [Function: validate] },
    _cached: { shape: [Object], keys: [Array] },
    nonstrict: [Function: passthrough],
    augment: [Function: extend]
  },
  call: [AsyncFunction (anonymous)]
}
[2026-02-12T21:16:12.203+08:00] locateFields [ 'locate' ]
[2026-02-12T21:16:15.158+08:00] actionInActionSpace matched {
  name: 'Tap',
  description: 'Tap the element',
  interfaceAlias: 'aiTap',
  paramSchema: ZodObject {
    spa: [Function: bound safeParseAsync] AsyncFunction,
    _def: {
      shape: [Function: shape],
      unknownKeys: 'strip',
      catchall: [ZodNever],
      typeName: 'ZodObject'
    },
    parse: [Function: bound parse],
    safeParse: [Function: bound safeParse],
    parseAsync: [Function: bound parseAsync] AsyncFunction,
    safeParseAsync: [Function: bound safeParseAsync] AsyncFunction,
    refine: [Function: bound refine],
    refinement: [Function: bound refinement],
    superRefine: [Function: bound superRefine],
    optional: [Function: bound optional],
    nullable: [Function: bound nullable],
    nullish: [Function: bound nullish],
    array: [Function: bound array],
    promise: [Function: bound promise],
    or: [Function: bound or],
    and: [Function: bound and],
    transform: [Function: bound transform],
    brand: [Function: bound brand],
    default: [Function: bound default],
    catch: [Function: bound catch],
    describe: [Function: bound describe],
    pipe: [Function: bound pipe],
    readonly: [Function: bound readonly],
    isNullable: [Function: bound isNullable],
    isOptional: [Function: bound isOptional],
    '~standard': { version: 1, vendor: 'zod', validate: [Function: validate] },
    _cached: { shape: [Object], keys: [Array] },
    nonstrict: [Function: passthrough],
    augment: [Function: extend]
  },
  call: [AsyncFunction (anonymous)]
}
[2026-02-12T21:16:15.158+08:00] locateFields [ 'locate' ]
[2026-02-12T21:16:21.526+08:00] actionInActionSpace matched {
  name: 'Tap',
  description: 'Tap the element',
  interfaceAlias: 'aiTap',
  paramSchema: ZodObject {
    spa: [Function: bound safeParseAsync] AsyncFunction,
    _def: {
      shape: [Function: shape],
      unknownKeys: 'strip',
      catchall: [ZodNever],
      typeName: 'ZodObject'
    },
    parse: [Function: bound parse],
    safeParse: [Function: bound safeParse],
    parseAsync: [Function: bound parseAsync] AsyncFunction,
    safeParseAsync: [Function: bound safeParseAsync] AsyncFunction,
    refine: [Function: bound refine],
    refinement: [Function: bound refinement],
    superRefine: [Function: bound superRefine],
    optional: [Function: bound optional],
    nullable: [Function: bound nullable],
    nullish: [Function: bound nullish],
    array: [Function: bound array],
    promise: [Function: bound promise],
    or: [Function: bound or],
    and: [Function: bound and],
    transform: [Function: bound transform],
    brand: [Function: bound brand],
    default: [Function: bound default],
    catch: [Function: bound catch],
    describe: [Function: bound describe],
    pipe: [Function: bound pipe],
    readonly: [Function: bound readonly],
    isNullable: [Function: bound isNullable],
    isOptional: [Function: bound isOptional],
    '~standard': { version: 1, vendor: 'zod', validate: [Function: validate] },
    _cached: { shape: [Object], keys: [Array] },
    nonstrict: [Function: passthrough],
    augment: [Function: extend]
  },
  call: [AsyncFunction (anonymous)]
}
[2026-02-12T21:16:21.526+08:00] locateFields [ 'locate' ]
[2026-02-12T21:16:21.897+08:00] actionInActionSpace matched {
  name: 'Scroll',
  description: 'Scroll the page or an element. The direction to scroll, the scroll type, and the distance to scroll. The distance is the number of pixels to scroll. If not specified, use `down` direction, `once` scroll type, and `null` distance.',
  interfaceAlias: 'aiScroll',
  paramSchema: ZodObject {
    spa: [Function: bound safeParseAsync] AsyncFunction,
    _def: {
      shape: [Function: shape],
      unknownKeys: 'strip',
      catchall: [ZodNever],
      typeName: 'ZodObject'
    },
    parse: [Function: bound parse],
    safeParse: [Function: bound safeParse],
    parseAsync: [Function: bound parseAsync] AsyncFunction,
    safeParseAsync: [Function: bound safeParseAsync] AsyncFunction,
    refine: [Function: bound refine],
    refinement: [Function: bound refinement],
    superRefine: [Function: bound superRefine],
    optional: [Function: bound optional],
    nullable: [Function: bound nullable],
    nullish: [Function: bound nullish],
    array: [Function: bound array],
    promise: [Function: bound promise],
    or: [Function: bound or],
    and: [Function: bound and],
    transform: [Function: bound transform],
    brand: [Function: bound brand],
    default: [Function: bound default],
    catch: [Function: bound catch],
    describe: [Function: bound describe],
    pipe: [Function: bound pipe],
    readonly: [Function: bound readonly],
    isNullable: [Function: bound isNullable],
    isOptional: [Function: bound isOptional],
    '~standard': { version: 1, vendor: 'zod', validate: [Function: validate] },
    _cached: { shape: [Object], keys: [Array] },
    nonstrict: [Function: passthrough],
    augment: [Function: extend]
  },
  call: [AsyncFunction (anonymous)]
}
[2026-02-12T21:16:21.897+08:00] locateFields [ 'locate' ]
[2026-02-12T21:16:27.792+08:00] actionInActionSpace matched {
  name: 'Tap',
  description: 'Tap the element',
  interfaceAlias: 'aiTap',
  paramSchema: ZodObject {
    spa: [Function: bound safeParseAsync] AsyncFunction,
    _def: {
      shape: [Function: shape],
      unknownKeys: 'strip',
      catchall: [ZodNever],
      typeName: 'ZodObject'
    },
    parse: [Function: bound parse],
    safeParse: [Function: bound safeParse],
    parseAsync: [Function: bound parseAsync] AsyncFunction,
    safeParseAsync: [Function: bound safeParseAsync] AsyncFunction,
    refine: [Function: bound refine],
    refinement: [Function: bound refinement],
    superRefine: [Function: bound superRefine],
    optional: [Function: bound optional],
    nullable: [Function: bound nullable],
    nullish: [Function: bound nullish],
    array: [Function: bound array],
    promise: [Function: bound promise],
    or: [Function: bound or],
    and: [Function: bound and],
    transform: [Function: bound transform],
    brand: [Function: bound brand],
    default: [Function: bound default],
    catch: [Function: bound catch],
    describe: [Function: bound describe],
    pipe: [Function: bound pipe],
    readonly: [Function: bound readonly],
    isNullable: [Function: bound isNullable],
    isOptional: [Function: bound isOptional],
    '~standard': { version: 1, vendor: 'zod', validate: [Function: validate] },
    _cached: { shape: [Object], keys: [Array] },
    nonstrict: [Function: passthrough],
    augment: [Function: extend]
  },
  call: [AsyncFunction (anonymous)]
}
[2026-02-12T21:16:27.792+08:00] locateFields [ 'locate' ]
[2026-02-12T21:16:31.788+08:00] actionInActionSpace matched {
  name: 'Scroll',
  description: 'Scroll the page or an element. The direction to scroll, the scroll type, and the distance to scroll. The distance is the number of pixels to scroll. If not specified, use `down` direction, `once` scroll type, and `null` distance.',
  interfaceAlias: 'aiScroll',
  paramSchema: ZodObject {
    spa: [Function: bound safeParseAsync] AsyncFunction,
    _def: {
      shape: [Function: shape],
      unknownKeys: 'strip',
      catchall: [ZodNever],
      typeName: 'ZodObject'
    },
    parse: [Function: bound parse],
    safeParse: [Function: bound safeParse],
    parseAsync: [Function: bound parseAsync] AsyncFunction,
    safeParseAsync: [Function: bound safeParseAsync] AsyncFunction,
    refine: [Function: bound refine],
    refinement: [Function: bound refinement],
    superRefine: [Function: bound superRefine],
    optional: [Function: bound optional],
    nullable: [Function: bound nullable],
    nullish: [Function: bound nullish],
    array: [Function: bound array],
    promise: [Function: bound promise],
    or: [Function: bound or],
    and: [Function: bound and],
    transform: [Function: bound transform],
    brand: [Function: bound brand],
    default: [Function: bound default],
    catch: [Function: bound catch],
    describe: [Function: bound describe],
    pipe: [Function: bound pipe],
    readonly: [Function: bound readonly],
    isNullable: [Function: bound isNullable],
    isOptional: [Function: bound isOptional],
    '~standard': { version: 1, vendor: 'zod', validate: [Function: validate] },
    _cached: { shape: [Object], keys: [Array] },
    nonstrict: [Function: passthrough],
    augment: [Function: extend]
  },
  call: [AsyncFunction (anonymous)]
}
[2026-02-12T21:16:31.788+08:00] locateFields [ 'locate' ]
[2026-02-12T21:16:34.026+08:00] actionInActionSpace matched {
  name: 'Tap',
  description: 'Tap the element',
  interfaceAlias: 'aiTap',
  paramSchema: ZodObject {
    spa: [Function: bound safeParseAsync] AsyncFunction,
    _def: {
      shape: [Function: shape],
      unknownKeys: 'strip',
      catchall: [ZodNever],
      typeName: 'ZodObject'
    },
    parse: [Function: bound parse],
    safeParse: [Function: bound safeParse],
    parseAsync: [Function: bound parseAsync] AsyncFunction,
    safeParseAsync: [Function: bound safeParseAsync] AsyncFunction,
    refine: [Function: bound refine],
    refinement: [Function: bound refinement],
    superRefine: [Function: bound superRefine],
    optional: [Function: bound optional],
    nullable: [Function: bound nullable],
    nullish: [Function: bound nullish],
    array: [Function: bound array],
    promise: [Function: bound promise],
    or: [Function: bound or],
    and: [Function: bound and],
    transform: [Function: bound transform],
    brand: [Function: bound brand],
    default: [Function: bound default],
    catch: [Function: bound catch],
    describe: [Function: bound describe],
    pipe: [Function: bound pipe],
    readonly: [Function: bound readonly],
    isNullable: [Function: bound isNullable],
    isOptional: [Function: bound isOptional],
    '~standard': { version: 1, vendor: 'zod', validate: [Function: validate] },
    _cached: { shape: [Object], keys: [Array] },
    nonstrict: [Function: passthrough],
    augment: [Function: extend]
  },
  call: [AsyncFunction (anonymous)]
}
[2026-02-12T21:16:34.026+08:00] locateFields [ 'locate' ]
[2026-02-12T21:16:41.322+08:00] actionInActionSpace matched {
  name: 'Scroll',
  description: 'Scroll the page or an element. The direction to scroll, the scroll type, and the distance to scroll. The distance is the number of pixels to scroll. If not specified, use `down` direction, `once` scroll type, and `null` distance.',
  interfaceAlias: 'aiScroll',
  paramSchema: ZodObject {
    spa: [Function: bound safeParseAsync] AsyncFunction,
    _def: {
      shape: [Function: shape],
      unknownKeys: 'strip',
      catchall: [ZodNever],
      typeName: 'ZodObject'
    },
    parse: [Function: bound parse],
    safeParse: [Function: bound safeParse],
    parseAsync: [Function: bound parseAsync] AsyncFunction,
    safeParseAsync: [Function: bound safeParseAsync] AsyncFunction,
    refine: [Function: bound refine],
    refinement: [Function: bound refinement],
    superRefine: [Function: bound superRefine],
    optional: [Function: bound optional],
    nullable: [Function: bound nullable],
    nullish: [Function: bound nullish],
    array: [Function: bound array],
    promise: [Function: bound promise],
    or: [Function: bound or],
    and: [Function: bound and],
    transform: [Function: bound transform],
    brand: [Function: bound brand],
    default: [Function: bound default],
    catch: [Function: bound catch],
    describe: [Function: bound describe],
    pipe: [Function: bound pipe],
    readonly: [Function: bound readonly],
    isNullable: [Function: bound isNullable],
    isOptional: [Function: bound isOptional],
    '~standard': { version: 1, vendor: 'zod', validate: [Function: validate] },
    _cached: { shape: [Object], keys: [Array] },
    nonstrict: [Function: passthrough],
    augment: [Function: extend]
  },
  call: [AsyncFunction (anonymous)]
}
[2026-02-12T21:16:41.322+08:00] locateFields [ 'locate' ]
[2026-02-12T21:16:41.323+08:00] actionInActionSpace matched {
  name: 'Tap',
  description: 'Tap the element',
  interfaceAlias: 'aiTap',
  paramSchema: ZodObject {
    spa: [Function: bound safeParseAsync] AsyncFunction,
    _def: {
      shape: [Function: shape],
      unknownKeys: 'strip',
      catchall: [ZodNever],
      typeName: 'ZodObject'
    },
    parse: [Function: bound parse],
    safeParse: [Function: bound safeParse],
    parseAsync: [Function: bound parseAsync] AsyncFunction,
    safeParseAsync: [Function: bound safeParseAsync] AsyncFunction,
    refine: [Function: bound refine],
    refinement: [Function: bound refinement],
    superRefine: [Function: bound superRefine],
    optional: [Function: bound optional],
    nullable: [Function: bound nullable],
    nullish: [Function: bound nullish],
    array: [Function: bound array],
    promise: [Function: bound promise],
    or: [Function: bound or],
    and: [Function: bound and],
    transform: [Function: bound transform],
    brand: [Function: bound brand],
    default: [Function: bound default],
    catch: [Function: bound catch],
    describe: [Function: bound describe],
    pipe: [Function: bound pipe],
    readonly: [Function: bound readonly],
    isNullable: [Function: bound isNullable],
    isOptional: [Function: bound isOptional],
    '~standard': { version: 1, vendor: 'zod', validate: [Function: validate] },
    _cached: { shape: [Object], keys: [Array] },
    nonstrict: [Function: passthrough],
    augment: [Function: extend]
  },
  call: [AsyncFunction (anonymous)]
}
[2026-02-12T21:16:41.323+08:00] locateFields [ 'locate' ]
[2026-02-12T21:16:49.149+08:00] actionInActionSpace matched {
  name: 'Tap',
  description: 'Tap the element',
  interfaceAlias: 'aiTap',
  paramSchema: ZodObject {
    spa: [Function: bound safeParseAsync] AsyncFunction,
    _def: {
      shape: [Function: shape],
      unknownKeys: 'strip',
      catchall: [ZodNever],
      typeName: 'ZodObject'
    },
    parse: [Function: bound parse],
    safeParse: [Function: bound safeParse],
    parseAsync: [Function: bound parseAsync] AsyncFunction,
    safeParseAsync: [Function: bound safeParseAsync] AsyncFunction,
    refine: [Function: bound refine],
    refinement: [Function: bound refinement],
    superRefine: [Function: bound superRefine],
    optional: [Function: bound optional],
    nullable: [Function: bound nullable],
    nullish: [Function: bound nullish],
    array: [Function: bound array],
    promise: [Function: bound promise],
    or: [Function: bound or],
    and: [Function: bound and],
    transform: [Function: bound transform],
    brand: [Function: bound brand],
    default: [Function: bound default],
    catch: [Function: bound catch],
    describe: [Function: bound describe],
    pipe: [Function: bound pipe],
    readonly: [Function: bound readonly],
    isNullable: [Function: bound isNullable],
    isOptional: [Function: bound isOptional],
    '~standard': { version: 1, vendor: 'zod', validate: [Function: validate] },
    _cached: { shape: [Object], keys: [Array] },
    nonstrict: [Function: passthrough],
    augment: [Function: extend]
  },
  call: [AsyncFunction (anonymous)]
}
[2026-02-12T21:16:49.149+08:00] locateFields [ 'locate' ]
[2026-02-12T21:16:51.925+08:00] actionInActionSpace matched {
  name: 'Scroll',
  description: 'Scroll the page or an element. The direction to scroll, the scroll type, and the distance to scroll. The distance is the number of pixels to scroll. If not specified, use `down` direction, `once` scroll type, and `null` distance.',
  interfaceAlias: 'aiScroll',
  paramSchema: ZodObject {
    spa: [Function: bound safeParseAsync] AsyncFunction,
    _def: {
      shape: [Function: shape],
      unknownKeys: 'strip',
      catchall: [ZodNever],
      typeName: 'ZodObject'
    },
    parse: [Function: bound parse],
    safeParse: [Function: bound safeParse],
    parseAsync: [Function: bound parseAsync] AsyncFunction,
    safeParseAsync: [Function: bound safeParseAsync] AsyncFunction,
    refine: [Function: bound refine],
    refinement: [Function: bound refinement],
    superRefine: [Function: bound superRefine],
    optional: [Function: bound optional],
    nullable: [Function: bound nullable],
    nullish: [Function: bound nullish],
    array: [Function: bound array],
    promise: [Function: bound promise],
    or: [Function: bound or],
    and: [Function: bound and],
    transform: [Function: bound transform],
    brand: [Function: bound brand],
    default: [Function: bound default],
    catch: [Function: bound catch],
    describe: [Function: bound describe],
    pipe: [Function: bound pipe],
    readonly: [Function: bound readonly],
    isNullable: [Function: bound isNullable],
    isOptional: [Function: bound isOptional],
    '~standard': { version: 1, vendor: 'zod', validate: [Function: validate] },
    _cached: { shape: [Object], keys: [Array] },
    nonstrict: [Function: passthrough],
    augment: [Function: extend]
  },
  call: [AsyncFunction (anonymous)]
}
[2026-02-12T21:16:51.925+08:00] locateFields [ 'locate' ]
[2026-02-12T21:16:55.577+08:00] actionInActionSpace matched {
  name: 'Tap',
  description: 'Tap the element',
  interfaceAlias: 'aiTap',
  paramSchema: ZodObject {
    spa: [Function: bound safeParseAsync] AsyncFunction,
    _def: {
      shape: [Function: shape],
      unknownKeys: 'strip',
      catchall: [ZodNever],
      typeName: 'ZodObject'
    },
    parse: [Function: bound parse],
    safeParse: [Function: bound safeParse],
    parseAsync: [Function: bound parseAsync] AsyncFunction,
    safeParseAsync: [Function: bound safeParseAsync] AsyncFunction,
    refine: [Function: bound refine],
    refinement: [Function: bound refinement],
    superRefine: [Function: bound superRefine],
    optional: [Function: bound optional],
    nullable: [Function: bound nullable],
    nullish: [Function: bound nullish],
    array: [Function: bound array],
    promise: [Function: bound promise],
    or: [Function: bound or],
    and: [Function: bound and],
    transform: [Function: bound transform],
    brand: [Function: bound brand],
    default: [Function: bound default],
    catch: [Function: bound catch],
    describe: [Function: bound describe],
    pipe: [Function: bound pipe],
    readonly: [Function: bound readonly],
    isNullable: [Function: bound isNullable],
    isOptional: [Function: bound isOptional],
    '~standard': { version: 1, vendor: 'zod', validate: [Function: validate] },
    _cached: { shape: [Object], keys: [Array] },
    nonstrict: [Function: passthrough],
    augment: [Function: extend]
  },
  call: [AsyncFunction (anonymous)]
}
[2026-02-12T21:16:55.577+08:00] locateFields [ 'locate' ]
[2026-02-12T21:17:00.462+08:00] actionInActionSpace matched {
  name: 'Input',
  description: 'Input text into the input field',
  interfaceAlias: 'aiInput',
  paramSchema: ZodObject {
    spa: [Function: bound safeParseAsync] AsyncFunction,
    _def: {
      shape: [Function: shape],
      unknownKeys: 'strip',
      catchall: [ZodNever],
      typeName: 'ZodObject'
    },
    parse: [Function: bound parse],
    safeParse: [Function: bound safeParse],
    parseAsync: [Function: bound parseAsync] AsyncFunction,
    safeParseAsync: [Function: bound safeParseAsync] AsyncFunction,
    refine: [Function: bound refine],
    refinement: [Function: bound refinement],
    superRefine: [Function: bound superRefine],
    optional: [Function: bound optional],
    nullable: [Function: bound nullable],
    nullish: [Function: bound nullish],
    array: [Function: bound array],
    promise: [Function: bound promise],
    or: [Function: bound or],
    and: [Function: bound and],
    transform: [Function: bound transform],
    brand: [Function: bound brand],
    default: [Function: bound default],
    catch: [Function: bound catch],
    describe: [Function: bound describe],
    pipe: [Function: bound pipe],
    readonly: [Function: bound readonly],
    isNullable: [Function: bound isNullable],
    isOptional: [Function: bound isOptional],
    '~standard': { version: 1, vendor: 'zod', validate: [Function: validate] },
    _cached: null,
    nonstrict: [Function: passthrough],
    augment: [Function: extend]
  },
  call: [AsyncFunction: call]
}
[2026-02-12T21:17:00.463+08:00] locateFields [ 'locate' ]
[2026-02-12T21:17:00.650+08:00] goal completed via complete-goal tag, stop planning
[2026-02-12T21:17:01.018+08:00] actionInActionSpace matched {
  name: 'Scroll',
  description: 'Scroll the page or an element. The direction to scroll, the scroll type, and the distance to scroll. The distance is the number of pixels to scroll. If not specified, use `down` direction, `once` scroll type, and `null` distance.',
  interfaceAlias: 'aiScroll',
  paramSchema: ZodObject {
    spa: [Function: bound safeParseAsync] AsyncFunction,
    _def: {
      shape: [Function: shape],
      unknownKeys: 'strip',
      catchall: [ZodNever],
      typeName: 'ZodObject'
    },
    parse: [Function: bound parse],
    safeParse: [Function: bound safeParse],
    parseAsync: [Function: bound parseAsync] AsyncFunction,
    safeParseAsync: [Function: bound safeParseAsync] AsyncFunction,
    refine: [Function: bound refine],
    refinement: [Function: bound refinement],
    superRefine: [Function: bound superRefine],
    optional: [Function: bound optional],
    nullable: [Function: bound nullable],
    nullish: [Function: bound nullish],
    array: [Function: bound array],
    promise: [Function: bound promise],
    or: [Function: bound or],
    and: [Function: bound and],
    transform: [Function: bound transform],
    brand: [Function: bound brand],
    default: [Function: bound default],
    catch: [Function: bound catch],
    describe: [Function: bound describe],
    pipe: [Function: bound pipe],
    readonly: [Function: bound readonly],
    isNullable: [Function: bound isNullable],
    isOptional: [Function: bound isOptional],
    '~standard': { version: 1, vendor: 'zod', validate: [Function: validate] },
    _cached: { shape: [Object], keys: [Array] },
    nonstrict: [Function: passthrough],
    augment: [Function: extend]
  },
  call: [AsyncFunction (anonymous)]
}
[2026-02-12T21:17:01.018+08:00] locateFields [ 'locate' ]
[2026-02-12T21:17:09.869+08:00] goal completed via complete-goal tag, stop planning
[2026-02-12T21:17:10.872+08:00] actionInActionSpace matched {
  name: 'Scroll',
  description: 'Scroll the page or an element. The direction to scroll, the scroll type, and the distance to scroll. The distance is the number of pixels to scroll. If not specified, use `down` direction, `once` scroll type, and `null` distance.',
  interfaceAlias: 'aiScroll',
  paramSchema: ZodObject {
    spa: [Function: bound safeParseAsync] AsyncFunction,
    _def: {
      shape: [Function: shape],
      unknownKeys: 'strip',
      catchall: [ZodNever],
      typeName: 'ZodObject'
    },
    parse: [Function: bound parse],
    safeParse: [Function: bound safeParse],
    parseAsync: [Function: bound parseAsync] AsyncFunction,
    safeParseAsync: [Function: bound safeParseAsync] AsyncFunction,
    refine: [Function: bound refine],
    refinement: [Function: bound refinement],
    superRefine: [Function: bound superRefine],
    optional: [Function: bound optional],
    nullable: [Function: bound nullable],
    nullish: [Function: bound nullish],
    array: [Function: bound array],
    promise: [Function: bound promise],
    or: [Function: bound or],
    and: [Function: bound and],
    transform: [Function: bound transform],
    brand: [Function: bound brand],
    default: [Function: bound default],
    catch: [Function: bound catch],
    describe: [Function: bound describe],
    pipe: [Function: bound pipe],
    readonly: [Function: bound readonly],
    isNullable: [Function: bound isNullable],
    isOptional: [Function: bound isOptional],
    '~standard': { version: 1, vendor: 'zod', validate: [Function: validate] },
    _cached: { shape: [Object], keys: [Array] },
    nonstrict: [Function: passthrough],
    augment: [Function: extend]
  },
  call: [AsyncFunction (anonymous)]
}
[2026-02-12T21:17:10.872+08:00] locateFields [ 'locate' ]
[2026-02-12T21:17:20.672+08:00] actionInActionSpace matched {
  name: 'Scroll',
  description: 'Scroll the page or an element. The direction to scroll, the scroll type, and the distance to scroll. The distance is the number of pixels to scroll. If not specified, use `down` direction, `once` scroll type, and `null` distance.',
  interfaceAlias: 'aiScroll',
  paramSchema: ZodObject {
    spa: [Function: bound safeParseAsync] AsyncFunction,
    _def: {
      shape: [Function: shape],
      unknownKeys: 'strip',
      catchall: [ZodNever],
      typeName: 'ZodObject'
    },
    parse: [Function: bound parse],
    safeParse: [Function: bound safeParse],
    parseAsync: [Function: bound parseAsync] AsyncFunction,
    safeParseAsync: [Function: bound safeParseAsync] AsyncFunction,
    refine: [Function: bound refine],
    refinement: [Function: bound refinement],
    superRefine: [Function: bound superRefine],
    optional: [Function: bound optional],
    nullable: [Function: bound nullable],
    nullish: [Function: bound nullish],
    array: [Function: bound array],
    promise: [Function: bound promise],
    or: [Function: bound or],
    and: [Function: bound and],
    transform: [Function: bound transform],
    brand: [Function: bound brand],
    default: [Function: bound default],
    catch: [Function: bound catch],
    describe: [Function: bound describe],
    pipe: [Function: bound pipe],
    readonly: [Function: bound readonly],
    isNullable: [Function: bound isNullable],
    isOptional: [Function: bound isOptional],
    '~standard': { version: 1, vendor: 'zod', validate: [Function: validate] },
    _cached: { shape: [Object], keys: [Array] },
    nonstrict: [Function: passthrough],
    augment: [Function: extend]
  },
  call: [AsyncFunction (anonymous)]
}
[2026-02-12T21:17:20.672+08:00] locateFields [ 'locate' ]
[2026-02-12T21:17:23.801+08:00] actionInActionSpace matched {
  name: 'Tap',
  description: 'Tap the element',
  interfaceAlias: 'aiTap',
  paramSchema: ZodObject {
    spa: [Function: bound safeParseAsync] AsyncFunction,
    _def: {
      shape: [Function: shape],
      unknownKeys: 'strip',
      catchall: [ZodNever],
      typeName: 'ZodObject'
    },
    parse: [Function: bound parse],
    safeParse: [Function: bound safeParse],
    parseAsync: [Function: bound parseAsync] AsyncFunction,
    safeParseAsync: [Function: bound safeParseAsync] AsyncFunction,
    refine: [Function: bound refine],
    refinement: [Function: bound refinement],
    superRefine: [Function: bound superRefine],
    optional: [Function: bound optional],
    nullable: [Function: bound nullable],
    nullish: [Function: bound nullish],
    array: [Function: bound array],
    promise: [Function: bound promise],
    or: [Function: bound or],
    and: [Function: bound and],
    transform: [Function: bound transform],
    brand: [Function: bound brand],
    default: [Function: bound default],
    catch: [Function: bound catch],
    describe: [Function: bound describe],
    pipe: [Function: bound pipe],
    readonly: [Function: bound readonly],
    isNullable: [Function: bound isNullable],
    isOptional: [Function: bound isOptional],
    '~standard': { version: 1, vendor: 'zod', validate: [Function: validate] },
    _cached: { shape: [Object], keys: [Array] },
    nonstrict: [Function: passthrough],
    augment: [Function: extend]
  },
  call: [AsyncFunction (anonymous)]
}
[2026-02-12T21:17:23.801+08:00] locateFields [ 'locate' ]
[2026-02-12T21:17:28.995+08:00] goal completed via complete-goal tag, stop planning
[2026-02-12T21:17:30.292+08:00] actionInActionSpace matched {
  name: 'Scroll',
  description: 'Scroll the page or an element. The direction to scroll, the scroll type, and the distance to scroll. The distance is the number of pixels to scroll. If not specified, use `down` direction, `once` scroll type, and `null` distance.',
  interfaceAlias: 'aiScroll',
  paramSchema: ZodObject {
    spa: [Function: bound safeParseAsync] AsyncFunction,
    _def: {
      shape: [Function: shape],
      unknownKeys: 'strip',
      catchall: [ZodNever],
      typeName: 'ZodObject'
    },
    parse: [Function: bound parse],
    safeParse: [Function: bound safeParse],
    parseAsync: [Function: bound parseAsync] AsyncFunction,
    safeParseAsync: [Function: bound safeParseAsync] AsyncFunction,
    refine: [Function: bound refine],
    refinement: [Function: bound refinement],
    superRefine: [Function: bound superRefine],
    optional: [Function: bound optional],
    nullable: [Function: bound nullable],
    nullish: [Function: bound nullish],
    array: [Function: bound array],
    promise: [Function: bound promise],
    or: [Function: bound or],
    and: [Function: bound and],
    transform: [Function: bound transform],
    brand: [Function: bound brand],
    default: [Function: bound default],
    catch: [Function: bound catch],
    describe: [Function: bound describe],
    pipe: [Function: bound pipe],
    readonly: [Function: bound readonly],
    isNullable: [Function: bound isNullable],
    isOptional: [Function: bound isOptional],
    '~standard': { version: 1, vendor: 'zod', validate: [Function: validate] },
    _cached: { shape: [Object], keys: [Array] },
    nonstrict: [Function: passthrough],
    augment: [Function: extend]
  },
  call: [AsyncFunction (anonymous)]
}
[2026-02-12T21:17:30.292+08:00] locateFields [ 'locate' ]
[2026-02-12T21:17:38.550+08:00] actionInActionSpace matched {
  name: 'Scroll',
  description: 'Scroll the page or an element. The direction to scroll, the scroll type, and the distance to scroll. The distance is the number of pixels to scroll. If not specified, use `down` direction, `once` scroll type, and `null` distance.',
  interfaceAlias: 'aiScroll',
  paramSchema: ZodObject {
    spa: [Function: bound safeParseAsync] AsyncFunction,
    _def: {
      shape: [Function: shape],
      unknownKeys: 'strip',
      catchall: [ZodNever],
      typeName: 'ZodObject'
    },
    parse: [Function: bound parse],
    safeParse: [Function: bound safeParse],
    parseAsync: [Function: bound parseAsync] AsyncFunction,
    safeParseAsync: [Function: bound safeParseAsync] AsyncFunction,
    refine: [Function: bound refine],
    refinement: [Function: bound refinement],
    superRefine: [Function: bound superRefine],
    optional: [Function: bound optional],
    nullable: [Function: bound nullable],
    nullish: [Function: bound nullish],
    array: [Function: bound array],
    promise: [Function: bound promise],
    or: [Function: bound or],
    and: [Function: bound and],
    transform: [Function: bound transform],
    brand: [Function: bound brand],
    default: [Function: bound default],
    catch: [Function: bound catch],
    describe: [Function: bound describe],
    pipe: [Function: bound pipe],
    readonly: [Function: bound readonly],
    isNullable: [Function: bound isNullable],
    isOptional: [Function: bound isOptional],
    '~standard': { version: 1, vendor: 'zod', validate: [Function: validate] },
    _cached: { shape: [Object], keys: [Array] },
    nonstrict: [Function: passthrough],
    augment: [Function: extend]
  },
  call: [AsyncFunction (anonymous)]
}
[2026-02-12T21:17:38.550+08:00] locateFields [ 'locate' ]
[2026-02-12T21:17:44.877+08:00] actionInActionSpace matched {
  name: 'Tap',
  description: 'Tap the element',
  interfaceAlias: 'aiTap',
  paramSchema: ZodObject {
    spa: [Function: bound safeParseAsync] AsyncFunction,
    _def: {
      shape: [Function: shape],
      unknownKeys: 'strip',
      catchall: [ZodNever],
      typeName: 'ZodObject'
    },
    parse: [Function: bound parse],
    safeParse: [Function: bound safeParse],
    parseAsync: [Function: bound parseAsync] AsyncFunction,
    safeParseAsync: [Function: bound safeParseAsync] AsyncFunction,
    refine: [Function: bound refine],
    refinement: [Function: bound refinement],
    superRefine: [Function: bound superRefine],
    optional: [Function: bound optional],
    nullable: [Function: bound nullable],
    nullish: [Function: bound nullish],
    array: [Function: bound array],
    promise: [Function: bound promise],
    or: [Function: bound or],
    and: [Function: bound and],
    transform: [Function: bound transform],
    brand: [Function: bound brand],
    default: [Function: bound default],
    catch: [Function: bound catch],
    describe: [Function: bound describe],
    pipe: [Function: bound pipe],
    readonly: [Function: bound readonly],
    isNullable: [Function: bound isNullable],
    isOptional: [Function: bound isOptional],
    '~standard': { version: 1, vendor: 'zod', validate: [Function: validate] },
    _cached: { shape: [Object], keys: [Array] },
    nonstrict: [Function: passthrough],
    augment: [Function: extend]
  },
  call: [AsyncFunction (anonymous)]
}
[2026-02-12T21:17:44.878+08:00] locateFields [ 'locate' ]
[2026-02-12T21:17:51.074+08:00] actionInActionSpace matched {
  name: 'Tap',
  description: 'Tap the element',
  interfaceAlias: 'aiTap',
  paramSchema: ZodObject {
    spa: [Function: bound safeParseAsync] AsyncFunction,
    _def: {
      shape: [Function: shape],
      unknownKeys: 'strip',
      catchall: [ZodNever],
      typeName: 'ZodObject'
    },
    parse: [Function: bound parse],
    safeParse: [Function: bound safeParse],
    parseAsync: [Function: bound parseAsync] AsyncFunction,
    safeParseAsync: [Function: bound safeParseAsync] AsyncFunction,
    refine: [Function: bound refine],
    refinement: [Function: bound refinement],
    superRefine: [Function: bound superRefine],
    optional: [Function: bound optional],
    nullable: [Function: bound nullable],
    nullish: [Function: bound nullish],
    array: [Function: bound array],
    promise: [Function: bound promise],
    or: [Function: bound or],
    and: [Function: bound and],
    transform: [Function: bound transform],
    brand: [Function: bound brand],
    default: [Function: bound default],
    catch: [Function: bound catch],
    describe: [Function: bound describe],
    pipe: [Function: bound pipe],
    readonly: [Function: bound readonly],
    isNullable: [Function: bound isNullable],
    isOptional: [Function: bound isOptional],
    '~standard': { version: 1, vendor: 'zod', validate: [Function: validate] },
    _cached: { shape: [Object], keys: [Array] },
    nonstrict: [Function: passthrough],
    augment: [Function: extend]
  },
  call: [AsyncFunction (anonymous)]
}
[2026-02-12T21:17:51.074+08:00] locateFields [ 'locate' ]
[2026-02-12T21:17:51.655+08:00] actionInActionSpace matched {
  name: 'Scroll',
  description: 'Scroll the page or an element. The direction to scroll, the scroll type, and the distance to scroll. The distance is the number of pixels to scroll. If not specified, use `down` direction, `once` scroll type, and `null` distance.',
  interfaceAlias: 'aiScroll',
  paramSchema: ZodObject {
    spa: [Function: bound safeParseAsync] AsyncFunction,
    _def: {
      shape: [Function: shape],
      unknownKeys: 'strip',
      catchall: [ZodNever],
      typeName: 'ZodObject'
    },
    parse: [Function: bound parse],
    safeParse: [Function: bound safeParse],
    parseAsync: [Function: bound parseAsync] AsyncFunction,
    safeParseAsync: [Function: bound safeParseAsync] AsyncFunction,
    refine: [Function: bound refine],
    refinement: [Function: bound refinement],
    superRefine: [Function: bound superRefine],
    optional: [Function: bound optional],
    nullable: [Function: bound nullable],
    nullish: [Function: bound nullish],
    array: [Function: bound array],
    promise: [Function: bound promise],
    or: [Function: bound or],
    and: [Function: bound and],
    transform: [Function: bound transform],
    brand: [Function: bound brand],
    default: [Function: bound default],
    catch: [Function: bound catch],
    describe: [Function: bound describe],
    pipe: [Function: bound pipe],
    readonly: [Function: bound readonly],
    isNullable: [Function: bound isNullable],
    isOptional: [Function: bound isOptional],
    '~standard': { version: 1, vendor: 'zod', validate: [Function: validate] },
    _cached: { shape: [Object], keys: [Array] },
    nonstrict: [Function: passthrough],
    augment: [Function: extend]
  },
  call: [AsyncFunction (anonymous)]
}
[2026-02-12T21:17:51.655+08:00] locateFields [ 'locate' ]
[2026-02-12T21:17:57.278+08:00] actionInActionSpace matched {
  name: 'Tap',
  description: 'Tap the element',
  interfaceAlias: 'aiTap',
  paramSchema: ZodObject {
    spa: [Function: bound safeParseAsync] AsyncFunction,
    _def: {
      shape: [Function: shape],
      unknownKeys: 'strip',
      catchall: [ZodNever],
      typeName: 'ZodObject'
    },
    parse: [Function: bound parse],
    safeParse: [Function: bound safeParse],
    parseAsync: [Function: bound parseAsync] AsyncFunction,
    safeParseAsync: [Function: bound safeParseAsync] AsyncFunction,
    refine: [Function: bound refine],
    refinement: [Function: bound refinement],
    superRefine: [Function: bound superRefine],
    optional: [Function: bound optional],
    nullable: [Function: bound nullable],
    nullish: [Function: bound nullish],
    array: [Function: bound array],
    promise: [Function: bound promise],
    or: [Function: bound or],
    and: [Function: bound and],
    transform: [Function: bound transform],
    brand: [Function: bound brand],
    default: [Function: bound default],
    catch: [Function: bound catch],
    describe: [Function: bound describe],
    pipe: [Function: bound pipe],
    readonly: [Function: bound readonly],
    isNullable: [Function: bound isNullable],
    isOptional: [Function: bound isOptional],
    '~standard': { version: 1, vendor: 'zod', validate: [Function: validate] },
    _cached: { shape: [Object], keys: [Array] },
    nonstrict: [Function: passthrough],
    augment: [Function: extend]
  },
  call: [AsyncFunction (anonymous)]
}
[2026-02-12T21:17:57.278+08:00] locateFields [ 'locate' ]
[2026-02-12T21:18:00.283+08:00] actionInActionSpace matched {
  name: 'Scroll',
  description: 'Scroll the page or an element. The direction to scroll, the scroll type, and the distance to scroll. The distance is the number of pixels to scroll. If not specified, use `down` direction, `once` scroll type, and `null` distance.',
  interfaceAlias: 'aiScroll',
  paramSchema: ZodObject {
    spa: [Function: bound safeParseAsync] AsyncFunction,
    _def: {
      shape: [Function: shape],
      unknownKeys: 'strip',
      catchall: [ZodNever],
      typeName: 'ZodObject'
    },
    parse: [Function: bound parse],
    safeParse: [Function: bound safeParse],
    parseAsync: [Function: bound parseAsync] AsyncFunction,
    safeParseAsync: [Function: bound safeParseAsync] AsyncFunction,
    refine: [Function: bound refine],
    refinement: [Function: bound refinement],
    superRefine: [Function: bound superRefine],
    optional: [Function: bound optional],
    nullable: [Function: bound nullable],
    nullish: [Function: bound nullish],
    array: [Function: bound array],
    promise: [Function: bound promise],
    or: [Function: bound or],
    and: [Function: bound and],
    transform: [Function: bound transform],
    brand: [Function: bound brand],
    default: [Function: bound default],
    catch: [Function: bound catch],
    describe: [Function: bound describe],
    pipe: [Function: bound pipe],
    readonly: [Function: bound readonly],
    isNullable: [Function: bound isNullable],
    isOptional: [Function: bound isOptional],
    '~standard': { version: 1, vendor: 'zod', validate: [Function: validate] },
    _cached: { shape: [Object], keys: [Array] },
    nonstrict: [Function: passthrough],
    augment: [Function: extend]
  },
  call: [AsyncFunction (anonymous)]
}
[2026-02-12T21:18:00.283+08:00] locateFields [ 'locate' ]
[2026-02-12T21:18:03.227+08:00] actionInActionSpace matched {
  name: 'Tap',
  description: 'Tap the element',
  interfaceAlias: 'aiTap',
  paramSchema: ZodObject {
    spa: [Function: bound safeParseAsync] AsyncFunction,
    _def: {
      shape: [Function: shape],
      unknownKeys: 'strip',
      catchall: [ZodNever],
      typeName: 'ZodObject'
    },
    parse: [Function: bound parse],
    safeParse: [Function: bound safeParse],
    parseAsync: [Function: bound parseAsync] AsyncFunction,
    safeParseAsync: [Function: bound safeParseAsync] AsyncFunction,
    refine: [Function: bound refine],
    refinement: [Function: bound refinement],
    superRefine: [Function: bound superRefine],
    optional: [Function: bound optional],
    nullable: [Function: bound nullable],
    nullish: [Function: bound nullish],
    array: [Function: bound array],
    promise: [Function: bound promise],
    or: [Function: bound or],
    and: [Function: bound and],
    transform: [Function: bound transform],
    brand: [Function: bound brand],
    default: [Function: bound default],
    catch: [Function: bound catch],
    describe: [Function: bound describe],
    pipe: [Function: bound pipe],
    readonly: [Function: bound readonly],
    isNullable: [Function: bound isNullable],
    isOptional: [Function: bound isOptional],
    '~standard': { version: 1, vendor: 'zod', validate: [Function: validate] },
    _cached: { shape: [Object], keys: [Array] },
    nonstrict: [Function: passthrough],
    augment: [Function: extend]
  },
  call: [AsyncFunction (anonymous)]
}
[2026-02-12T21:18:03.227+08:00] locateFields [ 'locate' ]
[2026-02-12T21:18:09.532+08:00] actionInActionSpace matched {
  name: 'Tap',
  description: 'Tap the element',
  interfaceAlias: 'aiTap',
  paramSchema: ZodObject {
    spa: [Function: bound safeParseAsync] AsyncFunction,
    _def: {
      shape: [Function: shape],
      unknownKeys: 'strip',
      catchall: [ZodNever],
      typeName: 'ZodObject'
    },
    parse: [Function: bound parse],
    safeParse: [Function: bound safeParse],
    parseAsync: [Function: bound parseAsync] AsyncFunction,
    safeParseAsync: [Function: bound safeParseAsync] AsyncFunction,
    refine: [Function: bound refine],
    refinement: [Function: bound refinement],
    superRefine: [Function: bound superRefine],
    optional: [Function: bound optional],
    nullable: [Function: bound nullable],
    nullish: [Function: bound nullish],
    array: [Function: bound array],
    promise: [Function: bound promise],
    or: [Function: bound or],
    and: [Function: bound and],
    transform: [Function: bound transform],
    brand: [Function: bound brand],
    default: [Function: bound default],
    catch: [Function: bound catch],
    describe: [Function: bound describe],
    pipe: [Function: bound pipe],
    readonly: [Function: bound readonly],
    isNullable: [Function: bound isNullable],
    isOptional: [Function: bound isOptional],
    '~standard': { version: 1, vendor: 'zod', validate: [Function: validate] },
    _cached: { shape: [Object], keys: [Array] },
    nonstrict: [Function: passthrough],
    augment: [Function: extend]
  },
  call: [AsyncFunction (anonymous)]
}
[2026-02-12T21:18:09.532+08:00] locateFields [ 'locate' ]
[2026-02-12T21:18:19.316+08:00] actionInActionSpace matched {
  name: 'Tap',
  description: 'Tap the element',
  interfaceAlias: 'aiTap',
  paramSchema: ZodObject {
    spa: [Function: bound safeParseAsync] AsyncFunction,
    _def: {
      shape: [Function: shape],
      unknownKeys: 'strip',
      catchall: [ZodNever],
      typeName: 'ZodObject'
    },
    parse: [Function: bound parse],
    safeParse: [Function: bound safeParse],
    parseAsync: [Function: bound parseAsync] AsyncFunction,
    safeParseAsync: [Function: bound safeParseAsync] AsyncFunction,
    refine: [Function: bound refine],
    refinement: [Function: bound refinement],
    superRefine: [Function: bound superRefine],
    optional: [Function: bound optional],
    nullable: [Function: bound nullable],
    nullish: [Function: bound nullish],
    array: [Function: bound array],
    promise: [Function: bound promise],
    or: [Function: bound or],
    and: [Function: bound and],
    transform: [Function: bound transform],
    brand: [Function: bound brand],
    default: [Function: bound default],
    catch: [Function: bound catch],
    describe: [Function: bound describe],
    pipe: [Function: bound pipe],
    readonly: [Function: bound readonly],
    isNullable: [Function: bound isNullable],
    isOptional: [Function: bound isOptional],
    '~standard': { version: 1, vendor: 'zod', validate: [Function: validate] },
    _cached: { shape: [Object], keys: [Array] },
    nonstrict: [Function: passthrough],
    augment: [Function: extend]
  },
  call: [AsyncFunction (anonymous)]
}
[2026-02-12T21:18:19.316+08:00] locateFields [ 'locate' ]
[2026-02-12T21:18:25.975+08:00] actionInActionSpace matched {
  name: 'Tap',
  description: 'Tap the element',
  interfaceAlias: 'aiTap',
  paramSchema: ZodObject {
    spa: [Function: bound safeParseAsync] AsyncFunction,
    _def: {
      shape: [Function: shape],
      unknownKeys: 'strip',
      catchall: [ZodNever],
      typeName: 'ZodObject'
    },
    parse: [Function: bound parse],
    safeParse: [Function: bound safeParse],
    parseAsync: [Function: bound parseAsync] AsyncFunction,
    safeParseAsync: [Function: bound safeParseAsync] AsyncFunction,
    refine: [Function: bound refine],
    refinement: [Function: bound refinement],
    superRefine: [Function: bound superRefine],
    optional: [Function: bound optional],
    nullable: [Function: bound nullable],
    nullish: [Function: bound nullish],
    array: [Function: bound array],
    promise: [Function: bound promise],
    or: [Function: bound or],
    and: [Function: bound and],
    transform: [Function: bound transform],
    brand: [Function: bound brand],
    default: [Function: bound default],
    catch: [Function: bound catch],
    describe: [Function: bound describe],
    pipe: [Function: bound pipe],
    readonly: [Function: bound readonly],
    isNullable: [Function: bound isNullable],
    isOptional: [Function: bound isOptional],
    '~standard': { version: 1, vendor: 'zod', validate: [Function: validate] },
    _cached: { shape: [Object], keys: [Array] },
    nonstrict: [Function: passthrough],
    augment: [Function: extend]
  },
  call: [AsyncFunction (anonymous)]
}
[2026-02-12T21:18:25.976+08:00] locateFields [ 'locate' ]
[2026-02-12T21:18:32.662+08:00] actionInActionSpace matched {
  name: 'Tap',
  description: 'Tap the element',
  interfaceAlias: 'aiTap',
  paramSchema: ZodObject {
    spa: [Function: bound safeParseAsync] AsyncFunction,
    _def: {
      shape: [Function: shape],
      unknownKeys: 'strip',
      catchall: [ZodNever],
      typeName: 'ZodObject'
    },
    parse: [Function: bound parse],
    safeParse: [Function: bound safeParse],
    parseAsync: [Function: bound parseAsync] AsyncFunction,
    safeParseAsync: [Function: bound safeParseAsync] AsyncFunction,
    refine: [Function: bound refine],
    refinement: [Function: bound refinement],
    superRefine: [Function: bound superRefine],
    optional: [Function: bound optional],
    nullable: [Function: bound nullable],
    nullish: [Function: bound nullish],
    array: [Function: bound array],
    promise: [Function: bound promise],
    or: [Function: bound or],
    and: [Function: bound and],
    transform: [Function: bound transform],
    brand: [Function: bound brand],
    default: [Function: bound default],
    catch: [Function: bound catch],
    describe: [Function: bound describe],
    pipe: [Function: bound pipe],
    readonly: [Function: bound readonly],
    isNullable: [Function: bound isNullable],
    isOptional: [Function: bound isOptional],
    '~standard': { version: 1, vendor: 'zod', validate: [Function: validate] },
    _cached: { shape: [Object], keys: [Array] },
    nonstrict: [Function: passthrough],
    augment: [Function: extend]
  },
  call: [AsyncFunction (anonymous)]
}
[2026-02-12T21:18:32.662+08:00] locateFields [ 'locate' ]
[2026-02-12T21:18:38.771+08:00] actionInActionSpace matched {
  name: 'Tap',
  description: 'Tap the element',
  interfaceAlias: 'aiTap',
  paramSchema: ZodObject {
    spa: [Function: bound safeParseAsync] AsyncFunction,
    _def: {
      shape: [Function: shape],
      unknownKeys: 'strip',
      catchall: [ZodNever],
      typeName: 'ZodObject'
    },
    parse: [Function: bound parse],
    safeParse: [Function: bound safeParse],
    parseAsync: [Function: bound parseAsync] AsyncFunction,
    safeParseAsync: [Function: bound safeParseAsync] AsyncFunction,
    refine: [Function: bound refine],
    refinement: [Function: bound refinement],
    superRefine: [Function: bound superRefine],
    optional: [Function: bound optional],
    nullable: [Function: bound nullable],
    nullish: [Function: bound nullish],
    array: [Function: bound array],
    promise: [Function: bound promise],
    or: [Function: bound or],
    and: [Function: bound and],
    transform: [Function: bound transform],
    brand: [Function: bound brand],
    default: [Function: bound default],
    catch: [Function: bound catch],
    describe: [Function: bound describe],
    pipe: [Function: bound pipe],
    readonly: [Function: bound readonly],
    isNullable: [Function: bound isNullable],
    isOptional: [Function: bound isOptional],
    '~standard': { version: 1, vendor: 'zod', validate: [Function: validate] },
    _cached: { shape: [Object], keys: [Array] },
    nonstrict: [Function: passthrough],
    augment: [Function: extend]
  },
  call: [AsyncFunction (anonymous)]
}
[2026-02-12T21:18:38.771+08:00] locateFields [ 'locate' ]
[2026-02-12T21:18:44.737+08:00] actionInActionSpace matched {
  name: 'Tap',
  description: 'Tap the element',
  interfaceAlias: 'aiTap',
  paramSchema: ZodObject {
    spa: [Function: bound safeParseAsync] AsyncFunction,
    _def: {
      shape: [Function: shape],
      unknownKeys: 'strip',
      catchall: [ZodNever],
      typeName: 'ZodObject'
    },
    parse: [Function: bound parse],
    safeParse: [Function: bound safeParse],
    parseAsync: [Function: bound parseAsync] AsyncFunction,
    safeParseAsync: [Function: bound safeParseAsync] AsyncFunction,
    refine: [Function: bound refine],
    refinement: [Function: bound refinement],
    superRefine: [Function: bound superRefine],
    optional: [Function: bound optional],
    nullable: [Function: bound nullable],
    nullish: [Function: bound nullish],
    array: [Function: bound array],
    promise: [Function: bound promise],
    or: [Function: bound or],
    and: [Function: bound and],
    transform: [Function: bound transform],
    brand: [Function: bound brand],
    default: [Function: bound default],
    catch: [Function: bound catch],
    describe: [Function: bound describe],
    pipe: [Function: bound pipe],
    readonly: [Function: bound readonly],
    isNullable: [Function: bound isNullable],
    isOptional: [Function: bound isOptional],
    '~standard': { version: 1, vendor: 'zod', validate: [Function: validate] },
    _cached: { shape: [Object], keys: [Array] },
    nonstrict: [Function: passthrough],
    augment: [Function: extend]
  },
  call: [AsyncFunction (anonymous)]
}
[2026-02-12T21:18:44.737+08:00] locateFields [ 'locate' ]
[2026-02-12T21:18:50.347+08:00] actionInActionSpace matched {
  name: 'Tap',
  description: 'Tap the element',
  interfaceAlias: 'aiTap',
  paramSchema: ZodObject {
    spa: [Function: bound safeParseAsync] AsyncFunction,
    _def: {
      shape: [Function: shape],
      unknownKeys: 'strip',
      catchall: [ZodNever],
      typeName: 'ZodObject'
    },
    parse: [Function: bound parse],
    safeParse: [Function: bound safeParse],
    parseAsync: [Function: bound parseAsync] AsyncFunction,
    safeParseAsync: [Function: bound safeParseAsync] AsyncFunction,
    refine: [Function: bound refine],
    refinement: [Function: bound refinement],
    superRefine: [Function: bound superRefine],
    optional: [Function: bound optional],
    nullable: [Function: bound nullable],
    nullish: [Function: bound nullish],
    array: [Function: bound array],
    promise: [Function: bound promise],
    or: [Function: bound or],
    and: [Function: bound and],
    transform: [Function: bound transform],
    brand: [Function: bound brand],
    default: [Function: bound default],
    catch: [Function: bound catch],
    describe: [Function: bound describe],
    pipe: [Function: bound pipe],
    readonly: [Function: bound readonly],
    isNullable: [Function: bound isNullable],
    isOptional: [Function: bound isOptional],
    '~standard': { version: 1, vendor: 'zod', validate: [Function: validate] },
    _cached: { shape: [Object], keys: [Array] },
    nonstrict: [Function: passthrough],
    augment: [Function: extend]
  },
  call: [AsyncFunction (anonymous)]
}
[2026-02-12T21:18:50.347+08:00] locateFields [ 'locate' ]
[2026-02-12T21:18:53.066+08:00] actionInActionSpace matched {
  name: 'Sleep',
  description: 'Wait for a specified duration before continuing. Defaults to 1 second (1000ms) if not specified.',
  paramSchema: ZodObject {
    spa: [Function: bound safeParseAsync] AsyncFunction,
    _def: {
      shape: [Function: shape],
      unknownKeys: 'strip',
      catchall: [ZodNever],
      typeName: 'ZodObject'
    },
    parse: [Function: bound parse],
    safeParse: [Function: bound safeParse],
    parseAsync: [Function: bound parseAsync] AsyncFunction,
    safeParseAsync: [Function: bound safeParseAsync] AsyncFunction,
    refine: [Function: bound refine],
    refinement: [Function: bound refinement],
    superRefine: [Function: bound superRefine],
    optional: [Function: bound optional],
    nullable: [Function: bound nullable],
    nullish: [Function: bound nullish],
    array: [Function: bound array],
    promise: [Function: bound promise],
    or: [Function: bound or],
    and: [Function: bound and],
    transform: [Function: bound transform],
    brand: [Function: bound brand],
    default: [Function: bound default],
    catch: [Function: bound catch],
    describe: [Function: bound describe],
    pipe: [Function: bound pipe],
    readonly: [Function: bound readonly],
    isNullable: [Function: bound isNullable],
    isOptional: [Function: bound isOptional],
    '~standard': { version: 1, vendor: 'zod', validate: [Function: validate] },
    _cached: null,
    nonstrict: [Function: passthrough],
    augment: [Function: extend]
  },
  call: [AsyncFunction: call]
}
[2026-02-12T21:18:53.066+08:00] locateFields []
[2026-02-12T21:18:54.963+08:00] goal completed via complete-goal tag, stop planning
[2026-02-12T21:19:01.110+08:00] goal completed via complete-goal tag, stop planning
[2026-02-12T21:19:40.669+08:00] actionInActionSpace matched {
  name: 'Tap',
  description: 'Tap the element',
  interfaceAlias: 'aiTap',
  paramSchema: ZodObject {
    spa: [Function: bound safeParseAsync] AsyncFunction,
    _def: {
      shape: [Function: shape],
      unknownKeys: 'strip',
      catchall: [ZodNever],
      typeName: 'ZodObject'
    },
    parse: [Function: bound parse],
    safeParse: [Function: bound safeParse],
    parseAsync: [Function: bound parseAsync] AsyncFunction,
    safeParseAsync: [Function: bound safeParseAsync] AsyncFunction,
    refine: [Function: bound refine],
    refinement: [Function: bound refinement],
    superRefine: [Function: bound superRefine],
    optional: [Function: bound optional],
    nullable: [Function: bound nullable],
    nullish: [Function: bound nullish],
    array: [Function: bound array],
    promise: [Function: bound promise],
    or: [Function: bound or],
    and: [Function: bound and],
    transform: [Function: bound transform],
    brand: [Function: bound brand],
    default: [Function: bound default],
    catch: [Function: bound catch],
    describe: [Function: bound describe],
    pipe: [Function: bound pipe],
    readonly: [Function: bound readonly],
    isNullable: [Function: bound isNullable],
    isOptional: [Function: bound isOptional],
    '~standard': { version: 1, vendor: 'zod', validate: [Function: validate] },
    _cached: { shape: [Object], keys: [Array] },
    nonstrict: [Function: passthrough],
    augment: [Function: extend]
  },
  call: [AsyncFunction (anonymous)]
}
[2026-02-12T21:19:40.669+08:00] locateFields [ 'locate' ]
[2026-02-12T21:19:46.920+08:00] actionInActionSpace matched {
  name: 'Tap',
  description: 'Tap the element',
  interfaceAlias: 'aiTap',
  paramSchema: ZodObject {
    spa: [Function: bound safeParseAsync] AsyncFunction,
    _def: {
      shape: [Function: shape],
      unknownKeys: 'strip',
      catchall: [ZodNever],
      typeName: 'ZodObject'
    },
    parse: [Function: bound parse],
    safeParse: [Function: bound safeParse],
    parseAsync: [Function: bound parseAsync] AsyncFunction,
    safeParseAsync: [Function: bound safeParseAsync] AsyncFunction,
    refine: [Function: bound refine],
    refinement: [Function: bound refinement],
    superRefine: [Function: bound superRefine],
    optional: [Function: bound optional],
    nullable: [Function: bound nullable],
    nullish: [Function: bound nullish],
    array: [Function: bound array],
    promise: [Function: bound promise],
    or: [Function: bound or],
    and: [Function: bound and],
    transform: [Function: bound transform],
    brand: [Function: bound brand],
    default: [Function: bound default],
    catch: [Function: bound catch],
    describe: [Function: bound describe],
    pipe: [Function: bound pipe],
    readonly: [Function: bound readonly],
    isNullable: [Function: bound isNullable],
    isOptional: [Function: bound isOptional],
    '~standard': { version: 1, vendor: 'zod', validate: [Function: validate] },
    _cached: { shape: [Object], keys: [Array] },
    nonstrict: [Function: passthrough],
    augment: [Function: extend]
  },
  call: [AsyncFunction (anonymous)]
}
[2026-02-12T21:19:46.920+08:00] locateFields [ 'locate' ]
[2026-02-12T21:19:53.164+08:00] actionInActionSpace matched {
  name: 'Tap',
  description: 'Tap the element',
  interfaceAlias: 'aiTap',
  paramSchema: ZodObject {
    spa: [Function: bound safeParseAsync] AsyncFunction,
    _def: {
      shape: [Function: shape],
      unknownKeys: 'strip',
      catchall: [ZodNever],
      typeName: 'ZodObject'
    },
    parse: [Function: bound parse],
    safeParse: [Function: bound safeParse],
    parseAsync: [Function: bound parseAsync] AsyncFunction,
    safeParseAsync: [Function: bound safeParseAsync] AsyncFunction,
    refine: [Function: bound refine],
    refinement: [Function: bound refinement],
    superRefine: [Function: bound superRefine],
    optional: [Function: bound optional],
    nullable: [Function: bound nullable],
    nullish: [Function: bound nullish],
    array: [Function: bound array],
    promise: [Function: bound promise],
    or: [Function: bound or],
    and: [Function: bound and],
    transform: [Function: bound transform],
    brand: [Function: bound brand],
    default: [Function: bound default],
    catch: [Function: bound catch],
    describe: [Function: bound describe],
    pipe: [Function: bound pipe],
    readonly: [Function: bound readonly],
    isNullable: [Function: bound isNullable],
    isOptional: [Function: bound isOptional],
    '~standard': { version: 1, vendor: 'zod', validate: [Function: validate] },
    _cached: { shape: [Object], keys: [Array] },
    nonstrict: [Function: passthrough],
    augment: [Function: extend]
  },
  call: [AsyncFunction (anonymous)]
}
[2026-02-12T21:19:53.164+08:00] locateFields [ 'locate' ]
[2026-02-12T21:19:59.253+08:00] actionInActionSpace matched {
  name: 'Tap',
  description: 'Tap the element',
  interfaceAlias: 'aiTap',
  paramSchema: ZodObject {
    spa: [Function: bound safeParseAsync] AsyncFunction,
    _def: {
      shape: [Function: shape],
      unknownKeys: 'strip',
      catchall: [ZodNever],
      typeName: 'ZodObject'
    },
    parse: [Function: bound parse],
    safeParse: [Function: bound safeParse],
    parseAsync: [Function: bound parseAsync] AsyncFunction,
    safeParseAsync: [Function: bound safeParseAsync] AsyncFunction,
    refine: [Function: bound refine],
    refinement: [Function: bound refinement],
    superRefine: [Function: bound superRefine],
    optional: [Function: bound optional],
    nullable: [Function: bound nullable],
    nullish: [Function: bound nullish],
    array: [Function: bound array],
    promise: [Function: bound promise],
    or: [Function: bound or],
    and: [Function: bound and],
    transform: [Function: bound transform],
    brand: [Function: bound brand],
    default: [Function: bound default],
    catch: [Function: bound catch],
    describe: [Function: bound describe],
    pipe: [Function: bound pipe],
    readonly: [Function: bound readonly],
    isNullable: [Function: bound isNullable],
    isOptional: [Function: bound isOptional],
    '~standard': { version: 1, vendor: 'zod', validate: [Function: validate] },
    _cached: { shape: [Object], keys: [Array] },
    nonstrict: [Function: passthrough],
    augment: [Function: extend]
  },
  call: [AsyncFunction (anonymous)]
}
[2026-02-12T21:19:59.253+08:00] locateFields [ 'locate' ]
[2026-02-12T21:20:05.604+08:00] actionInActionSpace matched {
  name: 'Tap',
  description: 'Tap the element',
  interfaceAlias: 'aiTap',
  paramSchema: ZodObject {
    spa: [Function: bound safeParseAsync] AsyncFunction,
    _def: {
      shape: [Function: shape],
      unknownKeys: 'strip',
      catchall: [ZodNever],
      typeName: 'ZodObject'
    },
    parse: [Function: bound parse],
    safeParse: [Function: bound safeParse],
    parseAsync: [Function: bound parseAsync] AsyncFunction,
    safeParseAsync: [Function: bound safeParseAsync] AsyncFunction,
    refine: [Function: bound refine],
    refinement: [Function: bound refinement],
    superRefine: [Function: bound superRefine],
    optional: [Function: bound optional],
    nullable: [Function: bound nullable],
    nullish: [Function: bound nullish],
    array: [Function: bound array],
    promise: [Function: bound promise],
    or: [Function: bound or],
    and: [Function: bound and],
    transform: [Function: bound transform],
    brand: [Function: bound brand],
    default: [Function: bound default],
    catch: [Function: bound catch],
    describe: [Function: bound describe],
    pipe: [Function: bound pipe],
    readonly: [Function: bound readonly],
    isNullable: [Function: bound isNullable],
    isOptional: [Function: bound isOptional],
    '~standard': { version: 1, vendor: 'zod', validate: [Function: validate] },
    _cached: { shape: [Object], keys: [Array] },
    nonstrict: [Function: passthrough],
    augment: [Function: extend]
  },
  call: [AsyncFunction (anonymous)]
}
[2026-02-12T21:20:05.605+08:00] locateFields [ 'locate' ]
[2026-02-12T21:20:11.337+08:00] actionInActionSpace matched {
  name: 'Tap',
  description: 'Tap the element',
  interfaceAlias: 'aiTap',
  paramSchema: ZodObject {
    spa: [Function: bound safeParseAsync] AsyncFunction,
    _def: {
      shape: [Function: shape],
      unknownKeys: 'strip',
      catchall: [ZodNever],
      typeName: 'ZodObject'
    },
    parse: [Function: bound parse],
    safeParse: [Function: bound safeParse],
    parseAsync: [Function: bound parseAsync] AsyncFunction,
    safeParseAsync: [Function: bound safeParseAsync] AsyncFunction,
    refine: [Function: bound refine],
    refinement: [Function: bound refinement],
    superRefine: [Function: bound superRefine],
    optional: [Function: bound optional],
    nullable: [Function: bound nullable],
    nullish: [Function: bound nullish],
    array: [Function: bound array],
    promise: [Function: bound promise],
    or: [Function: bound or],
    and: [Function: bound and],
    transform: [Function: bound transform],
    brand: [Function: bound brand],
    default: [Function: bound default],
    catch: [Function: bound catch],
    describe: [Function: bound describe],
    pipe: [Function: bound pipe],
    readonly: [Function: bound readonly],
    isNullable: [Function: bound isNullable],
    isOptional: [Function: bound isOptional],
    '~standard': { version: 1, vendor: 'zod', validate: [Function: validate] },
    _cached: { shape: [Object], keys: [Array] },
    nonstrict: [Function: passthrough],
    augment: [Function: extend]
  },
  call: [AsyncFunction (anonymous)]
}
[2026-02-12T21:20:11.337+08:00] locateFields [ 'locate' ]
[2026-02-12T21:20:16.831+08:00] actionInActionSpace matched {
  name: 'Tap',
  description: 'Tap the element',
  interfaceAlias: 'aiTap',
  paramSchema: ZodObject {
    spa: [Function: bound safeParseAsync] AsyncFunction,
    _def: {
      shape: [Function: shape],
      unknownKeys: 'strip',
      catchall: [ZodNever],
      typeName: 'ZodObject'
    },
    parse: [Function: bound parse],
    safeParse: [Function: bound safeParse],
    parseAsync: [Function: bound parseAsync] AsyncFunction,
    safeParseAsync: [Function: bound safeParseAsync] AsyncFunction,
    refine: [Function: bound refine],
    refinement: [Function: bound refinement],
    superRefine: [Function: bound superRefine],
    optional: [Function: bound optional],
    nullable: [Function: bound nullable],
    nullish: [Function: bound nullish],
    array: [Function: bound array],
    promise: [Function: bound promise],
    or: [Function: bound or],
    and: [Function: bound and],
    transform: [Function: bound transform],
    brand: [Function: bound brand],
    default: [Function: bound default],
    catch: [Function: bound catch],
    describe: [Function: bound describe],
    pipe: [Function: bound pipe],
    readonly: [Function: bound readonly],
    isNullable: [Function: bound isNullable],
    isOptional: [Function: bound isOptional],
    '~standard': { version: 1, vendor: 'zod', validate: [Function: validate] },
    _cached: { shape: [Object], keys: [Array] },
    nonstrict: [Function: passthrough],
    augment: [Function: extend]
  },
  call: [AsyncFunction (anonymous)]
}
[2026-02-12T21:20:16.831+08:00] locateFields [ 'locate' ]
[2026-02-12T21:20:22.705+08:00] actionInActionSpace matched {
  name: 'Tap',
  description: 'Tap the element',
  interfaceAlias: 'aiTap',
  paramSchema: ZodObject {
    spa: [Function: bound safeParseAsync] AsyncFunction,
    _def: {
      shape: [Function: shape],
      unknownKeys: 'strip',
      catchall: [ZodNever],
      typeName: 'ZodObject'
    },
    parse: [Function: bound parse],
    safeParse: [Function: bound safeParse],
    parseAsync: [Function: bound parseAsync] AsyncFunction,
    safeParseAsync: [Function: bound safeParseAsync] AsyncFunction,
    refine: [Function: bound refine],
    refinement: [Function: bound refinement],
    superRefine: [Function: bound superRefine],
    optional: [Function: bound optional],
    nullable: [Function: bound nullable],
    nullish: [Function: bound nullish],
    array: [Function: bound array],
    promise: [Function: bound promise],
    or: [Function: bound or],
    and: [Function: bound and],
    transform: [Function: bound transform],
    brand: [Function: bound brand],
    default: [Function: bound default],
    catch: [Function: bound catch],
    describe: [Function: bound describe],
    pipe: [Function: bound pipe],
    readonly: [Function: bound readonly],
    isNullable: [Function: bound isNullable],
    isOptional: [Function: bound isOptional],
    '~standard': { version: 1, vendor: 'zod', validate: [Function: validate] },
    _cached: { shape: [Object], keys: [Array] },
    nonstrict: [Function: passthrough],
    augment: [Function: extend]
  },
  call: [AsyncFunction (anonymous)]
}
[2026-02-12T21:20:22.705+08:00] locateFields [ 'locate' ]
[2026-02-12T21:20:28.902+08:00] actionInActionSpace matched {
  name: 'Tap',
  description: 'Tap the element',
  interfaceAlias: 'aiTap',
  paramSchema: ZodObject {
    spa: [Function: bound safeParseAsync] AsyncFunction,
    _def: {
      shape: [Function: shape],
      unknownKeys: 'strip',
      catchall: [ZodNever],
      typeName: 'ZodObject'
    },
    parse: [Function: bound parse],
    safeParse: [Function: bound safeParse],
    parseAsync: [Function: bound parseAsync] AsyncFunction,
    safeParseAsync: [Function: bound safeParseAsync] AsyncFunction,
    refine: [Function: bound refine],
    refinement: [Function: bound refinement],
    superRefine: [Function: bound superRefine],
    optional: [Function: bound optional],
    nullable: [Function: bound nullable],
    nullish: [Function: bound nullish],
    array: [Function: bound array],
    promise: [Function: bound promise],
    or: [Function: bound or],
    and: [Function: bound and],
    transform: [Function: bound transform],
    brand: [Function: bound brand],
    default: [Function: bound default],
    catch: [Function: bound catch],
    describe: [Function: bound describe],
    pipe: [Function: bound pipe],
    readonly: [Function: bound readonly],
    isNullable: [Function: bound isNullable],
    isOptional: [Function: bound isOptional],
    '~standard': { version: 1, vendor: 'zod', validate: [Function: validate] },
    _cached: { shape: [Object], keys: [Array] },
    nonstrict: [Function: passthrough],
    augment: [Function: extend]
  },
  call: [AsyncFunction (anonymous)]
}
[2026-02-12T21:20:28.902+08:00] locateFields [ 'locate' ]
[2026-02-12T21:20:34.969+08:00] actionInActionSpace matched {
  name: 'Tap',
  description: 'Tap the element',
  interfaceAlias: 'aiTap',
  paramSchema: ZodObject {
    spa: [Function: bound safeParseAsync] AsyncFunction,
    _def: {
      shape: [Function: shape],
      unknownKeys: 'strip',
      catchall: [ZodNever],
      typeName: 'ZodObject'
    },
    parse: [Function: bound parse],
    safeParse: [Function: bound safeParse],
    parseAsync: [Function: bound parseAsync] AsyncFunction,
    safeParseAsync: [Function: bound safeParseAsync] AsyncFunction,
    refine: [Function: bound refine],
    refinement: [Function: bound refinement],
    superRefine: [Function: bound superRefine],
    optional: [Function: bound optional],
    nullable: [Function: bound nullable],
    nullish: [Function: bound nullish],
    array: [Function: bound array],
    promise: [Function: bound promise],
    or: [Function: bound or],
    and: [Function: bound and],
    transform: [Function: bound transform],
    brand: [Function: bound brand],
    default: [Function: bound default],
    catch: [Function: bound catch],
    describe: [Function: bound describe],
    pipe: [Function: bound pipe],
    readonly: [Function: bound readonly],
    isNullable: [Function: bound isNullable],
    isOptional: [Function: bound isOptional],
    '~standard': { version: 1, vendor: 'zod', validate: [Function: validate] },
    _cached: { shape: [Object], keys: [Array] },
    nonstrict: [Function: passthrough],
    augment: [Function: extend]
  },
  call: [AsyncFunction (anonymous)]
}
[2026-02-12T21:20:34.969+08:00] locateFields [ 'locate' ]
[2026-02-12T21:20:40.753+08:00] actionInActionSpace matched {
  name: 'Tap',
  description: 'Tap the element',
  interfaceAlias: 'aiTap',
  paramSchema: ZodObject {
    spa: [Function: bound safeParseAsync] AsyncFunction,
    _def: {
      shape: [Function: shape],
      unknownKeys: 'strip',
      catchall: [ZodNever],
      typeName: 'ZodObject'
    },
    parse: [Function: bound parse],
    safeParse: [Function: bound safeParse],
    parseAsync: [Function: bound parseAsync] AsyncFunction,
    safeParseAsync: [Function: bound safeParseAsync] AsyncFunction,
    refine: [Function: bound refine],
    refinement: [Function: bound refinement],
    superRefine: [Function: bound superRefine],
    optional: [Function: bound optional],
    nullable: [Function: bound nullable],
    nullish: [Function: bound nullish],
    array: [Function: bound array],
    promise: [Function: bound promise],
    or: [Function: bound or],
    and: [Function: bound and],
    transform: [Function: bound transform],
    brand: [Function: bound brand],
    default: [Function: bound default],
    catch: [Function: bound catch],
    describe: [Function: bound describe],
    pipe: [Function: bound pipe],
    readonly: [Function: bound readonly],
    isNullable: [Function: bound isNullable],
    isOptional: [Function: bound isOptional],
    '~standard': { version: 1, vendor: 'zod', validate: [Function: validate] },
    _cached: { shape: [Object], keys: [Array] },
    nonstrict: [Function: passthrough],
    augment: [Function: extend]
  },
  call: [AsyncFunction (anonymous)]
}
[2026-02-12T21:20:40.753+08:00] locateFields [ 'locate' ]
[2026-02-12T21:20:43.852+08:00] actionInActionSpace matched {
  name: 'KeyboardPress',
  description: 'Press a key or key combination, like "Enter", "Tab", "Escape", or "Control+A", "Shift+Enter". Do not use this to type text.',
  interfaceAlias: 'aiKeyboardPress',
  paramSchema: ZodObject {
    spa: [Function: bound safeParseAsync] AsyncFunction,
    _def: {
      shape: [Function: shape],
      unknownKeys: 'strip',
      catchall: [ZodNever],
      typeName: 'ZodObject'
    },
    parse: [Function: bound parse],
    safeParse: [Function: bound safeParse],
    parseAsync: [Function: bound parseAsync] AsyncFunction,
    safeParseAsync: [Function: bound safeParseAsync] AsyncFunction,
    refine: [Function: bound refine],
    refinement: [Function: bound refinement],
    superRefine: [Function: bound superRefine],
    optional: [Function: bound optional],
    nullable: [Function: bound nullable],
    nullish: [Function: bound nullish],
    array: [Function: bound array],
    promise: [Function: bound promise],
    or: [Function: bound or],
    and: [Function: bound and],
    transform: [Function: bound transform],
    brand: [Function: bound brand],
    default: [Function: bound default],
    catch: [Function: bound catch],
    describe: [Function: bound describe],
    pipe: [Function: bound pipe],
    readonly: [Function: bound readonly],
    isNullable: [Function: bound isNullable],
    isOptional: [Function: bound isOptional],
    '~standard': { version: 1, vendor: 'zod', validate: [Function: validate] },
    _cached: null,
    nonstrict: [Function: passthrough],
    augment: [Function: extend]
  },
  call: [AsyncFunction (anonymous)]
}
[2026-02-12T21:20:43.852+08:00] locateFields [ 'locate' ]
[2026-02-12T21:20:47.635+08:00] goal completed via complete-goal tag, stop planning
[2026-02-12T21:20:48.822+08:00] goal completed via complete-goal tag, stop planning
[2026-02-12T21:22:54.614+08:00] actionInActionSpace matched {
  name: 'Tap',
  description: 'Tap the element',
  interfaceAlias: 'aiTap',
  paramSchema: ZodObject {
    spa: [Function: bound safeParseAsync] AsyncFunction,
    _def: {
      shape: [Function: shape],
      unknownKeys: 'strip',
      catchall: [ZodNever],
      typeName: 'ZodObject'
    },
    parse: [Function: bound parse],
    safeParse: [Function: bound safeParse],
    parseAsync: [Function: bound parseAsync] AsyncFunction,
    safeParseAsync: [Function: bound safeParseAsync] AsyncFunction,
    refine: [Function: bound refine],
    refinement: [Function: bound refinement],
    superRefine: [Function: bound superRefine],
    optional: [Function: bound optional],
    nullable: [Function: bound nullable],
    nullish: [Function: bound nullish],
    array: [Function: bound array],
    promise: [Function: bound promise],
    or: [Function: bound or],
    and: [Function: bound and],
    transform: [Function: bound transform],
    brand: [Function: bound brand],
    default: [Function: bound default],
    catch: [Function: bound catch],
    describe: [Function: bound describe],
    pipe: [Function: bound pipe],
    readonly: [Function: bound readonly],
    isNullable: [Function: bound isNullable],
    isOptional: [Function: bound isOptional],
    '~standard': { version: 1, vendor: 'zod', validate: [Function: validate] },
    _cached: { shape: [Object], keys: [Array] },
    nonstrict: [Function: passthrough],
    augment: [Function: extend]
  },
  call: [AsyncFunction (anonymous)]
}
[2026-02-12T21:22:54.614+08:00] locateFields [ 'locate' ]
[2026-02-12T21:22:59.771+08:00] goal completed via complete-goal tag, stop planning
[2026-02-12T21:23:18.856+08:00] actionInActionSpace matched {
  name: 'Input',
  description: 'Input text into the input field',
  interfaceAlias: 'aiInput',
  paramSchema: ZodObject {
    spa: [Function: bound safeParseAsync] AsyncFunction,
    _def: {
      shape: [Function: shape],
      unknownKeys: 'strip',
      catchall: [ZodNever],
      typeName: 'ZodObject'
    },
    parse: [Function: bound parse],
    safeParse: [Function: bound safeParse],
    parseAsync: [Function: bound parseAsync] AsyncFunction,
    safeParseAsync: [Function: bound safeParseAsync] AsyncFunction,
    refine: [Function: bound refine],
    refinement: [Function: bound refinement],
    superRefine: [Function: bound superRefine],
    optional: [Function: bound optional],
    nullable: [Function: bound nullable],
    nullish: [Function: bound nullish],
    array: [Function: bound array],
    promise: [Function: bound promise],
    or: [Function: bound or],
    and: [Function: bound and],
    transform: [Function: bound transform],
    brand: [Function: bound brand],
    default: [Function: bound default],
    catch: [Function: bound catch],
    describe: [Function: bound describe],
    pipe: [Function: bound pipe],
    readonly: [Function: bound readonly],
    isNullable: [Function: bound isNullable],
    isOptional: [Function: bound isOptional],
    '~standard': { version: 1, vendor: 'zod', validate: [Function: validate] },
    _cached: { shape: [Object], keys: [Array] },
    nonstrict: [Function: passthrough],
    augment: [Function: extend]
  },
  call: [AsyncFunction: call]
}
[2026-02-12T21:23:18.856+08:00] locateFields [ 'locate' ]
[2026-02-12T21:23:25.139+08:00] goal completed via complete-goal tag, stop planning
[2026-02-12T21:23:42.395+08:00] actionInActionSpace matched {
  name: 'Tap',
  description: 'Tap the element',
  interfaceAlias: 'aiTap',
  paramSchema: ZodObject {
    spa: [Function: bound safeParseAsync] AsyncFunction,
    _def: {
      shape: [Function: shape],
      unknownKeys: 'strip',
      catchall: [ZodNever],
      typeName: 'ZodObject'
    },
    parse: [Function: bound parse],
    safeParse: [Function: bound safeParse],
    parseAsync: [Function: bound parseAsync] AsyncFunction,
    safeParseAsync: [Function: bound safeParseAsync] AsyncFunction,
    refine: [Function: bound refine],
    refinement: [Function: bound refinement],
    superRefine: [Function: bound superRefine],
    optional: [Function: bound optional],
    nullable: [Function: bound nullable],
    nullish: [Function: bound nullish],
    array: [Function: bound array],
    promise: [Function: bound promise],
    or: [Function: bound or],
    and: [Function: bound and],
    transform: [Function: bound transform],
    brand: [Function: bound brand],
    default: [Function: bound default],
    catch: [Function: bound catch],
    describe: [Function: bound describe],
    pipe: [Function: bound pipe],
    readonly: [Function: bound readonly],
    isNullable: [Function: bound isNullable],
    isOptional: [Function: bound isOptional],
    '~standard': { version: 1, vendor: 'zod', validate: [Function: validate] },
    _cached: { shape: [Object], keys: [Array] },
    nonstrict: [Function: passthrough],
    augment: [Function: extend]
  },
  call: [AsyncFunction (anonymous)]
}
[2026-02-12T21:23:42.395+08:00] locateFields [ 'locate' ]
[2026-02-12T21:23:47.148+08:00] goal completed via complete-goal tag, stop planning
[2026-02-12T21:24:03.913+08:00] actionInActionSpace matched {
  name: 'Sleep',
  description: 'Wait for a specified duration before continuing. Defaults to 1 second (1000ms) if not specified.',
  paramSchema: ZodObject {
    spa: [Function: bound safeParseAsync] AsyncFunction,
    _def: {
      shape: [Function: shape],
      unknownKeys: 'strip',
      catchall: [ZodNever],
      typeName: 'ZodObject'
    },
    parse: [Function: bound parse],
    safeParse: [Function: bound safeParse],
    parseAsync: [Function: bound parseAsync] AsyncFunction,
    safeParseAsync: [Function: bound safeParseAsync] AsyncFunction,
    refine: [Function: bound refine],
    refinement: [Function: bound refinement],
    superRefine: [Function: bound superRefine],
    optional: [Function: bound optional],
    nullable: [Function: bound nullable],
    nullish: [Function: bound nullish],
    array: [Function: bound array],
    promise: [Function: bound promise],
    or: [Function: bound or],
    and: [Function: bound and],
    transform: [Function: bound transform],
    brand: [Function: bound brand],
    default: [Function: bound default],
    catch: [Function: bound catch],
    describe: [Function: bound describe],
    pipe: [Function: bound pipe],
    readonly: [Function: bound readonly],
    isNullable: [Function: bound isNullable],
    isOptional: [Function: bound isOptional],
    '~standard': { version: 1, vendor: 'zod', validate: [Function: validate] },
    _cached: { shape: [Object], keys: [Array] },
    nonstrict: [Function: passthrough],
    augment: [Function: extend]
  },
  call: [AsyncFunction: call]
}
[2026-02-12T21:24:03.913+08:00] locateFields []
[2026-02-12T21:24:13.667+08:00] goal completed via complete-goal tag, stop planning
[2026-02-12T21:24:30.823+08:00] actionInActionSpace matched {
  name: 'Sleep',
  description: 'Wait for a specified duration before continuing. Defaults to 1 second (1000ms) if not specified.',
  paramSchema: ZodObject {
    spa: [Function: bound safeParseAsync] AsyncFunction,
    _def: {
      shape: [Function: shape],
      unknownKeys: 'strip',
      catchall: [ZodNever],
      typeName: 'ZodObject'
    },
    parse: [Function: bound parse],
    safeParse: [Function: bound safeParse],
    parseAsync: [Function: bound parseAsync] AsyncFunction,
    safeParseAsync: [Function: bound safeParseAsync] AsyncFunction,
    refine: [Function: bound refine],
    refinement: [Function: bound refinement],
    superRefine: [Function: bound superRefine],
    optional: [Function: bound optional],
    nullable: [Function: bound nullable],
    nullish: [Function: bound nullish],
    array: [Function: bound array],
    promise: [Function: bound promise],
    or: [Function: bound or],
    and: [Function: bound and],
    transform: [Function: bound transform],
    brand: [Function: bound brand],
    default: [Function: bound default],
    catch: [Function: bound catch],
    describe: [Function: bound describe],
    pipe: [Function: bound pipe],
    readonly: [Function: bound readonly],
    isNullable: [Function: bound isNullable],
    isOptional: [Function: bound isOptional],
    '~standard': { version: 1, vendor: 'zod', validate: [Function: validate] },
    _cached: { shape: [Object], keys: [Array] },
    nonstrict: [Function: passthrough],
    augment: [Function: extend]
  },
  call: [AsyncFunction: call]
}
[2026-02-12T21:24:30.823+08:00] locateFields []
[2026-02-12T21:24:44.387+08:00] goal completed via complete-goal tag, stop planning
[2026-02-13T18:10:45.832+08:00] actionInActionSpace matched {
  name: 'Tap',
  description: 'Tap the element',
  interfaceAlias: 'aiTap',
  paramSchema: ZodObject {
    spa: [Function: bound safeParseAsync] AsyncFunction,
    _def: {
      shape: [Function: shape],
      unknownKeys: 'strip',
      catchall: [ZodNever],
      typeName: 'ZodObject'
    },
    parse: [Function: bound parse],
    safeParse: [Function: bound safeParse],
    parseAsync: [Function: bound parseAsync] AsyncFunction,
    safeParseAsync: [Function: bound safeParseAsync] AsyncFunction,
    refine: [Function: bound refine],
    refinement: [Function: bound refinement],
    superRefine: [Function: bound superRefine],
    optional: [Function: bound optional],
    nullable: [Function: bound nullable],
    nullish: [Function: bound nullish],
    array: [Function: bound array],
    promise: [Function: bound promise],
    or: [Function: bound or],
    and: [Function: bound and],
    transform: [Function: bound transform],
    brand: [Function: bound brand],
    default: [Function: bound default],
    catch: [Function: bound catch],
    describe: [Function: bound describe],
    pipe: [Function: bound pipe],
    readonly: [Function: bound readonly],
    isNullable: [Function: bound isNullable],
    isOptional: [Function: bound isOptional],
    '~standard': { version: 1, vendor: 'zod', validate: [Function: validate] },
    _cached: null,
    nonstrict: [Function: passthrough],
    augment: [Function: extend]
  },
  call: [AsyncFunction (anonymous)]
}
[2026-02-13T18:10:45.833+08:00] locateFields [ 'locate' ]
[2026-02-13T18:10:50.226+08:00] task completed via <complete> tag, stop planning
